ISO-10303-21;
HEADER;
/* Generated by software containing ST-Developer
 * from STEP Tools, Inc. (www.steptools.com) 
 */

FILE_DESCRIPTION(
/* description */ (''),
/* implementation_level */ '2;1');

FILE_NAME(
/* name */ 
'C:\\_WORKSPACE\\DATA\\PROJECTS\\_PROJECTS BY LAB\\AIC\\DESANTIS\\LIGH
TSHEETHOLDER\\LIGHTSHEETHOLDER V18R.stp',
/* time_stamp */ '2022-10-31T16:48:00-04:00',
/* author */ ('talbotj'),
/* organization */ (''),
/* preprocessor_version */ 'ST-DEVELOPER v18.1',
/* originating_system */ 'Autodesk Inventor 2020',
/* authorisation */ '');

FILE_SCHEMA (('AUTOMOTIVE_DESIGN { 1 0 10303 214 3 1 1 }'));
ENDSEC;

DATA;
#10=MECHANICAL_DESIGN_GEOMETRIC_PRESENTATION_REPRESENTATION('',(#13),#6755);
#11=SHAPE_REPRESENTATION_RELATIONSHIP('SRR','None',#6765,#12);
#12=ADVANCED_BREP_SHAPE_REPRESENTATION('',(#14),#6754);
#13=STYLED_ITEM('',(#6774),#14);
#14=MANIFOLD_SOLID_BREP('Solid1',#3624);
#15=CONICAL_SURFACE('',#3957,0.0640551181102362,0.785398163397447);
#16=CONICAL_SURFACE('',#4031,0.0472440944881889,0.321750554396642);
#17=SPHERICAL_SURFACE('',#3767,0.00999999999999999);
#18=SPHERICAL_SURFACE('',#3771,0.01);
#19=SPHERICAL_SURFACE('',#3774,0.0100000000000005);
#20=SPHERICAL_SURFACE('',#3778,0.01);
#21=SPHERICAL_SURFACE('',#3782,0.0100000000000001);
#22=SPHERICAL_SURFACE('',#3787,0.00999999999999999);
#23=SPHERICAL_SURFACE('',#3792,0.01);
#24=SPHERICAL_SURFACE('',#3796,0.00999999999999999);
#25=SPHERICAL_SURFACE('',#3802,0.00999999999999999);
#26=SPHERICAL_SURFACE('',#3807,0.00999999999999999);
#27=FACE_BOUND('',#1052,.T.);
#28=FACE_BOUND('',#1096,.T.);
#29=FACE_BOUND('',#1097,.T.);
#30=FACE_BOUND('',#1098,.T.);
#31=FACE_BOUND('',#1099,.T.);
#32=FACE_BOUND('',#1154,.T.);
#33=FACE_BOUND('',#1155,.T.);
#34=FACE_BOUND('',#1216,.T.);
#35=B_SPLINE_CURVE_WITH_KNOTS('',3,(#5323,#5324,#5325,#5326,#5327,#5328,
#5329,#5330,#5331,#5332,#5333,#5334,#5335,#5336),.UNSPECIFIED.,.F.,.F.,
(4,2,2,2,2,2,4),(-0.0462672006311918,-0.0448494130183171,-0.0366532767033383,
-0.0279463641943292,-0.0159968952948706,0.,0.00020739710868545),
 .UNSPECIFIED.);
#36=B_SPLINE_CURVE_WITH_KNOTS('',3,(#5361,#5362,#5363,#5364),
 .UNSPECIFIED.,.F.,.F.,(4,4),(-0.135714467098281,-2.43356451650559E-18),
 .UNSPECIFIED.);
#37=B_SPLINE_CURVE_WITH_KNOTS('',3,(#5365,#5366,#5367,#5368),
 .UNSPECIFIED.,.F.,.F.,(4,4),(2.43356451650559E-18,0.135714467098281),
 .UNSPECIFIED.);
#38=B_SPLINE_CURVE_WITH_KNOTS('',3,(#5377,#5378,#5379,#5380),
 .UNSPECIFIED.,.F.,.F.,(4,4),(0.0349839458006773,0.0378200634792514),
 .UNSPECIFIED.);
#39=B_SPLINE_CURVE_WITH_KNOTS('',3,(#5416,#5417,#5418,#5419),
 .UNSPECIFIED.,.F.,.F.,(4,4),(-0.135714923315047,0.),.UNSPECIFIED.);
#40=B_SPLINE_CURVE_WITH_KNOTS('',3,(#5420,#5421,#5422,#5423),
 .UNSPECIFIED.,.F.,.F.,(4,4),(0.,0.135714923315047),.UNSPECIFIED.);
#41=B_SPLINE_CURVE_WITH_KNOTS('',3,(#5427,#5428,#5429,#5430,#5431,#5432,
#5433,#5434,#5435,#5436,#5437,#5438,#5439,#5440),.UNSPECIFIED.,.F.,.F.,
(4,2,2,2,2,2,4),(-0.0535302431602534,-0.0533250416805377,-0.037497499020261,
-0.0256745342956892,-0.0170597983337765,-0.00895043118574018,-0.0075476531145985),
 .UNSPECIFIED.);
#42=B_SPLINE_CURVE_WITH_KNOTS('',3,(#5448,#5449,#5450,#5451),
 .UNSPECIFIED.,.F.,.F.,(4,4),(0.11351234850123,0.116348466179804),
 .UNSPECIFIED.);
#43=B_SPLINE_CURVE_WITH_KNOTS('',2,(#5664,#5665,#5666,#5667),
 .UNSPECIFIED.,.F.,.F.,(3,1,3),(0.,1.,2.),.UNSPECIFIED.);
#44=B_SPLINE_CURVE_WITH_KNOTS('',2,(#5669,#5670,#5671,#5672),
 .UNSPECIFIED.,.F.,.F.,(3,1,3),(0.,1.,2.),.UNSPECIFIED.);
#45=B_SPLINE_CURVE_WITH_KNOTS('',2,(#5674,#5675,#5676,#5677),
 .UNSPECIFIED.,.F.,.F.,(3,1,3),(0.,1.,2.),.UNSPECIFIED.);
#46=B_SPLINE_CURVE_WITH_KNOTS('',2,(#5707,#5708,#5709,#5710),
 .UNSPECIFIED.,.F.,.F.,(3,1,3),(0.,1.,2.),.UNSPECIFIED.);
#47=B_SPLINE_CURVE_WITH_KNOTS('',2,(#5732,#5733,#5734,#5735),
 .UNSPECIFIED.,.F.,.F.,(3,1,3),(0.,1.,2.),.UNSPECIFIED.);
#48=B_SPLINE_CURVE_WITH_KNOTS('',2,(#5739,#5740,#5741,#5742),
 .UNSPECIFIED.,.F.,.F.,(3,1,3),(0.,1.,2.),.UNSPECIFIED.);
#49=B_SPLINE_CURVE_WITH_KNOTS('',2,(#5744,#5745,#5746,#5747),
 .UNSPECIFIED.,.F.,.F.,(3,1,3),(0.,1.,2.),.UNSPECIFIED.);
#50=B_SPLINE_CURVE_WITH_KNOTS('',2,(#5749,#5750,#5751,#5752),
 .UNSPECIFIED.,.F.,.F.,(3,1,3),(0.,1.,2.),.UNSPECIFIED.);
#51=B_SPLINE_CURVE_WITH_KNOTS('',2,(#5754,#5755,#5756,#5757),
 .UNSPECIFIED.,.F.,.F.,(3,1,3),(0.,1.,2.),.UNSPECIFIED.);
#52=B_SPLINE_CURVE_WITH_KNOTS('',2,(#5759,#5760,#5761,#5762),
 .UNSPECIFIED.,.F.,.F.,(3,1,3),(0.,1.,2.),.UNSPECIFIED.);
#53=B_SPLINE_CURVE_WITH_KNOTS('',2,(#5766,#5767,#5768,#5769),
 .UNSPECIFIED.,.F.,.F.,(3,1,3),(0.,1.,2.),.UNSPECIFIED.);
#54=B_SPLINE_CURVE_WITH_KNOTS('',2,(#5771,#5772,#5773,#5774),
 .UNSPECIFIED.,.F.,.F.,(3,1,3),(0.,1.,2.),.UNSPECIFIED.);
#55=B_SPLINE_CURVE_WITH_KNOTS('',2,(#5775,#5776,#5777,#5778),
 .UNSPECIFIED.,.F.,.F.,(3,1,3),(0.,1.,2.),.UNSPECIFIED.);
#56=B_SPLINE_CURVE_WITH_KNOTS('',3,(#6015,#6016,#6017,#6018,#6019,#6020,
#6021),.UNSPECIFIED.,.F.,.F.,(4,3,4),(-0.0319793693327479,-0.015989684666374,
0.),.UNSPECIFIED.);
#57=B_SPLINE_CURVE_WITH_KNOTS('',3,(#6023,#6024,#6025,#6026,#6027,#6028,
#6029),.UNSPECIFIED.,.F.,.F.,(4,3,4),(-0.0435443918809985,-0.0217721959404993,
0.),.UNSPECIFIED.);
#58=B_SPLINE_CURVE_WITH_KNOTS('',3,(#6031,#6032,#6033,#6034,#6035,#6036,
#6037),.UNSPECIFIED.,.F.,.F.,(4,3,4),(-0.0973421283536871,-0.0486710641768435,
0.),.UNSPECIFIED.);
#59=B_SPLINE_CURVE_WITH_KNOTS('',3,(#6039,#6040,#6041,#6042,#6043,#6044,
#6045),.UNSPECIFIED.,.F.,.F.,(4,3,4),(-0.0447959179396689,-0.0223979589698344,
0.),.UNSPECIFIED.);
#60=B_SPLINE_CURVE_WITH_KNOTS('',3,(#6049,#6050,#6051,#6052,#6053,#6054,
#6055),.UNSPECIFIED.,.F.,.F.,(4,3,4),(-0.0658490964151525,-0.0329245482075763,
0.),.UNSPECIFIED.);
#61=B_SPLINE_CURVE_WITH_KNOTS('',3,(#6057,#6058,#6059,#6060,#6061,#6062,
#6063),.UNSPECIFIED.,.F.,.F.,(4,3,4),(-0.0604355797032496,-0.0302177898516248,
0.),.UNSPECIFIED.);
#62=B_SPLINE_CURVE_WITH_KNOTS('',3,(#6065,#6066,#6067,#6068,#6069,#6070,
#6071),.UNSPECIFIED.,.F.,.F.,(4,3,4),(-0.0962243324728579,-0.048112166236429,
0.),.UNSPECIFIED.);
#63=B_SPLINE_CURVE_WITH_KNOTS('',3,(#6073,#6074,#6075,#6076,#6077,#6078,
#6079),.UNSPECIFIED.,.F.,.F.,(4,3,4),(-0.0337507118291579,-0.0168753559145789,
0.),.UNSPECIFIED.);
#64=B_SPLINE_CURVE_WITH_KNOTS('',3,(#6082,#6083,#6084,#6085,#6086,#6087,
#6088),.UNSPECIFIED.,.F.,.F.,(4,3,4),(-0.0799689359727074,-0.0399844679863537,
0.),.UNSPECIFIED.);
#65=B_SPLINE_CURVE_WITH_KNOTS('',3,(#6091,#6092,#6093,#6094,#6095,#6096,
#6097),.UNSPECIFIED.,.F.,.F.,(4,3,4),(-0.042974982654514,-0.021487491327257,
0.),.UNSPECIFIED.);
#66=B_SPLINE_CURVE_WITH_KNOTS('',3,(#6099,#6100,#6101,#6102,#6103,#6104,
#6105),.UNSPECIFIED.,.F.,.F.,(4,3,4),(-0.0449507496322626,-0.0224753748161313,
0.),.UNSPECIFIED.);
#67=B_SPLINE_CURVE_WITH_KNOTS('',3,(#6107,#6108,#6109,#6110,#6111,#6112,
#6113),.UNSPECIFIED.,.F.,.F.,(4,3,4),(-0.0528371119682791,-0.0264185559841396,
0.),.UNSPECIFIED.);
#68=B_SPLINE_CURVE_WITH_KNOTS('',3,(#6115,#6116,#6117,#6118,#6119,#6120,
#6121),.UNSPECIFIED.,.F.,.F.,(4,3,4),(-0.0256133083101836,-0.0128066541550918,
0.),.UNSPECIFIED.);
#69=B_SPLINE_CURVE_WITH_KNOTS('',3,(#6122,#6123,#6124,#6125,#6126,#6127,
#6128),.UNSPECIFIED.,.F.,.F.,(4,3,4),(-0.0358765973347915,-0.0179382986673958,
0.),.UNSPECIFIED.);
#70=B_SPLINE_CURVE_WITH_KNOTS('',3,(#6131,#6132,#6133,#6134,#6135,#6136,
#6137),.UNSPECIFIED.,.F.,.F.,(4,3,4),(-0.0276702648729162,-0.0138351324364581,
0.),.UNSPECIFIED.);
#71=B_SPLINE_CURVE_WITH_KNOTS('',3,(#6139,#6140,#6141,#6142,#6143,#6144,
#6145),.UNSPECIFIED.,.F.,.F.,(4,3,4),(-0.0486571926724727,-0.0243285963362364,
0.),.UNSPECIFIED.);
#72=B_SPLINE_CURVE_WITH_KNOTS('',3,(#6147,#6148,#6149,#6150,#6151,#6152,
#6153),.UNSPECIFIED.,.F.,.F.,(4,3,4),(-0.0264112638369825,-0.0132056319184913,
0.),.UNSPECIFIED.);
#73=B_SPLINE_CURVE_WITH_KNOTS('',3,(#6155,#6156,#6157,#6158,#6159,#6160,
#6161),.UNSPECIFIED.,.F.,.F.,(4,3,4),(-0.0289744649137916,-0.0144872324568958,
0.),.UNSPECIFIED.);
#74=B_SPLINE_CURVE_WITH_KNOTS('',3,(#6162,#6163,#6164,#6165,#6166,#6167,
#6168),.UNSPECIFIED.,.F.,.F.,(4,3,4),(-0.0341737276282752,-0.0170868638141376,
0.),.UNSPECIFIED.);
#75=B_SPLINE_CURVE_WITH_KNOTS('',2,(#6179,#6180,#6181,#6182),
 .UNSPECIFIED.,.F.,.F.,(3,1,3),(0.,1.,2.),.UNSPECIFIED.);
#76=B_SPLINE_CURVE_WITH_KNOTS('',2,(#6194,#6195,#6196,#6197),
 .UNSPECIFIED.,.F.,.F.,(3,1,3),(0.,1.,2.),.UNSPECIFIED.);
#77=B_SPLINE_CURVE_WITH_KNOTS('',2,(#6208,#6209,#6210,#6211),
 .UNSPECIFIED.,.F.,.F.,(3,1,3),(0.,1.,2.),.UNSPECIFIED.);
#78=B_SPLINE_CURVE_WITH_KNOTS('',2,(#6223,#6224,#6225,#6226),
 .UNSPECIFIED.,.F.,.F.,(3,1,3),(0.,1.,2.),.UNSPECIFIED.);
#79=B_SPLINE_CURVE_WITH_KNOTS('',2,(#6238,#6239,#6240,#6241),
 .UNSPECIFIED.,.F.,.F.,(3,1,3),(0.,1.,2.),.UNSPECIFIED.);
#80=B_SPLINE_CURVE_WITH_KNOTS('',2,(#6252,#6253,#6254,#6255),
 .UNSPECIFIED.,.F.,.F.,(3,1,3),(0.,1.,2.),.UNSPECIFIED.);
#81=B_SPLINE_CURVE_WITH_KNOTS('',2,(#6314,#6315,#6316,#6317),
 .UNSPECIFIED.,.F.,.F.,(3,1,3),(0.,1.,2.),.UNSPECIFIED.);
#82=B_SPLINE_CURVE_WITH_KNOTS('',2,(#6327,#6328,#6329,#6330),
 .UNSPECIFIED.,.F.,.F.,(3,1,3),(0.,1.,2.),.UNSPECIFIED.);
#83=B_SPLINE_CURVE_WITH_KNOTS('',2,(#6340,#6341,#6342,#6343),
 .UNSPECIFIED.,.F.,.F.,(3,1,3),(0.,1.,2.),.UNSPECIFIED.);
#84=B_SPLINE_CURVE_WITH_KNOTS('',2,(#6353,#6354,#6355,#6356),
 .UNSPECIFIED.,.F.,.F.,(3,1,3),(0.,1.,2.),.UNSPECIFIED.);
#85=B_SPLINE_CURVE_WITH_KNOTS('',3,(#6405,#6406,#6407,#6408,#6409,#6410,
#6411),.UNSPECIFIED.,.F.,.F.,(4,3,4),(-0.0314009065543566,-0.0157004532771783,
0.),.UNSPECIFIED.);
#86=B_SPLINE_CURVE_WITH_KNOTS('',2,(#6513,#6514,#6515,#6516),
 .UNSPECIFIED.,.F.,.F.,(3,1,3),(0.,1.,2.),.UNSPECIFIED.);
#87=B_SPLINE_CURVE_WITH_KNOTS('',3,(#6520,#6521,#6522,#6523,#6524,#6525,
#6526),.UNSPECIFIED.,.F.,.F.,(4,3,4),(-0.0273414027523347,-0.0136707013761674,
0.),.UNSPECIFIED.);
#88=B_SPLINE_CURVE_WITH_KNOTS('',2,(#6537,#6538,#6539,#6540),
 .UNSPECIFIED.,.F.,.F.,(3,1,3),(0.,1.,2.),.UNSPECIFIED.);
#89=B_SPLINE_CURVE_WITH_KNOTS('',3,(#6542,#6543,#6544,#6545,#6546,#6547,
#6548),.UNSPECIFIED.,.F.,.F.,(4,3,4),(-0.0565821890732571,-0.0282910945366285,
0.),.UNSPECIFIED.);
#90=B_SPLINE_CURVE_WITH_KNOTS('',3,(#6578,#6579,#6580,#6581,#6582,#6583,
#6584),.UNSPECIFIED.,.F.,.F.,(4,3,4),(-0.0553663931273153,-0.0276831965636576,
0.),.UNSPECIFIED.);
#91=B_SPLINE_CURVE_WITH_KNOTS('',3,(#6595,#6596,#6597,#6598,#6599,#6600,
#6601),.UNSPECIFIED.,.F.,.F.,(4,3,4),(-0.0429650303462348,-0.0214825151731174,
0.),.UNSPECIFIED.);
#92=B_SPLINE_CURVE_WITH_KNOTS('',3,(#6610,#6611,#6612,#6613,#6614,#6615,
#6616),.UNSPECIFIED.,.F.,.F.,(4,3,4),(-0.0437718657986239,-0.021885932899312,
0.),.UNSPECIFIED.);
#93=B_SPLINE_CURVE_WITH_KNOTS('',2,(#6626,#6627,#6628,#6629),
 .UNSPECIFIED.,.F.,.F.,(3,1,3),(0.,1.,2.),.UNSPECIFIED.);
#94=B_SPLINE_CURVE_WITH_KNOTS('',3,(#6632,#6633,#6634,#6635,#6636,#6637,
#6638),.UNSPECIFIED.,.F.,.F.,(4,3,4),(-0.0457057297501524,-0.0228528648750762,
0.),.UNSPECIFIED.);
#95=B_SPLINE_CURVE_WITH_KNOTS('',2,(#6648,#6649,#6650,#6651),
 .UNSPECIFIED.,.F.,.F.,(3,1,3),(0.,1.,2.),.UNSPECIFIED.);
#96=B_SPLINE_CURVE_WITH_KNOTS('',3,(#6654,#6655,#6656,#6657,#6658,#6659,
#6660),.UNSPECIFIED.,.F.,.F.,(4,3,4),(-0.0148319702976321,-0.00741598514881605,
0.),.UNSPECIFIED.);
#97=PLANE('',#3678);
#98=PLANE('',#3705);
#99=PLANE('',#3710);
#100=PLANE('',#3716);
#101=PLANE('',#3722);
#102=PLANE('',#3725);
#103=PLANE('',#3747);
#104=PLANE('',#3834);
#105=PLANE('',#3835);
#106=PLANE('',#3836);
#107=PLANE('',#3837);
#108=PLANE('',#3838);
#109=PLANE('',#3839);
#110=PLANE('',#3928);
#111=PLANE('',#3935);
#112=PLANE('',#3942);
#113=PLANE('',#3949);
#114=PLANE('',#3956);
#115=PLANE('',#3963);
#116=PLANE('',#3964);
#117=PLANE('',#3965);
#118=PLANE('',#3966);
#119=PLANE('',#3967);
#120=PLANE('',#3968);
#121=PLANE('',#3969);
#122=PLANE('',#3970);
#123=PLANE('',#3971);
#124=PLANE('',#3972);
#125=PLANE('',#3973);
#126=PLANE('',#3974);
#127=PLANE('',#3975);
#128=PLANE('',#3976);
#129=PLANE('',#3977);
#130=PLANE('',#3978);
#131=PLANE('',#3979);
#132=PLANE('',#3980);
#133=PLANE('',#3981);
#134=PLANE('',#3982);
#135=PLANE('',#3983);
#136=PLANE('',#3984);
#137=PLANE('',#3985);
#138=PLANE('',#3986);
#139=PLANE('',#3987);
#140=PLANE('',#3988);
#141=PLANE('',#3989);
#142=PLANE('',#3990);
#143=PLANE('',#3991);
#144=PLANE('',#3992);
#145=PLANE('',#3993);
#146=PLANE('',#3994);
#147=PLANE('',#3995);
#148=PLANE('',#3996);
#149=PLANE('',#3997);
#150=PLANE('',#3998);
#151=PLANE('',#4005);
#152=PLANE('',#4012);
#153=PLANE('',#4019);
#154=PLANE('',#4022);
#155=PLANE('',#4026);
#156=PLANE('',#4027);
#157=PLANE('',#4028);
#158=PLANE('',#4033);
#159=PLANE('',#4034);
#160=PLANE('',#4035);
#161=PLANE('',#4036);
#162=TOROIDAL_SURFACE('',#3655,0.035,0.025);
#163=TOROIDAL_SURFACE('',#3661,0.035,0.025);
#164=TOROIDAL_SURFACE('',#3667,0.035,0.025);
#165=TOROIDAL_SURFACE('',#3673,0.035,0.025);
#166=TOROIDAL_SURFACE('',#3727,0.02,0.01);
#167=TOROIDAL_SURFACE('',#3734,0.02,0.01);
#168=TOROIDAL_SURFACE('',#3738,0.144,0.01);
#169=TOROIDAL_SURFACE('',#3749,0.144,0.01);
#170=TOROIDAL_SURFACE('',#3752,0.02,0.01);
#171=TOROIDAL_SURFACE('',#3760,0.02,0.01);
#172=TOROIDAL_SURFACE('',#3764,0.144,0.01);
#173=TOROIDAL_SURFACE('',#3816,0.035,0.01);
#174=TOROIDAL_SURFACE('',#3823,0.035,0.01);
#175=TOROIDAL_SURFACE('',#3842,0.04,0.01);
#176=TOROIDAL_SURFACE('',#3845,0.03,0.01);
#177=TOROIDAL_SURFACE('',#3848,0.04,0.01);
#178=TOROIDAL_SURFACE('',#3853,0.04,0.01);
#179=TOROIDAL_SURFACE('',#3856,0.03,0.01);
#180=TOROIDAL_SURFACE('',#3859,0.04,0.01);
#181=TOROIDAL_SURFACE('',#3864,0.04,0.01);
#182=TOROIDAL_SURFACE('',#3867,0.03,0.01);
#183=TOROIDAL_SURFACE('',#3870,0.04,0.01);
#184=TOROIDAL_SURFACE('',#3875,0.04,0.01);
#185=TOROIDAL_SURFACE('',#3878,0.03,0.01);
#186=TOROIDAL_SURFACE('',#3881,0.04,0.01);
#187=TOROIDAL_SURFACE('',#3885,0.04,0.01);
#188=TOROIDAL_SURFACE('',#3888,0.03,0.01);
#189=TOROIDAL_SURFACE('',#3891,0.04,0.01);
#190=TOROIDAL_SURFACE('',#3896,0.04,0.01);
#191=TOROIDAL_SURFACE('',#3899,0.03,0.01);
#192=TOROIDAL_SURFACE('',#3902,0.04,0.01);
#193=TOROIDAL_SURFACE('',#3907,0.04,0.01);
#194=TOROIDAL_SURFACE('',#3910,0.03,0.01);
#195=TOROIDAL_SURFACE('',#3913,0.04,0.01);
#196=TOROIDAL_SURFACE('',#3918,0.04,0.01);
#197=TOROIDAL_SURFACE('',#3921,0.03,0.01);
#198=TOROIDAL_SURFACE('',#3924,0.04,0.01);
#199=LINE('',#5127,#463);
#200=LINE('',#5128,#464);
#201=LINE('',#5163,#465);
#202=LINE('',#5164,#466);
#203=LINE('',#5175,#467);
#204=LINE('',#5176,#468);
#205=LINE('',#5187,#469);
#206=LINE('',#5188,#470);
#207=LINE('',#5199,#471);
#208=LINE('',#5200,#472);
#209=LINE('',#5208,#473);
#210=LINE('',#5209,#474);
#211=LINE('',#5212,#475);
#212=LINE('',#5220,#476);
#213=LINE('',#5228,#477);
#214=LINE('',#5236,#478);
#215=LINE('',#5244,#479);
#216=LINE('',#5246,#480);
#217=LINE('',#5248,#481);
#218=LINE('',#5250,#482);
#219=LINE('',#5252,#483);
#220=LINE('',#5254,#484);
#221=LINE('',#5256,#485);
#222=LINE('',#5264,#486);
#223=LINE('',#5272,#487);
#224=LINE('',#5280,#488);
#225=LINE('',#5287,#489);
#226=LINE('',#5290,#490);
#227=LINE('',#5294,#491);
#228=LINE('',#5296,#492);
#229=LINE('',#5297,#493);
#230=LINE('',#5300,#494);
#231=LINE('',#5304,#495);
#232=LINE('',#5307,#496);
#233=LINE('',#5310,#497);
#234=LINE('',#5312,#498);
#235=LINE('',#5314,#499);
#236=LINE('',#5315,#500);
#237=LINE('',#5321,#501);
#238=LINE('',#5337,#502);
#239=LINE('',#5373,#503);
#240=LINE('',#5374,#504);
#241=LINE('',#5382,#505);
#242=LINE('',#5383,#506);
#243=LINE('',#5389,#507);
#244=LINE('',#5392,#508);
#245=LINE('',#5441,#509);
#246=LINE('',#5442,#510);
#247=LINE('',#5445,#511);
#248=LINE('',#5447,#512);
#249=LINE('',#5454,#513);
#250=LINE('',#5457,#514);
#251=LINE('',#5459,#515);
#252=LINE('',#5461,#516);
#253=LINE('',#5473,#517);
#254=LINE('',#5487,#518);
#255=LINE('',#5489,#519);
#256=LINE('',#5507,#520);
#257=LINE('',#5512,#521);
#258=LINE('',#5555,#522);
#259=LINE('',#5556,#523);
#260=LINE('',#5565,#524);
#261=LINE('',#5566,#525);
#262=LINE('',#5581,#526);
#263=LINE('',#5582,#527);
#264=LINE('',#5584,#528);
#265=LINE('',#5585,#529);
#266=LINE('',#5593,#530);
#267=LINE('',#5601,#531);
#268=LINE('',#5603,#532);
#269=LINE('',#5604,#533);
#270=LINE('',#5606,#534);
#271=LINE('',#5611,#535);
#272=LINE('',#5612,#536);
#273=LINE('',#5620,#537);
#274=LINE('',#5621,#538);
#275=LINE('',#5626,#539);
#276=LINE('',#5627,#540);
#277=LINE('',#5635,#541);
#278=LINE('',#5636,#542);
#279=LINE('',#5638,#543);
#280=LINE('',#5640,#544);
#281=LINE('',#5641,#545);
#282=LINE('',#5643,#546);
#283=LINE('',#5644,#547);
#284=LINE('',#5646,#548);
#285=LINE('',#5647,#549);
#286=LINE('',#5649,#550);
#287=LINE('',#5650,#551);
#288=LINE('',#5652,#552);
#289=LINE('',#5653,#553);
#290=LINE('',#5662,#554);
#291=LINE('',#5679,#555);
#292=LINE('',#5681,#556);
#293=LINE('',#5683,#557);
#294=LINE('',#5685,#558);
#295=LINE('',#5687,#559);
#296=LINE('',#5689,#560);
#297=LINE('',#5690,#561);
#298=LINE('',#5693,#562);
#299=LINE('',#5695,#563);
#300=LINE('',#5697,#564);
#301=LINE('',#5699,#565);
#302=LINE('',#5701,#566);
#303=LINE('',#5703,#567);
#304=LINE('',#5704,#568);
#305=LINE('',#5712,#569);
#306=LINE('',#5714,#570);
#307=LINE('',#5716,#571);
#308=LINE('',#5718,#572);
#309=LINE('',#5720,#573);
#310=LINE('',#5722,#574);
#311=LINE('',#5724,#575);
#312=LINE('',#5726,#576);
#313=LINE('',#5728,#577);
#314=LINE('',#5729,#578);
#315=LINE('',#5737,#579);
#316=LINE('',#5764,#580);
#317=LINE('',#5782,#581);
#318=LINE('',#5798,#582);
#319=LINE('',#5814,#583);
#320=LINE('',#5830,#584);
#321=LINE('',#5844,#585);
#322=LINE('',#5860,#586);
#323=LINE('',#5876,#587);
#324=LINE('',#5892,#588);
#325=LINE('',#5906,#589);
#326=LINE('',#5909,#590);
#327=LINE('',#5910,#591);
#328=LINE('',#5913,#592);
#329=LINE('',#5917,#593);
#330=LINE('',#5921,#594);
#331=LINE('',#5925,#595);
#332=LINE('',#5926,#596);
#333=LINE('',#5929,#597);
#334=LINE('',#5933,#598);
#335=LINE('',#5937,#599);
#336=LINE('',#5941,#600);
#337=LINE('',#5942,#601);
#338=LINE('',#5945,#602);
#339=LINE('',#5949,#603);
#340=LINE('',#5953,#604);
#341=LINE('',#5957,#605);
#342=LINE('',#5958,#606);
#343=LINE('',#5961,#607);
#344=LINE('',#5965,#608);
#345=LINE('',#5969,#609);
#346=LINE('',#5973,#610);
#347=LINE('',#5974,#611);
#348=LINE('',#5977,#612);
#349=LINE('',#5986,#613);
#350=LINE('',#6047,#614);
#351=LINE('',#6081,#615);
#352=LINE('',#6183,#616);
#353=LINE('',#6184,#617);
#354=LINE('',#6198,#618);
#355=LINE('',#6212,#619);
#356=LINE('',#6227,#620);
#357=LINE('',#6228,#621);
#358=LINE('',#6242,#622);
#359=LINE('',#6256,#623);
#360=LINE('',#6265,#624);
#361=LINE('',#6266,#625);
#362=LINE('',#6268,#626);
#363=LINE('',#6277,#627);
#364=LINE('',#6286,#628);
#365=LINE('',#6295,#629);
#366=LINE('',#6304,#630);
#367=LINE('',#6318,#631);
#368=LINE('',#6344,#632);
#369=LINE('',#6365,#633);
#370=LINE('',#6367,#634);
#371=LINE('',#6376,#635);
#372=LINE('',#6385,#636);
#373=LINE('',#6403,#637);
#374=LINE('',#6412,#638);
#375=LINE('',#6415,#639);
#376=LINE('',#6416,#640);
#377=LINE('',#6419,#641);
#378=LINE('',#6420,#642);
#379=LINE('',#6423,#643);
#380=LINE('',#6424,#644);
#381=LINE('',#6427,#645);
#382=LINE('',#6428,#646);
#383=LINE('',#6431,#647);
#384=LINE('',#6432,#648);
#385=LINE('',#6435,#649);
#386=LINE('',#6436,#650);
#387=LINE('',#6439,#651);
#388=LINE('',#6440,#652);
#389=LINE('',#6443,#653);
#390=LINE('',#6444,#654);
#391=LINE('',#6447,#655);
#392=LINE('',#6448,#656);
#393=LINE('',#6450,#657);
#394=LINE('',#6455,#658);
#395=LINE('',#6457,#659);
#396=LINE('',#6459,#660);
#397=LINE('',#6461,#661);
#398=LINE('',#6463,#662);
#399=LINE('',#6465,#663);
#400=LINE('',#6466,#664);
#401=LINE('',#6468,#665);
#402=LINE('',#6469,#666);
#403=LINE('',#6471,#667);
#404=LINE('',#6473,#668);
#405=LINE('',#6475,#669);
#406=LINE('',#6477,#670);
#407=LINE('',#6479,#671);
#408=LINE('',#6483,#672);
#409=LINE('',#6485,#673);
#410=LINE('',#6486,#674);
#411=LINE('',#6489,#675);
#412=LINE('',#6490,#676);
#413=LINE('',#6493,#677);
#414=LINE('',#6494,#678);
#415=LINE('',#6497,#679);
#416=LINE('',#6498,#680);
#417=LINE('',#6501,#681);
#418=LINE('',#6502,#682);
#419=LINE('',#6518,#683);
#420=LINE('',#6527,#684);
#421=LINE('',#6549,#685);
#422=LINE('',#6552,#686);
#423=LINE('',#6554,#687);
#424=LINE('',#6555,#688);
#425=LINE('',#6558,#689);
#426=LINE('',#6559,#690);
#427=LINE('',#6562,#691);
#428=LINE('',#6563,#692);
#429=LINE('',#6566,#693);
#430=LINE('',#6567,#694);
#431=LINE('',#6577,#695);
#432=LINE('',#6594,#696);
#433=LINE('',#6631,#697);
#434=LINE('',#6653,#698);
#435=LINE('',#6663,#699);
#436=LINE('',#6665,#700);
#437=LINE('',#6666,#701);
#438=LINE('',#6668,#702);
#439=LINE('',#6669,#703);
#440=LINE('',#6676,#704);
#441=LINE('',#6680,#705);
#442=LINE('',#6684,#706);
#443=LINE('',#6687,#707);
#444=LINE('',#6688,#708);
#445=LINE('',#6692,#709);
#446=LINE('',#6696,#710);
#447=LINE('',#6700,#711);
#448=LINE('',#6703,#712);
#449=LINE('',#6704,#713);
#450=LINE('',#6708,#714);
#451=LINE('',#6712,#715);
#452=LINE('',#6716,#716);
#453=LINE('',#6719,#717);
#454=LINE('',#6720,#718);
#455=LINE('',#6724,#719);
#456=LINE('',#6727,#720);
#457=LINE('',#6729,#721);
#458=LINE('',#6734,#722);
#459=LINE('',#6735,#723);
#460=LINE('',#6737,#724);
#461=LINE('',#6739,#725);
#462=LINE('',#6746,#726);
#463=VECTOR('',#4051,0.393700787401575);
#464=VECTOR('',#4052,0.393700787401575);
#465=VECTOR('',#4063,0.393700787401575);
#466=VECTOR('',#4064,0.393700787401575);
#467=VECTOR('',#4077,0.393700787401575);
#468=VECTOR('',#4078,0.393700787401575);
#469=VECTOR('',#4091,0.393700787401575);
#470=VECTOR('',#4092,0.393700787401575);
#471=VECTOR('',#4105,0.393700787401575);
#472=VECTOR('',#4106,0.393700787401575);
#473=VECTOR('',#4117,0.393700787401575);
#474=VECTOR('',#4118,0.393700787401575);
#475=VECTOR('',#4121,0.393700787401575);
#476=VECTOR('',#4128,0.393700787401575);
#477=VECTOR('',#4135,0.393700787401575);
#478=VECTOR('',#4142,0.393700787401575);
#479=VECTOR('',#4149,0.393700787401575);
#480=VECTOR('',#4150,0.393700787401575);
#481=VECTOR('',#4151,0.393700787401575);
#482=VECTOR('',#4152,0.393700787401575);
#483=VECTOR('',#4153,0.393700787401575);
#484=VECTOR('',#4154,0.393700787401575);
#485=VECTOR('',#4155,0.393700787401575);
#486=VECTOR('',#4162,0.393700787401575);
#487=VECTOR('',#4169,0.393700787401575);
#488=VECTOR('',#4176,0.393700787401575);
#489=VECTOR('',#4183,0.393700787401575);
#490=VECTOR('',#4186,0.393700787401575);
#491=VECTOR('',#4191,0.393700787401575);
#492=VECTOR('',#4192,0.393700787401575);
#493=VECTOR('',#4193,0.393700787401575);
#494=VECTOR('',#4196,0.393700787401575);
#495=VECTOR('',#4201,0.393700787401575);
#496=VECTOR('',#4204,0.393700787401575);
#497=VECTOR('',#4207,0.393700787401575);
#498=VECTOR('',#4208,0.393700787401575);
#499=VECTOR('',#4209,0.393700787401575);
#500=VECTOR('',#4210,0.393700787401575);
#501=VECTOR('',#4215,0.393700787401575);
#502=VECTOR('',#4216,0.393700787401575);
#503=VECTOR('',#4223,0.393700787401575);
#504=VECTOR('',#4224,0.393700787401575);
#505=VECTOR('',#4227,0.393700787401575);
#506=VECTOR('',#4228,0.393700787401575);
#507=VECTOR('',#4233,0.393700787401575);
#508=VECTOR('',#4236,0.393700787401575);
#509=VECTOR('',#4241,0.393700787401575);
#510=VECTOR('',#4242,0.393700787401575);
#511=VECTOR('',#4245,0.393700787401575);
#512=VECTOR('',#4246,0.393700787401575);
#513=VECTOR('',#4249,0.393700787401575);
#514=VECTOR('',#4252,0.393700787401575);
#515=VECTOR('',#4255,0.393700787401575);
#516=VECTOR('',#4258,0.393700787401575);
#517=VECTOR('',#4273,0.393700787401575);
#518=VECTOR('',#4294,0.393700787401575);
#519=VECTOR('',#4295,0.393700787401575);
#520=VECTOR('',#4322,0.393700787401575);
#521=VECTOR('',#4327,0.393700787401575);
#522=VECTOR('',#4384,0.393700787401575);
#523=VECTOR('',#4385,0.393700787401575);
#524=VECTOR('',#4396,0.393700787401575);
#525=VECTOR('',#4397,0.393700787401575);
#526=VECTOR('',#4416,0.393700787401575);
#527=VECTOR('',#4417,0.393700787401575);
#528=VECTOR('',#4420,0.393700787401575);
#529=VECTOR('',#4421,0.393700787401575);
#530=VECTOR('',#4432,0.393700787401575);
#531=VECTOR('',#4443,0.393700787401575);
#532=VECTOR('',#4446,0.393700787401575);
#533=VECTOR('',#4447,0.393700787401575);
#534=VECTOR('',#4450,0.393700787401575);
#535=VECTOR('',#4455,0.393700787401575);
#536=VECTOR('',#4456,0.393700787401575);
#537=VECTOR('',#4467,0.393700787401575);
#538=VECTOR('',#4468,0.393700787401575);
#539=VECTOR('',#4473,0.393700787401575);
#540=VECTOR('',#4474,0.393700787401575);
#541=VECTOR('',#4485,0.393700787401575);
#542=VECTOR('',#4486,0.393700787401575);
#543=VECTOR('',#4489,0.393700787401575);
#544=VECTOR('',#4492,0.393700787401575);
#545=VECTOR('',#4493,0.393700787401575);
#546=VECTOR('',#4496,0.393700787401575);
#547=VECTOR('',#4497,0.393700787401575);
#548=VECTOR('',#4500,0.393700787401575);
#549=VECTOR('',#4501,0.393700787401575);
#550=VECTOR('',#4504,0.393700787401575);
#551=VECTOR('',#4505,0.393700787401575);
#552=VECTOR('',#4508,0.393700787401575);
#553=VECTOR('',#4509,0.393700787401575);
#554=VECTOR('',#4522,0.393700787401575);
#555=VECTOR('',#4523,0.393700787401575);
#556=VECTOR('',#4524,0.393700787401575);
#557=VECTOR('',#4525,0.393700787401575);
#558=VECTOR('',#4526,0.393700787401575);
#559=VECTOR('',#4527,0.393700787401575);
#560=VECTOR('',#4528,0.393700787401575);
#561=VECTOR('',#4529,0.393700787401575);
#562=VECTOR('',#4530,0.393700787401575);
#563=VECTOR('',#4531,0.393700787401575);
#564=VECTOR('',#4532,0.393700787401575);
#565=VECTOR('',#4533,0.393700787401575);
#566=VECTOR('',#4534,0.393700787401575);
#567=VECTOR('',#4535,0.393700787401575);
#568=VECTOR('',#4536,0.393700787401575);
#569=VECTOR('',#4537,0.393700787401575);
#570=VECTOR('',#4538,0.393700787401575);
#571=VECTOR('',#4539,0.393700787401575);
#572=VECTOR('',#4540,0.393700787401575);
#573=VECTOR('',#4541,0.393700787401575);
#574=VECTOR('',#4542,0.393700787401575);
#575=VECTOR('',#4543,0.393700787401575);
#576=VECTOR('',#4544,0.393700787401575);
#577=VECTOR('',#4545,0.393700787401575);
#578=VECTOR('',#4546,0.393700787401575);
#579=VECTOR('',#4547,0.393700787401575);
#580=VECTOR('',#4548,0.393700787401575);
#581=VECTOR('',#4553,0.393700787401575);
#582=VECTOR('',#4576,0.393700787401575);
#583=VECTOR('',#4599,0.393700787401575);
#584=VECTOR('',#4622,0.393700787401575);
#585=VECTOR('',#4643,0.393700787401575);
#586=VECTOR('',#4666,0.393700787401575);
#587=VECTOR('',#4689,0.393700787401575);
#588=VECTOR('',#4712,0.393700787401575);
#589=VECTOR('',#4733,0.393700787401575);
#590=VECTOR('',#4736,0.393700787401575);
#591=VECTOR('',#4737,0.393700787401575);
#592=VECTOR('',#4740,0.393700787401575);
#593=VECTOR('',#4745,0.393700787401575);
#594=VECTOR('',#4750,0.393700787401575);
#595=VECTOR('',#4755,0.393700787401575);
#596=VECTOR('',#4756,0.393700787401575);
#597=VECTOR('',#4759,0.393700787401575);
#598=VECTOR('',#4764,0.393700787401575);
#599=VECTOR('',#4769,0.393700787401575);
#600=VECTOR('',#4774,0.393700787401575);
#601=VECTOR('',#4775,0.393700787401575);
#602=VECTOR('',#4778,0.393700787401575);
#603=VECTOR('',#4783,0.393700787401575);
#604=VECTOR('',#4788,0.393700787401575);
#605=VECTOR('',#4793,0.393700787401575);
#606=VECTOR('',#4794,0.393700787401575);
#607=VECTOR('',#4797,0.393700787401575);
#608=VECTOR('',#4802,0.393700787401575);
#609=VECTOR('',#4807,0.393700787401575);
#610=VECTOR('',#4812,0.393700787401575);
#611=VECTOR('',#4813,0.393700787401575);
#612=VECTOR('',#4816,0.0640551181102363);
#613=VECTOR('',#4827,0.0590551181102362);
#614=VECTOR('',#4830,0.393700787401575);
#615=VECTOR('',#4831,0.393700787401575);
#616=VECTOR('',#4832,0.393700787401575);
#617=VECTOR('',#4833,0.393700787401575);
#618=VECTOR('',#4834,0.393700787401575);
#619=VECTOR('',#4835,0.393700787401575);
#620=VECTOR('',#4836,0.393700787401575);
#621=VECTOR('',#4837,0.393700787401575);
#622=VECTOR('',#4838,0.393700787401575);
#623=VECTOR('',#4839,0.393700787401575);
#624=VECTOR('',#4840,0.393700787401575);
#625=VECTOR('',#4841,0.393700787401575);
#626=VECTOR('',#4844,0.393700787401575);
#627=VECTOR('',#4845,0.393700787401575);
#628=VECTOR('',#4846,0.393700787401575);
#629=VECTOR('',#4847,0.393700787401575);
#630=VECTOR('',#4848,0.393700787401575);
#631=VECTOR('',#4849,0.393700787401575);
#632=VECTOR('',#4850,0.393700787401575);
#633=VECTOR('',#4851,0.393700787401575);
#634=VECTOR('',#4854,0.393700787401575);
#635=VECTOR('',#4855,0.393700787401575);
#636=VECTOR('',#4856,0.393700787401575);
#637=VECTOR('',#4857,0.393700787401575);
#638=VECTOR('',#4858,0.393700787401575);
#639=VECTOR('',#4861,0.393700787401575);
#640=VECTOR('',#4862,0.393700787401575);
#641=VECTOR('',#4865,0.393700787401575);
#642=VECTOR('',#4866,0.393700787401575);
#643=VECTOR('',#4869,0.393700787401575);
#644=VECTOR('',#4870,0.393700787401575);
#645=VECTOR('',#4873,0.393700787401575);
#646=VECTOR('',#4874,0.393700787401575);
#647=VECTOR('',#4877,0.393700787401575);
#648=VECTOR('',#4878,0.393700787401575);
#649=VECTOR('',#4881,0.393700787401575);
#650=VECTOR('',#4882,0.393700787401575);
#651=VECTOR('',#4885,0.393700787401575);
#652=VECTOR('',#4886,0.393700787401575);
#653=VECTOR('',#4889,0.393700787401575);
#654=VECTOR('',#4890,0.393700787401575);
#655=VECTOR('',#4893,0.393700787401575);
#656=VECTOR('',#4894,0.393700787401575);
#657=VECTOR('',#4897,0.393700787401575);
#658=VECTOR('',#4902,0.393700787401575);
#659=VECTOR('',#4903,0.393700787401575);
#660=VECTOR('',#4904,0.393700787401575);
#661=VECTOR('',#4905,0.393700787401575);
#662=VECTOR('',#4906,0.393700787401575);
#663=VECTOR('',#4907,0.393700787401575);
#664=VECTOR('',#4908,0.393700787401575);
#665=VECTOR('',#4911,0.393700787401575);
#666=VECTOR('',#4912,0.393700787401575);
#667=VECTOR('',#4915,0.393700787401575);
#668=VECTOR('',#4918,0.393700787401575);
#669=VECTOR('',#4921,0.393700787401575);
#670=VECTOR('',#4924,0.393700787401575);
#671=VECTOR('',#4927,0.393700787401575);
#672=VECTOR('',#4932,0.393700787401575);
#673=VECTOR('',#4933,0.393700787401575);
#674=VECTOR('',#4934,0.393700787401575);
#675=VECTOR('',#4937,0.393700787401575);
#676=VECTOR('',#4938,0.393700787401575);
#677=VECTOR('',#4941,0.393700787401575);
#678=VECTOR('',#4942,0.393700787401575);
#679=VECTOR('',#4945,0.393700787401575);
#680=VECTOR('',#4946,0.393700787401575);
#681=VECTOR('',#4949,0.393700787401575);
#682=VECTOR('',#4950,0.393700787401575);
#683=VECTOR('',#4951,0.393700787401575);
#684=VECTOR('',#4952,0.393700787401575);
#685=VECTOR('',#4953,0.393700787401575);
#686=VECTOR('',#4956,0.393700787401575);
#687=VECTOR('',#4957,0.393700787401575);
#688=VECTOR('',#4958,0.393700787401575);
#689=VECTOR('',#4961,0.393700787401575);
#690=VECTOR('',#4962,0.393700787401575);
#691=VECTOR('',#4965,0.393700787401575);
#692=VECTOR('',#4966,0.393700787401575);
#693=VECTOR('',#4969,0.393700787401575);
#694=VECTOR('',#4970,0.393700787401575);
#695=VECTOR('',#4971,0.393700787401575);
#696=VECTOR('',#4972,0.393700787401575);
#697=VECTOR('',#4973,0.393700787401575);
#698=VECTOR('',#4974,0.393700787401575);
#699=VECTOR('',#4977,0.393700787401575);
#700=VECTOR('',#4978,0.393700787401575);
#701=VECTOR('',#4979,0.393700787401575);
#702=VECTOR('',#4982,0.393700787401575);
#703=VECTOR('',#4983,0.393700787401575);
#704=VECTOR('',#4994,0.393700787401575);
#705=VECTOR('',#4999,0.393700787401575);
#706=VECTOR('',#5004,0.393700787401575);
#707=VECTOR('',#5007,0.393700787401575);
#708=VECTOR('',#5008,0.393700787401575);
#709=VECTOR('',#5013,0.393700787401575);
#710=VECTOR('',#5018,0.393700787401575);
#711=VECTOR('',#5023,0.393700787401575);
#712=VECTOR('',#5026,0.393700787401575);
#713=VECTOR('',#5027,0.393700787401575);
#714=VECTOR('',#5032,0.393700787401575);
#715=VECTOR('',#5037,0.393700787401575);
#716=VECTOR('',#5042,0.393700787401575);
#717=VECTOR('',#5045,0.393700787401575);
#718=VECTOR('',#5046,0.393700787401575);
#719=VECTOR('',#5051,0.393700787401575);
#720=VECTOR('',#5054,0.393700787401575);
#721=VECTOR('',#5055,0.393700787401575);
#722=VECTOR('',#5062,0.393700787401575);
#723=VECTOR('',#5063,0.393700787401575);
#724=VECTOR('',#5066,0.393700787401575);
#725=VECTOR('',#5069,0.393700787401575);
#726=VECTOR('',#5078,0.0472440944881889);
#727=CYLINDRICAL_SURFACE('',#3648,0.025);
#728=CYLINDRICAL_SURFACE('',#3653,0.025);
#729=CYLINDRICAL_SURFACE('',#3659,0.025);
#730=CYLINDRICAL_SURFACE('',#3665,0.025);
#731=CYLINDRICAL_SURFACE('',#3671,0.025);
#732=CYLINDRICAL_SURFACE('',#3677,0.025);
#733=CYLINDRICAL_SURFACE('',#3703,0.01);
#734=CYLINDRICAL_SURFACE('',#3706,0.01);
#735=CYLINDRICAL_SURFACE('',#3708,0.01);
#736=CYLINDRICAL_SURFACE('',#3711,0.01);
#737=CYLINDRICAL_SURFACE('',#3714,0.01);
#738=CYLINDRICAL_SURFACE('',#3717,0.01);
#739=CYLINDRICAL_SURFACE('',#3721,0.01);
#740=CYLINDRICAL_SURFACE('',#3723,0.01);
#741=CYLINDRICAL_SURFACE('',#3732,0.01);
#742=CYLINDRICAL_SURFACE('',#3741,0.154);
#743=CYLINDRICAL_SURFACE('',#3745,0.03);
#744=CYLINDRICAL_SURFACE('',#3755,0.01);
#745=CYLINDRICAL_SURFACE('',#3757,0.01);
#746=CYLINDRICAL_SURFACE('',#3766,0.03);
#747=CYLINDRICAL_SURFACE('',#3786,0.01);
#748=CYLINDRICAL_SURFACE('',#3791,0.01);
#749=CYLINDRICAL_SURFACE('',#3800,0.01);
#750=CYLINDRICAL_SURFACE('',#3801,0.01);
#751=CYLINDRICAL_SURFACE('',#3806,0.01);
#752=CYLINDRICAL_SURFACE('',#3811,0.01);
#753=CYLINDRICAL_SURFACE('',#3812,0.01);
#754=CYLINDRICAL_SURFACE('',#3813,0.01);
#755=CYLINDRICAL_SURFACE('',#3814,0.01);
#756=CYLINDRICAL_SURFACE('',#3820,0.01);
#757=CYLINDRICAL_SURFACE('',#3821,0.01);
#758=CYLINDRICAL_SURFACE('',#3827,0.01);
#759=CYLINDRICAL_SURFACE('',#3828,0.01);
#760=CYLINDRICAL_SURFACE('',#3829,0.01);
#761=CYLINDRICAL_SURFACE('',#3830,0.01);
#762=CYLINDRICAL_SURFACE('',#3831,0.01);
#763=CYLINDRICAL_SURFACE('',#3832,0.01);
#764=CYLINDRICAL_SURFACE('',#3833,0.025);
#765=CYLINDRICAL_SURFACE('',#3840,0.01);
#766=CYLINDRICAL_SURFACE('',#3851,0.01);
#767=CYLINDRICAL_SURFACE('',#3862,0.01);
#768=CYLINDRICAL_SURFACE('',#3873,0.01);
#769=CYLINDRICAL_SURFACE('',#3883,0.01);
#770=CYLINDRICAL_SURFACE('',#3894,0.01);
#771=CYLINDRICAL_SURFACE('',#3905,0.01);
#772=CYLINDRICAL_SURFACE('',#3916,0.01);
#773=CYLINDRICAL_SURFACE('',#3927,0.01);
#774=CYLINDRICAL_SURFACE('',#3929,0.03);
#775=CYLINDRICAL_SURFACE('',#3931,0.04);
#776=CYLINDRICAL_SURFACE('',#3933,0.03);
#777=CYLINDRICAL_SURFACE('',#3936,0.03);
#778=CYLINDRICAL_SURFACE('',#3938,0.04);
#779=CYLINDRICAL_SURFACE('',#3940,0.03);
#780=CYLINDRICAL_SURFACE('',#3943,0.03);
#781=CYLINDRICAL_SURFACE('',#3945,0.04);
#782=CYLINDRICAL_SURFACE('',#3947,0.03);
#783=CYLINDRICAL_SURFACE('',#3950,0.03);
#784=CYLINDRICAL_SURFACE('',#3952,0.04);
#785=CYLINDRICAL_SURFACE('',#3954,0.03);
#786=CYLINDRICAL_SURFACE('',#3960,0.0590551181102362);
#787=CYLINDRICAL_SURFACE('',#3999,0.03);
#788=CYLINDRICAL_SURFACE('',#4001,0.04);
#789=CYLINDRICAL_SURFACE('',#4003,0.03);
#790=CYLINDRICAL_SURFACE('',#4006,0.03);
#791=CYLINDRICAL_SURFACE('',#4008,0.04);
#792=CYLINDRICAL_SURFACE('',#4010,0.03);
#793=CYLINDRICAL_SURFACE('',#4013,0.03);
#794=CYLINDRICAL_SURFACE('',#4015,0.04);
#795=CYLINDRICAL_SURFACE('',#4017,0.03);
#796=CYLINDRICAL_SURFACE('',#4020,0.03);
#797=CYLINDRICAL_SURFACE('',#4025,0.03);
#798=CYLINDRICAL_SURFACE('',#4032,0.04);
#799=FACE_OUTER_BOUND('',#1017,.T.);
#800=FACE_OUTER_BOUND('',#1018,.T.);
#801=FACE_OUTER_BOUND('',#1019,.T.);
#802=FACE_OUTER_BOUND('',#1020,.T.);
#803=FACE_OUTER_BOUND('',#1021,.T.);
#804=FACE_OUTER_BOUND('',#1022,.T.);
#805=FACE_OUTER_BOUND('',#1023,.T.);
#806=FACE_OUTER_BOUND('',#1024,.T.);
#807=FACE_OUTER_BOUND('',#1025,.T.);
#808=FACE_OUTER_BOUND('',#1026,.T.);
#809=FACE_OUTER_BOUND('',#1027,.T.);
#810=FACE_OUTER_BOUND('',#1028,.T.);
#811=FACE_OUTER_BOUND('',#1029,.T.);
#812=FACE_OUTER_BOUND('',#1030,.T.);
#813=FACE_OUTER_BOUND('',#1031,.T.);
#814=FACE_OUTER_BOUND('',#1032,.T.);
#815=FACE_OUTER_BOUND('',#1033,.T.);
#816=FACE_OUTER_BOUND('',#1034,.T.);
#817=FACE_OUTER_BOUND('',#1035,.T.);
#818=FACE_OUTER_BOUND('',#1036,.T.);
#819=FACE_OUTER_BOUND('',#1037,.T.);
#820=FACE_OUTER_BOUND('',#1038,.T.);
#821=FACE_OUTER_BOUND('',#1039,.T.);
#822=FACE_OUTER_BOUND('',#1040,.T.);
#823=FACE_OUTER_BOUND('',#1041,.T.);
#824=FACE_OUTER_BOUND('',#1042,.T.);
#825=FACE_OUTER_BOUND('',#1043,.T.);
#826=FACE_OUTER_BOUND('',#1044,.T.);
#827=FACE_OUTER_BOUND('',#1045,.T.);
#828=FACE_OUTER_BOUND('',#1046,.T.);
#829=FACE_OUTER_BOUND('',#1047,.T.);
#830=FACE_OUTER_BOUND('',#1048,.T.);
#831=FACE_OUTER_BOUND('',#1049,.T.);
#832=FACE_OUTER_BOUND('',#1050,.T.);
#833=FACE_OUTER_BOUND('',#1051,.T.);
#834=FACE_OUTER_BOUND('',#1053,.T.);
#835=FACE_OUTER_BOUND('',#1054,.T.);
#836=FACE_OUTER_BOUND('',#1055,.T.);
#837=FACE_OUTER_BOUND('',#1056,.T.);
#838=FACE_OUTER_BOUND('',#1057,.T.);
#839=FACE_OUTER_BOUND('',#1058,.T.);
#840=FACE_OUTER_BOUND('',#1059,.T.);
#841=FACE_OUTER_BOUND('',#1060,.T.);
#842=FACE_OUTER_BOUND('',#1061,.T.);
#843=FACE_OUTER_BOUND('',#1062,.T.);
#844=FACE_OUTER_BOUND('',#1063,.T.);
#845=FACE_OUTER_BOUND('',#1064,.T.);
#846=FACE_OUTER_BOUND('',#1065,.T.);
#847=FACE_OUTER_BOUND('',#1066,.T.);
#848=FACE_OUTER_BOUND('',#1067,.T.);
#849=FACE_OUTER_BOUND('',#1068,.T.);
#850=FACE_OUTER_BOUND('',#1069,.T.);
#851=FACE_OUTER_BOUND('',#1070,.T.);
#852=FACE_OUTER_BOUND('',#1071,.T.);
#853=FACE_OUTER_BOUND('',#1072,.T.);
#854=FACE_OUTER_BOUND('',#1073,.T.);
#855=FACE_OUTER_BOUND('',#1074,.T.);
#856=FACE_OUTER_BOUND('',#1075,.T.);
#857=FACE_OUTER_BOUND('',#1076,.T.);
#858=FACE_OUTER_BOUND('',#1077,.T.);
#859=FACE_OUTER_BOUND('',#1078,.T.);
#860=FACE_OUTER_BOUND('',#1079,.T.);
#861=FACE_OUTER_BOUND('',#1080,.T.);
#862=FACE_OUTER_BOUND('',#1081,.T.);
#863=FACE_OUTER_BOUND('',#1082,.T.);
#864=FACE_OUTER_BOUND('',#1083,.T.);
#865=FACE_OUTER_BOUND('',#1084,.T.);
#866=FACE_OUTER_BOUND('',#1085,.T.);
#867=FACE_OUTER_BOUND('',#1086,.T.);
#868=FACE_OUTER_BOUND('',#1087,.T.);
#869=FACE_OUTER_BOUND('',#1088,.T.);
#870=FACE_OUTER_BOUND('',#1089,.T.);
#871=FACE_OUTER_BOUND('',#1090,.T.);
#872=FACE_OUTER_BOUND('',#1091,.T.);
#873=FACE_OUTER_BOUND('',#1092,.T.);
#874=FACE_OUTER_BOUND('',#1093,.T.);
#875=FACE_OUTER_BOUND('',#1094,.T.);
#876=FACE_OUTER_BOUND('',#1095,.T.);
#877=FACE_OUTER_BOUND('',#1100,.T.);
#878=FACE_OUTER_BOUND('',#1101,.T.);
#879=FACE_OUTER_BOUND('',#1102,.T.);
#880=FACE_OUTER_BOUND('',#1103,.T.);
#881=FACE_OUTER_BOUND('',#1104,.T.);
#882=FACE_OUTER_BOUND('',#1105,.T.);
#883=FACE_OUTER_BOUND('',#1106,.T.);
#884=FACE_OUTER_BOUND('',#1107,.T.);
#885=FACE_OUTER_BOUND('',#1108,.T.);
#886=FACE_OUTER_BOUND('',#1109,.T.);
#887=FACE_OUTER_BOUND('',#1110,.T.);
#888=FACE_OUTER_BOUND('',#1111,.T.);
#889=FACE_OUTER_BOUND('',#1112,.T.);
#890=FACE_OUTER_BOUND('',#1113,.T.);
#891=FACE_OUTER_BOUND('',#1114,.T.);
#892=FACE_OUTER_BOUND('',#1115,.T.);
#893=FACE_OUTER_BOUND('',#1116,.T.);
#894=FACE_OUTER_BOUND('',#1117,.T.);
#895=FACE_OUTER_BOUND('',#1118,.T.);
#896=FACE_OUTER_BOUND('',#1119,.T.);
#897=FACE_OUTER_BOUND('',#1120,.T.);
#898=FACE_OUTER_BOUND('',#1121,.T.);
#899=FACE_OUTER_BOUND('',#1122,.T.);
#900=FACE_OUTER_BOUND('',#1123,.T.);
#901=FACE_OUTER_BOUND('',#1124,.T.);
#902=FACE_OUTER_BOUND('',#1125,.T.);
#903=FACE_OUTER_BOUND('',#1126,.T.);
#904=FACE_OUTER_BOUND('',#1127,.T.);
#905=FACE_OUTER_BOUND('',#1128,.T.);
#906=FACE_OUTER_BOUND('',#1129,.T.);
#907=FACE_OUTER_BOUND('',#1130,.T.);
#908=FACE_OUTER_BOUND('',#1131,.T.);
#909=FACE_OUTER_BOUND('',#1132,.T.);
#910=FACE_OUTER_BOUND('',#1133,.T.);
#911=FACE_OUTER_BOUND('',#1134,.T.);
#912=FACE_OUTER_BOUND('',#1135,.T.);
#913=FACE_OUTER_BOUND('',#1136,.T.);
#914=FACE_OUTER_BOUND('',#1137,.T.);
#915=FACE_OUTER_BOUND('',#1138,.T.);
#916=FACE_OUTER_BOUND('',#1139,.T.);
#917=FACE_OUTER_BOUND('',#1140,.T.);
#918=FACE_OUTER_BOUND('',#1141,.T.);
#919=FACE_OUTER_BOUND('',#1142,.T.);
#920=FACE_OUTER_BOUND('',#1143,.T.);
#921=FACE_OUTER_BOUND('',#1144,.T.);
#922=FACE_OUTER_BOUND('',#1145,.T.);
#923=FACE_OUTER_BOUND('',#1146,.T.);
#924=FACE_OUTER_BOUND('',#1147,.T.);
#925=FACE_OUTER_BOUND('',#1148,.T.);
#926=FACE_OUTER_BOUND('',#1149,.T.);
#927=FACE_OUTER_BOUND('',#1150,.T.);
#928=FACE_OUTER_BOUND('',#1151,.T.);
#929=FACE_OUTER_BOUND('',#1152,.T.);
#930=FACE_OUTER_BOUND('',#1153,.T.);
#931=FACE_OUTER_BOUND('',#1156,.T.);
#932=FACE_OUTER_BOUND('',#1157,.T.);
#933=FACE_OUTER_BOUND('',#1158,.T.);
#934=FACE_OUTER_BOUND('',#1159,.T.);
#935=FACE_OUTER_BOUND('',#1160,.T.);
#936=FACE_OUTER_BOUND('',#1161,.T.);
#937=FACE_OUTER_BOUND('',#1162,.T.);
#938=FACE_OUTER_BOUND('',#1163,.T.);
#939=FACE_OUTER_BOUND('',#1164,.T.);
#940=FACE_OUTER_BOUND('',#1165,.T.);
#941=FACE_OUTER_BOUND('',#1166,.T.);
#942=FACE_OUTER_BOUND('',#1167,.T.);
#943=FACE_OUTER_BOUND('',#1168,.T.);
#944=FACE_OUTER_BOUND('',#1169,.T.);
#945=FACE_OUTER_BOUND('',#1170,.T.);
#946=FACE_OUTER_BOUND('',#1171,.T.);
#947=FACE_OUTER_BOUND('',#1172,.T.);
#948=FACE_OUTER_BOUND('',#1173,.T.);
#949=FACE_OUTER_BOUND('',#1174,.T.);
#950=FACE_OUTER_BOUND('',#1175,.T.);
#951=FACE_OUTER_BOUND('',#1176,.T.);
#952=FACE_OUTER_BOUND('',#1177,.T.);
#953=FACE_OUTER_BOUND('',#1178,.T.);
#954=FACE_OUTER_BOUND('',#1179,.T.);
#955=FACE_OUTER_BOUND('',#1180,.T.);
#956=FACE_OUTER_BOUND('',#1181,.T.);
#957=FACE_OUTER_BOUND('',#1182,.T.);
#958=FACE_OUTER_BOUND('',#1183,.T.);
#959=FACE_OUTER_BOUND('',#1184,.T.);
#960=FACE_OUTER_BOUND('',#1185,.T.);
#961=FACE_OUTER_BOUND('',#1186,.T.);
#962=FACE_OUTER_BOUND('',#1187,.T.);
#963=FACE_OUTER_BOUND('',#1188,.T.);
#964=FACE_OUTER_BOUND('',#1189,.T.);
#965=FACE_OUTER_BOUND('',#1190,.T.);
#966=FACE_OUTER_BOUND('',#1191,.T.);
#967=FACE_OUTER_BOUND('',#1192,.T.);
#968=FACE_OUTER_BOUND('',#1193,.T.);
#969=FACE_OUTER_BOUND('',#1194,.T.);
#970=FACE_OUTER_BOUND('',#1195,.T.);
#971=FACE_OUTER_BOUND('',#1196,.T.);
#972=FACE_OUTER_BOUND('',#1197,.T.);
#973=FACE_OUTER_BOUND('',#1198,.T.);
#974=FACE_OUTER_BOUND('',#1199,.T.);
#975=FACE_OUTER_BOUND('',#1200,.T.);
#976=FACE_OUTER_BOUND('',#1201,.T.);
#977=FACE_OUTER_BOUND('',#1202,.T.);
#978=FACE_OUTER_BOUND('',#1203,.T.);
#979=FACE_OUTER_BOUND('',#1204,.T.);
#980=FACE_OUTER_BOUND('',#1205,.T.);
#981=FACE_OUTER_BOUND('',#1206,.T.);
#982=FACE_OUTER_BOUND('',#1207,.T.);
#983=FACE_OUTER_BOUND('',#1208,.T.);
#984=FACE_OUTER_BOUND('',#1209,.T.);
#985=FACE_OUTER_BOUND('',#1210,.T.);
#986=FACE_OUTER_BOUND('',#1211,.T.);
#987=FACE_OUTER_BOUND('',#1212,.T.);
#988=FACE_OUTER_BOUND('',#1213,.T.);
#989=FACE_OUTER_BOUND('',#1214,.T.);
#990=FACE_OUTER_BOUND('',#1215,.T.);
#991=FACE_OUTER_BOUND('',#1217,.T.);
#992=FACE_OUTER_BOUND('',#1218,.T.);
#993=FACE_OUTER_BOUND('',#1219,.T.);
#994=FACE_OUTER_BOUND('',#1220,.T.);
#995=FACE_OUTER_BOUND('',#1221,.T.);
#996=FACE_OUTER_BOUND('',#1222,.T.);
#997=FACE_OUTER_BOUND('',#1223,.T.);
#998=FACE_OUTER_BOUND('',#1224,.T.);
#999=FACE_OUTER_BOUND('',#1225,.T.);
#1000=FACE_OUTER_BOUND('',#1226,.T.);
#1001=FACE_OUTER_BOUND('',#1227,.T.);
#1002=FACE_OUTER_BOUND('',#1228,.T.);
#1003=FACE_OUTER_BOUND('',#1229,.T.);
#1004=FACE_OUTER_BOUND('',#1230,.T.);
#1005=FACE_OUTER_BOUND('',#1231,.T.);
#1006=FACE_OUTER_BOUND('',#1232,.T.);
#1007=FACE_OUTER_BOUND('',#1233,.T.);
#1008=FACE_OUTER_BOUND('',#1234,.T.);
#1009=FACE_OUTER_BOUND('',#1235,.T.);
#1010=FACE_OUTER_BOUND('',#1236,.T.);
#1011=FACE_OUTER_BOUND('',#1237,.T.);
#1012=FACE_OUTER_BOUND('',#1238,.T.);
#1013=FACE_OUTER_BOUND('',#1239,.T.);
#1014=FACE_OUTER_BOUND('',#1240,.T.);
#1015=FACE_OUTER_BOUND('',#1241,.T.);
#1016=FACE_OUTER_BOUND('',#1242,.T.);
#1017=EDGE_LOOP('',(#2308,#2309,#2310,#2311));
#1018=EDGE_LOOP('',(#2312,#2313,#2314,#2315));
#1019=EDGE_LOOP('',(#2316,#2317,#2318,#2319));
#1020=EDGE_LOOP('',(#2320,#2321,#2322,#2323));
#1021=EDGE_LOOP('',(#2324,#2325,#2326,#2327));
#1022=EDGE_LOOP('',(#2328,#2329,#2330,#2331));
#1023=EDGE_LOOP('',(#2332,#2333,#2334,#2335));
#1024=EDGE_LOOP('',(#2336,#2337,#2338,#2339));
#1025=EDGE_LOOP('',(#2340,#2341,#2342,#2343));
#1026=EDGE_LOOP('',(#2344,#2345,#2346,#2347));
#1027=EDGE_LOOP('',(#2348,#2349,#2350,#2351));
#1028=EDGE_LOOP('',(#2352,#2353,#2354,#2355));
#1029=EDGE_LOOP('',(#2356,#2357,#2358,#2359,#2360,#2361,#2362,#2363,#2364,
#2365,#2366,#2367,#2368,#2369,#2370,#2371,#2372,#2373,#2374,#2375,#2376,
#2377,#2378,#2379,#2380,#2381,#2382,#2383,#2384,#2385,#2386,#2387,#2388,
#2389,#2390,#2391,#2392,#2393,#2394,#2395));
#1030=EDGE_LOOP('',(#2396,#2397,#2398,#2399));
#1031=EDGE_LOOP('',(#2400,#2401,#2402,#2403,#2404,#2405,#2406));
#1032=EDGE_LOOP('',(#2407,#2408,#2409,#2410));
#1033=EDGE_LOOP('',(#2411,#2412,#2413,#2414));
#1034=EDGE_LOOP('',(#2415,#2416,#2417,#2418,#2419,#2420,#2421,#2422,#2423,
#2424));
#1035=EDGE_LOOP('',(#2425,#2426,#2427,#2428));
#1036=EDGE_LOOP('',(#2429,#2430,#2431,#2432));
#1037=EDGE_LOOP('',(#2433,#2434,#2435,#2436));
#1038=EDGE_LOOP('',(#2437,#2438,#2439,#2440,#2441,#2442));
#1039=EDGE_LOOP('',(#2443,#2444,#2445,#2446));
#1040=EDGE_LOOP('',(#2447,#2448,#2449,#2450));
#1041=EDGE_LOOP('',(#2451,#2452,#2453,#2454));
#1042=EDGE_LOOP('',(#2455,#2456,#2457,#2458,#2459,#2460));
#1043=EDGE_LOOP('',(#2461,#2462,#2463,#2464));
#1044=EDGE_LOOP('',(#2465,#2466,#2467,#2468,#2469,#2470,#2471,#2472));
#1045=EDGE_LOOP('',(#2473,#2474,#2475,#2476));
#1046=EDGE_LOOP('',(#2477,#2478,#2479,#2480));
#1047=EDGE_LOOP('',(#2481,#2482,#2483,#2484));
#1048=EDGE_LOOP('',(#2485,#2486,#2487,#2488));
#1049=EDGE_LOOP('',(#2489,#2490,#2491,#2492,#2493,#2494,#2495,#2496));
#1050=EDGE_LOOP('',(#2497,#2498,#2499,#2500));
#1051=EDGE_LOOP('',(#2501,#2502,#2503,#2504));
#1052=EDGE_LOOP('',(#2505));
#1053=EDGE_LOOP('',(#2506,#2507,#2508,#2509,#2510));
#1054=EDGE_LOOP('',(#2511,#2512,#2513,#2514));
#1055=EDGE_LOOP('',(#2515,#2516,#2517,#2518));
#1056=EDGE_LOOP('',(#2519,#2520,#2521,#2522));
#1057=EDGE_LOOP('',(#2523,#2524,#2525,#2526));
#1058=EDGE_LOOP('',(#2527,#2528,#2529,#2530,#2531));
#1059=EDGE_LOOP('',(#2532,#2533,#2534,#2535));
#1060=EDGE_LOOP('',(#2536,#2537,#2538));
#1061=EDGE_LOOP('',(#2539,#2540,#2541));
#1062=EDGE_LOOP('',(#2542,#2543,#2544));
#1063=EDGE_LOOP('',(#2545,#2546,#2547));
#1064=EDGE_LOOP('',(#2548,#2549,#2550));
#1065=EDGE_LOOP('',(#2551,#2552,#2553,#2554));
#1066=EDGE_LOOP('',(#2555,#2556,#2557));
#1067=EDGE_LOOP('',(#2558,#2559,#2560,#2561));
#1068=EDGE_LOOP('',(#2562,#2563,#2564));
#1069=EDGE_LOOP('',(#2565,#2566,#2567));
#1070=EDGE_LOOP('',(#2568,#2569,#2570,#2571));
#1071=EDGE_LOOP('',(#2572,#2573,#2574,#2575));
#1072=EDGE_LOOP('',(#2576,#2577,#2578));
#1073=EDGE_LOOP('',(#2579,#2580,#2581,#2582));
#1074=EDGE_LOOP('',(#2583,#2584,#2585));
#1075=EDGE_LOOP('',(#2586,#2587,#2588,#2589));
#1076=EDGE_LOOP('',(#2590,#2591,#2592,#2593));
#1077=EDGE_LOOP('',(#2594,#2595,#2596,#2597));
#1078=EDGE_LOOP('',(#2598,#2599,#2600,#2601));
#1079=EDGE_LOOP('',(#2602,#2603,#2604,#2605));
#1080=EDGE_LOOP('',(#2606,#2607,#2608,#2609));
#1081=EDGE_LOOP('',(#2610,#2611,#2612,#2613));
#1082=EDGE_LOOP('',(#2614,#2615,#2616,#2617));
#1083=EDGE_LOOP('',(#2618,#2619,#2620,#2621));
#1084=EDGE_LOOP('',(#2622,#2623,#2624,#2625));
#1085=EDGE_LOOP('',(#2626,#2627,#2628,#2629));
#1086=EDGE_LOOP('',(#2630,#2631,#2632,#2633));
#1087=EDGE_LOOP('',(#2634,#2635,#2636,#2637));
#1088=EDGE_LOOP('',(#2638,#2639,#2640,#2641));
#1089=EDGE_LOOP('',(#2642,#2643,#2644,#2645));
#1090=EDGE_LOOP('',(#2646,#2647,#2648,#2649));
#1091=EDGE_LOOP('',(#2650,#2651,#2652,#2653,#2654,#2655,#2656,#2657,#2658,
#2659));
#1092=EDGE_LOOP('',(#2660,#2661,#2662,#2663));
#1093=EDGE_LOOP('',(#2664,#2665,#2666,#2667));
#1094=EDGE_LOOP('',(#2668,#2669,#2670,#2671,#2672,#2673,#2674));
#1095=EDGE_LOOP('',(#2675,#2676,#2677,#2678,#2679,#2680,#2681));
#1096=EDGE_LOOP('',(#2682,#2683,#2684,#2685,#2686,#2687,#2688,#2689,#2690,
#2691,#2692));
#1097=EDGE_LOOP('',(#2693,#2694,#2695,#2696,#2697,#2698,#2699));
#1098=EDGE_LOOP('',(#2700,#2701,#2702,#2703,#2704,#2705,#2706,#2707,#2708,
#2709,#2710));
#1099=EDGE_LOOP('',(#2711,#2712,#2713,#2714,#2715,#2716,#2717,#2718,#2719,
#2720,#2721));
#1100=EDGE_LOOP('',(#2722,#2723,#2724,#2725));
#1101=EDGE_LOOP('',(#2726,#2727,#2728,#2729));
#1102=EDGE_LOOP('',(#2730,#2731,#2732,#2733));
#1103=EDGE_LOOP('',(#2734,#2735,#2736,#2737));
#1104=EDGE_LOOP('',(#2738,#2739,#2740,#2741));
#1105=EDGE_LOOP('',(#2742,#2743,#2744,#2745));
#1106=EDGE_LOOP('',(#2746,#2747,#2748,#2749));
#1107=EDGE_LOOP('',(#2750,#2751,#2752,#2753));
#1108=EDGE_LOOP('',(#2754,#2755,#2756,#2757));
#1109=EDGE_LOOP('',(#2758,#2759,#2760,#2761));
#1110=EDGE_LOOP('',(#2762,#2763,#2764,#2765));
#1111=EDGE_LOOP('',(#2766,#2767,#2768,#2769));
#1112=EDGE_LOOP('',(#2770,#2771,#2772,#2773));
#1113=EDGE_LOOP('',(#2774,#2775,#2776,#2777));
#1114=EDGE_LOOP('',(#2778,#2779,#2780,#2781));
#1115=EDGE_LOOP('',(#2782,#2783,#2784,#2785));
#1116=EDGE_LOOP('',(#2786,#2787,#2788,#2789));
#1117=EDGE_LOOP('',(#2790,#2791,#2792,#2793));
#1118=EDGE_LOOP('',(#2794,#2795,#2796,#2797));
#1119=EDGE_LOOP('',(#2798,#2799,#2800,#2801));
#1120=EDGE_LOOP('',(#2802,#2803,#2804,#2805));
#1121=EDGE_LOOP('',(#2806,#2807,#2808,#2809));
#1122=EDGE_LOOP('',(#2810,#2811,#2812,#2813));
#1123=EDGE_LOOP('',(#2814,#2815,#2816,#2817));
#1124=EDGE_LOOP('',(#2818,#2819,#2820,#2821));
#1125=EDGE_LOOP('',(#2822,#2823,#2824,#2825));
#1126=EDGE_LOOP('',(#2826,#2827,#2828,#2829));
#1127=EDGE_LOOP('',(#2830,#2831,#2832,#2833));
#1128=EDGE_LOOP('',(#2834,#2835,#2836,#2837));
#1129=EDGE_LOOP('',(#2838,#2839,#2840,#2841));
#1130=EDGE_LOOP('',(#2842,#2843,#2844,#2845));
#1131=EDGE_LOOP('',(#2846,#2847,#2848,#2849));
#1132=EDGE_LOOP('',(#2850,#2851,#2852,#2853));
#1133=EDGE_LOOP('',(#2854,#2855,#2856,#2857,#2858,#2859,#2860));
#1134=EDGE_LOOP('',(#2861,#2862,#2863,#2864));
#1135=EDGE_LOOP('',(#2865,#2866,#2867,#2868));
#1136=EDGE_LOOP('',(#2869,#2870,#2871,#2872));
#1137=EDGE_LOOP('',(#2873,#2874,#2875,#2876));
#1138=EDGE_LOOP('',(#2877,#2878,#2879,#2880));
#1139=EDGE_LOOP('',(#2881,#2882,#2883,#2884));
#1140=EDGE_LOOP('',(#2885,#2886,#2887,#2888));
#1141=EDGE_LOOP('',(#2889,#2890,#2891,#2892));
#1142=EDGE_LOOP('',(#2893,#2894,#2895,#2896));
#1143=EDGE_LOOP('',(#2897,#2898,#2899,#2900));
#1144=EDGE_LOOP('',(#2901,#2902,#2903,#2904));
#1145=EDGE_LOOP('',(#2905,#2906,#2907,#2908));
#1146=EDGE_LOOP('',(#2909,#2910,#2911,#2912));
#1147=EDGE_LOOP('',(#2913,#2914,#2915,#2916));
#1148=EDGE_LOOP('',(#2917,#2918,#2919,#2920));
#1149=EDGE_LOOP('',(#2921,#2922,#2923,#2924));
#1150=EDGE_LOOP('',(#2925,#2926,#2927,#2928,#2929));
#1151=EDGE_LOOP('',(#2930,#2931,#2932,#2933,#2934,#2935));
#1152=EDGE_LOOP('',(#2936,#2937,#2938,#2939));
#1153=EDGE_LOOP('',(#2940,#2941,#2942,#2943,#2944,#2945,#2946,#2947,#2948,
#2949,#2950));
#1154=EDGE_LOOP('',(#2951,#2952,#2953,#2954,#2955));
#1155=EDGE_LOOP('',(#2956,#2957,#2958,#2959,#2960));
#1156=EDGE_LOOP('',(#2961,#2962,#2963,#2964));
#1157=EDGE_LOOP('',(#2965,#2966,#2967,#2968));
#1158=EDGE_LOOP('',(#2969,#2970,#2971,#2972));
#1159=EDGE_LOOP('',(#2973,#2974,#2975,#2976));
#1160=EDGE_LOOP('',(#2977,#2978,#2979,#2980));
#1161=EDGE_LOOP('',(#2981,#2982,#2983,#2984));
#1162=EDGE_LOOP('',(#2985,#2986,#2987,#2988));
#1163=EDGE_LOOP('',(#2989,#2990,#2991,#2992));
#1164=EDGE_LOOP('',(#2993,#2994,#2995,#2996));
#1165=EDGE_LOOP('',(#2997,#2998,#2999,#3000));
#1166=EDGE_LOOP('',(#3001,#3002,#3003,#3004));
#1167=EDGE_LOOP('',(#3005,#3006,#3007,#3008));
#1168=EDGE_LOOP('',(#3009,#3010,#3011,#3012));
#1169=EDGE_LOOP('',(#3013,#3014,#3015,#3016));
#1170=EDGE_LOOP('',(#3017,#3018,#3019,#3020));
#1171=EDGE_LOOP('',(#3021,#3022,#3023,#3024));
#1172=EDGE_LOOP('',(#3025,#3026,#3027,#3028));
#1173=EDGE_LOOP('',(#3029,#3030,#3031,#3032));
#1174=EDGE_LOOP('',(#3033,#3034,#3035,#3036));
#1175=EDGE_LOOP('',(#3037,#3038,#3039,#3040));
#1176=EDGE_LOOP('',(#3041,#3042,#3043,#3044));
#1177=EDGE_LOOP('',(#3045,#3046,#3047,#3048));
#1178=EDGE_LOOP('',(#3049,#3050,#3051,#3052));
#1179=EDGE_LOOP('',(#3053,#3054,#3055,#3056));
#1180=EDGE_LOOP('',(#3057,#3058,#3059,#3060));
#1181=EDGE_LOOP('',(#3061,#3062,#3063,#3064));
#1182=EDGE_LOOP('',(#3065,#3066,#3067,#3068));
#1183=EDGE_LOOP('',(#3069,#3070,#3071,#3072));
#1184=EDGE_LOOP('',(#3073,#3074,#3075,#3076));
#1185=EDGE_LOOP('',(#3077,#3078,#3079,#3080));
#1186=EDGE_LOOP('',(#3081,#3082,#3083,#3084));
#1187=EDGE_LOOP('',(#3085,#3086,#3087,#3088));
#1188=EDGE_LOOP('',(#3089,#3090,#3091,#3092,#3093,#3094,#3095,#3096,#3097,
#3098,#3099));
#1189=EDGE_LOOP('',(#3100,#3101,#3102,#3103,#3104,#3105,#3106));
#1190=EDGE_LOOP('',(#3107,#3108,#3109,#3110));
#1191=EDGE_LOOP('',(#3111,#3112,#3113,#3114));
#1192=EDGE_LOOP('',(#3115,#3116,#3117,#3118));
#1193=EDGE_LOOP('',(#3119,#3120,#3121,#3122));
#1194=EDGE_LOOP('',(#3123,#3124,#3125,#3126));
#1195=EDGE_LOOP('',(#3127,#3128,#3129,#3130));
#1196=EDGE_LOOP('',(#3131,#3132,#3133,#3134));
#1197=EDGE_LOOP('',(#3135,#3136,#3137,#3138));
#1198=EDGE_LOOP('',(#3139,#3140,#3141,#3142));
#1199=EDGE_LOOP('',(#3143,#3144,#3145,#3146));
#1200=EDGE_LOOP('',(#3147,#3148,#3149,#3150));
#1201=EDGE_LOOP('',(#3151,#3152,#3153,#3154));
#1202=EDGE_LOOP('',(#3155,#3156,#3157,#3158));
#1203=EDGE_LOOP('',(#3159,#3160,#3161,#3162));
#1204=EDGE_LOOP('',(#3163,#3164,#3165,#3166));
#1205=EDGE_LOOP('',(#3167,#3168,#3169,#3170));
#1206=EDGE_LOOP('',(#3171,#3172,#3173,#3174));
#1207=EDGE_LOOP('',(#3175,#3176,#3177,#3178));
#1208=EDGE_LOOP('',(#3179,#3180,#3181,#3182));
#1209=EDGE_LOOP('',(#3183,#3184,#3185,#3186));
#1210=EDGE_LOOP('',(#3187,#3188,#3189,#3190));
#1211=EDGE_LOOP('',(#3191,#3192,#3193,#3194));
#1212=EDGE_LOOP('',(#3195,#3196,#3197,#3198));
#1213=EDGE_LOOP('',(#3199,#3200,#3201,#3202));
#1214=EDGE_LOOP('',(#3203,#3204,#3205,#3206));
#1215=EDGE_LOOP('',(#3207,#3208,#3209,#3210,#3211,#3212,#3213,#3214,#3215,
#3216,#3217));
#1216=EDGE_LOOP('',(#3218,#3219,#3220,#3221,#3222,#3223,#3224));
#1217=EDGE_LOOP('',(#3225,#3226,#3227,#3228,#3229,#3230,#3231));
#1218=EDGE_LOOP('',(#3232,#3233,#3234,#3235,#3236));
#1219=EDGE_LOOP('',(#3237,#3238,#3239,#3240));
#1220=EDGE_LOOP('',(#3241,#3242,#3243,#3244));
#1221=EDGE_LOOP('',(#3245,#3246,#3247,#3248));
#1222=EDGE_LOOP('',(#3249,#3250,#3251,#3252));
#1223=EDGE_LOOP('',(#3253,#3254,#3255,#3256));
#1224=EDGE_LOOP('',(#3257,#3258,#3259,#3260));
#1225=EDGE_LOOP('',(#3261,#3262,#3263,#3264));
#1226=EDGE_LOOP('',(#3265,#3266,#3267,#3268));
#1227=EDGE_LOOP('',(#3269,#3270,#3271,#3272));
#1228=EDGE_LOOP('',(#3273,#3274,#3275,#3276));
#1229=EDGE_LOOP('',(#3277,#3278,#3279,#3280));
#1230=EDGE_LOOP('',(#3281,#3282,#3283,#3284));
#1231=EDGE_LOOP('',(#3285,#3286,#3287,#3288));
#1232=EDGE_LOOP('',(#3289,#3290,#3291,#3292,#3293,#3294,#3295,#3296,#3297,
#3298,#3299,#3300,#3301,#3302,#3303,#3304,#3305,#3306,#3307,#3308,#3309,
#3310));
#1233=EDGE_LOOP('',(#3311,#3312,#3313,#3314));
#1234=EDGE_LOOP('',(#3315,#3316,#3317,#3318));
#1235=EDGE_LOOP('',(#3319,#3320,#3321,#3322,#3323,#3324,#3325,#3326,#3327,
#3328,#3329,#3330,#3331,#3332,#3333,#3334,#3335,#3336,#3337,#3338,#3339,
#3340));
#1236=EDGE_LOOP('',(#3341,#3342));
#1237=EDGE_LOOP('',(#3343,#3344,#3345,#3346,#3347,#3348));
#1238=EDGE_LOOP('',(#3349,#3350,#3351,#3352));
#1239=EDGE_LOOP('',(#3353,#3354,#3355,#3356,#3357));
#1240=EDGE_LOOP('',(#3358,#3359,#3360,#3361));
#1241=EDGE_LOOP('',(#3362,#3363,#3364,#3365,#3366,#3367));
#1242=EDGE_LOOP('',(#3368,#3369,#3370,#3371,#3372,#3373));
#1243=ELLIPSE('',#3645,0.0456892551266298,0.035);
#1244=ELLIPSE('',#3647,0.0310243135947641,0.01);
#1245=ELLIPSE('',#3651,0.0310243135947641,0.01);
#1246=ELLIPSE('',#3652,0.0456892551266298,0.035);
#1247=ELLIPSE('',#3707,0.0130540728933228,0.01);
#1248=ELLIPSE('',#3715,0.0137447532049279,0.01);
#1249=ELLIPSE('',#3718,0.0137447532049279,0.01);
#1250=ELLIPSE('',#3724,0.0130540728933228,0.01);
#1251=ELLIPSE('',#3726,0.122708285197234,0.094);
#1252=ELLIPSE('',#3742,0.173024053981075,0.154);
#1253=ELLIPSE('',#3756,0.014142135623731,0.01);
#1254=ELLIPSE('',#3759,0.014142135623731,0.01);
#1255=CIRCLE('',#3644,0.025);
#1256=CIRCLE('',#3646,0.025);
#1257=CIRCLE('',#3649,0.025);
#1258=CIRCLE('',#3650,0.025);
#1259=CIRCLE('',#3654,0.025);
#1260=CIRCLE('',#3656,0.025);
#1261=CIRCLE('',#3657,0.035);
#1262=CIRCLE('',#3658,0.01);
#1263=CIRCLE('',#3660,0.025);
#1264=CIRCLE('',#3662,0.025);
#1265=CIRCLE('',#3663,0.01);
#1266=CIRCLE('',#3664,0.035);
#1267=CIRCLE('',#3666,0.025);
#1268=CIRCLE('',#3668,0.025);
#1269=CIRCLE('',#3669,0.01);
#1270=CIRCLE('',#3670,0.035);
#1271=CIRCLE('',#3672,0.025);
#1272=CIRCLE('',#3674,0.025);
#1273=CIRCLE('',#3675,0.035);
#1274=CIRCLE('',#3676,0.01);
#1275=CIRCLE('',#3679,0.04);
#1276=CIRCLE('',#3680,0.03);
#1277=CIRCLE('',#3681,0.04);
#1278=CIRCLE('',#3682,0.04);
#1279=CIRCLE('',#3683,0.03);
#1280=CIRCLE('',#3684,0.04);
#1281=CIRCLE('',#3685,0.04);
#1282=CIRCLE('',#3686,0.03);
#1283=CIRCLE('',#3687,0.04);
#1284=CIRCLE('',#3688,0.04);
#1285=CIRCLE('',#3689,0.03);
#1286=CIRCLE('',#3690,0.04);
#1287=CIRCLE('',#3691,0.04);
#1288=CIRCLE('',#3692,0.03);
#1289=CIRCLE('',#3693,0.04);
#1290=CIRCLE('',#3694,0.04);
#1291=CIRCLE('',#3695,0.03);
#1292=CIRCLE('',#3696,0.04);
#1293=CIRCLE('',#3697,0.04);
#1294=CIRCLE('',#3698,0.03);
#1295=CIRCLE('',#3699,0.04);
#1296=CIRCLE('',#3700,0.04);
#1297=CIRCLE('',#3701,0.03);
#1298=CIRCLE('',#3702,0.04);
#1299=CIRCLE('',#3704,0.01);
#1300=CIRCLE('',#3709,0.01);
#1301=CIRCLE('',#3712,0.00999999999999999);
#1302=CIRCLE('',#3713,0.01);
#1303=CIRCLE('',#3719,0.01);
#1304=CIRCLE('',#3720,0.00999999999999999);
#1305=CIRCLE('',#3728,0.01);
#1306=CIRCLE('',#3729,0.02);
#1307=CIRCLE('',#3730,0.01);
#1308=CIRCLE('',#3731,0.03);
#1309=CIRCLE('',#3733,0.01);
#1310=CIRCLE('',#3735,0.01);
#1311=CIRCLE('',#3736,0.03);
#1312=CIRCLE('',#3737,0.02);
#1313=CIRCLE('',#3739,0.154);
#1314=CIRCLE('',#3740,0.144);
#1315=CIRCLE('',#3743,0.154);
#1316=CIRCLE('',#3744,0.154);
#1317=CIRCLE('',#3746,0.03);
#1318=CIRCLE('',#3748,0.0690551181102362);
#1319=CIRCLE('',#3750,0.01);
#1320=CIRCLE('',#3751,0.144);
#1321=CIRCLE('',#3753,0.00999999999999999);
#1322=CIRCLE('',#3754,0.02);
#1323=CIRCLE('',#3758,0.00999999999999999);
#1324=CIRCLE('',#3761,0.00999999999999996);
#1325=CIRCLE('',#3762,0.02);
#1326=CIRCLE('',#3763,0.03);
#1327=CIRCLE('',#3765,0.144);
#1328=CIRCLE('',#3768,0.0100000000000001);
#1329=CIRCLE('',#3769,0.00999999999999999);
#1330=CIRCLE('',#3770,0.00999999999999999);
#1331=CIRCLE('',#3772,0.00999999999999999);
#1332=CIRCLE('',#3773,0.00999999999999999);
#1333=CIRCLE('',#3775,0.00999999999999999);
#1334=CIRCLE('',#3776,0.0100000000000005);
#1335=CIRCLE('',#3777,0.00999999999999999);
#1336=CIRCLE('',#3779,0.00999999999999999);
#1337=CIRCLE('',#3780,0.01);
#1338=CIRCLE('',#3781,0.00999999999999999);
#1339=CIRCLE('',#3783,0.00999999999999999);
#1340=CIRCLE('',#3784,0.0100000000000001);
#1341=CIRCLE('',#3785,0.00999999999999999);
#1342=CIRCLE('',#3788,0.0100000000000001);
#1343=CIRCLE('',#3789,0.00999999999999999);
#1344=CIRCLE('',#3790,0.00999999999999999);
#1345=CIRCLE('',#3793,0.00999999999999999);
#1346=CIRCLE('',#3794,0.01);
#1347=CIRCLE('',#3795,0.00999999999999999);
#1348=CIRCLE('',#3797,0.00999999999999999);
#1349=CIRCLE('',#3798,0.00999999999999999);
#1350=CIRCLE('',#3799,0.00999999999999999);
#1351=CIRCLE('',#3803,0.0100000000000001);
#1352=CIRCLE('',#3804,0.00999999999999999);
#1353=CIRCLE('',#3805,0.00999999999999999);
#1354=CIRCLE('',#3808,0.00999999999999999);
#1355=CIRCLE('',#3809,0.00999999999999999);
#1356=CIRCLE('',#3810,0.00999999999999999);
#1357=CIRCLE('',#3815,0.00999999999999999);
#1358=CIRCLE('',#3817,0.01);
#1359=CIRCLE('',#3818,0.035);
#1360=CIRCLE('',#3819,0.025);
#1361=CIRCLE('',#3822,0.0100000000000001);
#1362=CIRCLE('',#3824,0.00999999999999999);
#1363=CIRCLE('',#3825,0.035);
#1364=CIRCLE('',#3826,0.025);
#1365=CIRCLE('',#3841,0.01);
#1366=CIRCLE('',#3843,0.01);
#1367=CIRCLE('',#3844,0.03);
#1368=CIRCLE('',#3846,0.00999999999999998);
#1369=CIRCLE('',#3847,0.04);
#1370=CIRCLE('',#3849,0.01);
#1371=CIRCLE('',#3850,0.03);
#1372=CIRCLE('',#3852,0.01);
#1373=CIRCLE('',#3854,0.01);
#1374=CIRCLE('',#3855,0.03);
#1375=CIRCLE('',#3857,0.00999999999999998);
#1376=CIRCLE('',#3858,0.04);
#1377=CIRCLE('',#3860,0.01);
#1378=CIRCLE('',#3861,0.03);
#1379=CIRCLE('',#3863,0.01);
#1380=CIRCLE('',#3865,0.01);
#1381=CIRCLE('',#3866,0.03);
#1382=CIRCLE('',#3868,0.00999999999999998);
#1383=CIRCLE('',#3869,0.04);
#1384=CIRCLE('',#3871,0.01);
#1385=CIRCLE('',#3872,0.03);
#1386=CIRCLE('',#3874,0.01);
#1387=CIRCLE('',#3876,0.01);
#1388=CIRCLE('',#3877,0.03);
#1389=CIRCLE('',#3879,0.00999999999999998);
#1390=CIRCLE('',#3880,0.04);
#1391=CIRCLE('',#3882,0.03);
#1392=CIRCLE('',#3884,0.01);
#1393=CIRCLE('',#3886,0.01);
#1394=CIRCLE('',#3887,0.03);
#1395=CIRCLE('',#3889,0.01);
#1396=CIRCLE('',#3890,0.04);
#1397=CIRCLE('',#3892,0.01);
#1398=CIRCLE('',#3893,0.03);
#1399=CIRCLE('',#3895,0.01);
#1400=CIRCLE('',#3897,0.01);
#1401=CIRCLE('',#3898,0.03);
#1402=CIRCLE('',#3900,0.01);
#1403=CIRCLE('',#3901,0.04);
#1404=CIRCLE('',#3903,0.01);
#1405=CIRCLE('',#3904,0.03);
#1406=CIRCLE('',#3906,0.01);
#1407=CIRCLE('',#3908,0.01);
#1408=CIRCLE('',#3909,0.03);
#1409=CIRCLE('',#3911,0.01);
#1410=CIRCLE('',#3912,0.04);
#1411=CIRCLE('',#3914,0.01);
#1412=CIRCLE('',#3915,0.03);
#1413=CIRCLE('',#3917,0.01);
#1414=CIRCLE('',#3919,0.01);
#1415=CIRCLE('',#3920,0.03);
#1416=CIRCLE('',#3922,0.01);
#1417=CIRCLE('',#3923,0.04);
#1418=CIRCLE('',#3925,0.01);
#1419=CIRCLE('',#3926,0.03);
#1420=CIRCLE('',#3930,0.03);
#1421=CIRCLE('',#3932,0.04);
#1422=CIRCLE('',#3934,0.03);
#1423=CIRCLE('',#3937,0.03);
#1424=CIRCLE('',#3939,0.04);
#1425=CIRCLE('',#3941,0.03);
#1426=CIRCLE('',#3944,0.03);
#1427=CIRCLE('',#3946,0.04);
#1428=CIRCLE('',#3948,0.03);
#1429=CIRCLE('',#3951,0.03);
#1430=CIRCLE('',#3953,0.04);
#1431=CIRCLE('',#3955,0.03);
#1432=CIRCLE('',#3958,0.0590551181102362);
#1433=CIRCLE('',#3959,0.0590551181102362);
#1434=CIRCLE('',#3961,0.0590551181102362);
#1435=CIRCLE('',#3962,0.0590551181102362);
#1436=CIRCLE('',#4000,0.03);
#1437=CIRCLE('',#4002,0.04);
#1438=CIRCLE('',#4004,0.03);
#1439=CIRCLE('',#4007,0.03);
#1440=CIRCLE('',#4009,0.04);
#1441=CIRCLE('',#4011,0.03);
#1442=CIRCLE('',#4014,0.03);
#1443=CIRCLE('',#4016,0.04);
#1444=CIRCLE('',#4018,0.03);
#1445=CIRCLE('',#4021,0.03);
#1446=CIRCLE('',#4023,0.03);
#1447=CIRCLE('',#4024,0.04);
#1448=CIRCLE('',#4029,0.0354330708661416);
#1449=CIRCLE('',#4030,0.0354330708661416);
#1450=VERTEX_POINT('',#5115);
#1451=VERTEX_POINT('',#5116);
#1452=VERTEX_POINT('',#5118);
#1453=VERTEX_POINT('',#5120);
#1454=VERTEX_POINT('',#5124);
#1455=VERTEX_POINT('',#5125);
#1456=VERTEX_POINT('',#5154);
#1457=VERTEX_POINT('',#5155);
#1458=VERTEX_POINT('',#5160);
#1459=VERTEX_POINT('',#5161);
#1460=VERTEX_POINT('',#5166);
#1461=VERTEX_POINT('',#5167);
#1462=VERTEX_POINT('',#5172);
#1463=VERTEX_POINT('',#5173);
#1464=VERTEX_POINT('',#5178);
#1465=VERTEX_POINT('',#5179);
#1466=VERTEX_POINT('',#5184);
#1467=VERTEX_POINT('',#5185);
#1468=VERTEX_POINT('',#5190);
#1469=VERTEX_POINT('',#5191);
#1470=VERTEX_POINT('',#5196);
#1471=VERTEX_POINT('',#5197);
#1472=VERTEX_POINT('',#5202);
#1473=VERTEX_POINT('',#5203);
#1474=VERTEX_POINT('',#5211);
#1475=VERTEX_POINT('',#5213);
#1476=VERTEX_POINT('',#5215);
#1477=VERTEX_POINT('',#5217);
#1478=VERTEX_POINT('',#5219);
#1479=VERTEX_POINT('',#5221);
#1480=VERTEX_POINT('',#5223);
#1481=VERTEX_POINT('',#5225);
#1482=VERTEX_POINT('',#5227);
#1483=VERTEX_POINT('',#5229);
#1484=VERTEX_POINT('',#5231);
#1485=VERTEX_POINT('',#5233);
#1486=VERTEX_POINT('',#5235);
#1487=VERTEX_POINT('',#5237);
#1488=VERTEX_POINT('',#5239);
#1489=VERTEX_POINT('',#5241);
#1490=VERTEX_POINT('',#5243);
#1491=VERTEX_POINT('',#5245);
#1492=VERTEX_POINT('',#5247);
#1493=VERTEX_POINT('',#5249);
#1494=VERTEX_POINT('',#5251);
#1495=VERTEX_POINT('',#5253);
#1496=VERTEX_POINT('',#5255);
#1497=VERTEX_POINT('',#5257);
#1498=VERTEX_POINT('',#5259);
#1499=VERTEX_POINT('',#5261);
#1500=VERTEX_POINT('',#5263);
#1501=VERTEX_POINT('',#5265);
#1502=VERTEX_POINT('',#5267);
#1503=VERTEX_POINT('',#5269);
#1504=VERTEX_POINT('',#5271);
#1505=VERTEX_POINT('',#5273);
#1506=VERTEX_POINT('',#5275);
#1507=VERTEX_POINT('',#5277);
#1508=VERTEX_POINT('',#5279);
#1509=VERTEX_POINT('',#5281);
#1510=VERTEX_POINT('',#5283);
#1511=VERTEX_POINT('',#5285);
#1512=VERTEX_POINT('',#5289);
#1513=VERTEX_POINT('',#5293);
#1514=VERTEX_POINT('',#5295);
#1515=VERTEX_POINT('',#5299);
#1516=VERTEX_POINT('',#5303);
#1517=VERTEX_POINT('',#5305);
#1518=VERTEX_POINT('',#5309);
#1519=VERTEX_POINT('',#5311);
#1520=VERTEX_POINT('',#5313);
#1521=VERTEX_POINT('',#5317);
#1522=VERTEX_POINT('',#5318);
#1523=VERTEX_POINT('',#5320);
#1524=VERTEX_POINT('',#5322);
#1525=VERTEX_POINT('',#5358);
#1526=VERTEX_POINT('',#5359);
#1527=VERTEX_POINT('',#5370);
#1528=VERTEX_POINT('',#5371);
#1529=VERTEX_POINT('',#5376);
#1530=VERTEX_POINT('',#5381);
#1531=VERTEX_POINT('',#5385);
#1532=VERTEX_POINT('',#5386);
#1533=VERTEX_POINT('',#5388);
#1534=VERTEX_POINT('',#5390);
#1535=VERTEX_POINT('',#5413);
#1536=VERTEX_POINT('',#5414);
#1537=VERTEX_POINT('',#5425);
#1538=VERTEX_POINT('',#5426);
#1539=VERTEX_POINT('',#5444);
#1540=VERTEX_POINT('',#5446);
#1541=VERTEX_POINT('',#5453);
#1542=VERTEX_POINT('',#5455);
#1543=VERTEX_POINT('',#5463);
#1544=VERTEX_POINT('',#5464);
#1545=VERTEX_POINT('',#5466);
#1546=VERTEX_POINT('',#5471);
#1547=VERTEX_POINT('',#5475);
#1548=VERTEX_POINT('',#5476);
#1549=VERTEX_POINT('',#5485);
#1550=VERTEX_POINT('',#5488);
#1551=VERTEX_POINT('',#5494);
#1552=VERTEX_POINT('',#5497);
#1553=VERTEX_POINT('',#5501);
#1554=VERTEX_POINT('',#5505);
#1555=VERTEX_POINT('',#5509);
#1556=VERTEX_POINT('',#5511);
#1557=VERTEX_POINT('',#5515);
#1558=VERTEX_POINT('',#5523);
#1559=VERTEX_POINT('',#5524);
#1560=VERTEX_POINT('',#5526);
#1561=VERTEX_POINT('',#5530);
#1562=VERTEX_POINT('',#5534);
#1563=VERTEX_POINT('',#5535);
#1564=VERTEX_POINT('',#5537);
#1565=VERTEX_POINT('',#5541);
#1566=VERTEX_POINT('',#5542);
#1567=VERTEX_POINT('',#5544);
#1568=VERTEX_POINT('',#5548);
#1569=VERTEX_POINT('',#5549);
#1570=VERTEX_POINT('',#5551);
#1571=VERTEX_POINT('',#5558);
#1572=VERTEX_POINT('',#5559);
#1573=VERTEX_POINT('',#5561);
#1574=VERTEX_POINT('',#5568);
#1575=VERTEX_POINT('',#5570);
#1576=VERTEX_POINT('',#5574);
#1577=VERTEX_POINT('',#5575);
#1578=VERTEX_POINT('',#5577);
#1579=VERTEX_POINT('',#5587);
#1580=VERTEX_POINT('',#5588);
#1581=VERTEX_POINT('',#5595);
#1582=VERTEX_POINT('',#5597);
#1583=VERTEX_POINT('',#5608);
#1584=VERTEX_POINT('',#5609);
#1585=VERTEX_POINT('',#5614);
#1586=VERTEX_POINT('',#5615);
#1587=VERTEX_POINT('',#5623);
#1588=VERTEX_POINT('',#5624);
#1589=VERTEX_POINT('',#5629);
#1590=VERTEX_POINT('',#5630);
#1591=VERTEX_POINT('',#5660);
#1592=VERTEX_POINT('',#5661);
#1593=VERTEX_POINT('',#5663);
#1594=VERTEX_POINT('',#5668);
#1595=VERTEX_POINT('',#5673);
#1596=VERTEX_POINT('',#5678);
#1597=VERTEX_POINT('',#5680);
#1598=VERTEX_POINT('',#5682);
#1599=VERTEX_POINT('',#5684);
#1600=VERTEX_POINT('',#5686);
#1601=VERTEX_POINT('',#5688);
#1602=VERTEX_POINT('',#5691);
#1603=VERTEX_POINT('',#5692);
#1604=VERTEX_POINT('',#5694);
#1605=VERTEX_POINT('',#5696);
#1606=VERTEX_POINT('',#5698);
#1607=VERTEX_POINT('',#5700);
#1608=VERTEX_POINT('',#5702);
#1609=VERTEX_POINT('',#5705);
#1610=VERTEX_POINT('',#5706);
#1611=VERTEX_POINT('',#5711);
#1612=VERTEX_POINT('',#5713);
#1613=VERTEX_POINT('',#5715);
#1614=VERTEX_POINT('',#5717);
#1615=VERTEX_POINT('',#5719);
#1616=VERTEX_POINT('',#5721);
#1617=VERTEX_POINT('',#5723);
#1618=VERTEX_POINT('',#5725);
#1619=VERTEX_POINT('',#5727);
#1620=VERTEX_POINT('',#5730);
#1621=VERTEX_POINT('',#5731);
#1622=VERTEX_POINT('',#5736);
#1623=VERTEX_POINT('',#5738);
#1624=VERTEX_POINT('',#5743);
#1625=VERTEX_POINT('',#5748);
#1626=VERTEX_POINT('',#5753);
#1627=VERTEX_POINT('',#5758);
#1628=VERTEX_POINT('',#5763);
#1629=VERTEX_POINT('',#5765);
#1630=VERTEX_POINT('',#5770);
#1631=VERTEX_POINT('',#5780);
#1632=VERTEX_POINT('',#5784);
#1633=VERTEX_POINT('',#5788);
#1634=VERTEX_POINT('',#5792);
#1635=VERTEX_POINT('',#5796);
#1636=VERTEX_POINT('',#5800);
#1637=VERTEX_POINT('',#5804);
#1638=VERTEX_POINT('',#5808);
#1639=VERTEX_POINT('',#5812);
#1640=VERTEX_POINT('',#5816);
#1641=VERTEX_POINT('',#5820);
#1642=VERTEX_POINT('',#5824);
#1643=VERTEX_POINT('',#5828);
#1644=VERTEX_POINT('',#5832);
#1645=VERTEX_POINT('',#5836);
#1646=VERTEX_POINT('',#5842);
#1647=VERTEX_POINT('',#5846);
#1648=VERTEX_POINT('',#5850);
#1649=VERTEX_POINT('',#5854);
#1650=VERTEX_POINT('',#5858);
#1651=VERTEX_POINT('',#5862);
#1652=VERTEX_POINT('',#5866);
#1653=VERTEX_POINT('',#5870);
#1654=VERTEX_POINT('',#5874);
#1655=VERTEX_POINT('',#5878);
#1656=VERTEX_POINT('',#5882);
#1657=VERTEX_POINT('',#5886);
#1658=VERTEX_POINT('',#5890);
#1659=VERTEX_POINT('',#5894);
#1660=VERTEX_POINT('',#5898);
#1661=VERTEX_POINT('',#5902);
#1662=VERTEX_POINT('',#5908);
#1663=VERTEX_POINT('',#5912);
#1664=VERTEX_POINT('',#5916);
#1665=VERTEX_POINT('',#5920);
#1666=VERTEX_POINT('',#5924);
#1667=VERTEX_POINT('',#5928);
#1668=VERTEX_POINT('',#5932);
#1669=VERTEX_POINT('',#5936);
#1670=VERTEX_POINT('',#5940);
#1671=VERTEX_POINT('',#5944);
#1672=VERTEX_POINT('',#5948);
#1673=VERTEX_POINT('',#5952);
#1674=VERTEX_POINT('',#5956);
#1675=VERTEX_POINT('',#5960);
#1676=VERTEX_POINT('',#5964);
#1677=VERTEX_POINT('',#5968);
#1678=VERTEX_POINT('',#5972);
#1679=VERTEX_POINT('',#5976);
#1680=VERTEX_POINT('',#5978);
#1681=VERTEX_POINT('',#5982);
#1682=VERTEX_POINT('',#5983);
#1683=VERTEX_POINT('',#6013);
#1684=VERTEX_POINT('',#6014);
#1685=VERTEX_POINT('',#6022);
#1686=VERTEX_POINT('',#6030);
#1687=VERTEX_POINT('',#6038);
#1688=VERTEX_POINT('',#6046);
#1689=VERTEX_POINT('',#6048);
#1690=VERTEX_POINT('',#6056);
#1691=VERTEX_POINT('',#6064);
#1692=VERTEX_POINT('',#6072);
#1693=VERTEX_POINT('',#6080);
#1694=VERTEX_POINT('',#6089);
#1695=VERTEX_POINT('',#6090);
#1696=VERTEX_POINT('',#6098);
#1697=VERTEX_POINT('',#6106);
#1698=VERTEX_POINT('',#6114);
#1699=VERTEX_POINT('',#6129);
#1700=VERTEX_POINT('',#6130);
#1701=VERTEX_POINT('',#6138);
#1702=VERTEX_POINT('',#6146);
#1703=VERTEX_POINT('',#6154);
#1704=VERTEX_POINT('',#6177);
#1705=VERTEX_POINT('',#6178);
#1706=VERTEX_POINT('',#6193);
#1707=VERTEX_POINT('',#6207);
#1708=VERTEX_POINT('',#6221);
#1709=VERTEX_POINT('',#6222);
#1710=VERTEX_POINT('',#6237);
#1711=VERTEX_POINT('',#6251);
#1712=VERTEX_POINT('',#6313);
#1713=VERTEX_POINT('',#6339);
#1714=VERTEX_POINT('',#6402);
#1715=VERTEX_POINT('',#6404);
#1716=VERTEX_POINT('',#6414);
#1717=VERTEX_POINT('',#6418);
#1718=VERTEX_POINT('',#6422);
#1719=VERTEX_POINT('',#6426);
#1720=VERTEX_POINT('',#6430);
#1721=VERTEX_POINT('',#6434);
#1722=VERTEX_POINT('',#6438);
#1723=VERTEX_POINT('',#6442);
#1724=VERTEX_POINT('',#6446);
#1725=VERTEX_POINT('',#6453);
#1726=VERTEX_POINT('',#6454);
#1727=VERTEX_POINT('',#6456);
#1728=VERTEX_POINT('',#6458);
#1729=VERTEX_POINT('',#6460);
#1730=VERTEX_POINT('',#6462);
#1731=VERTEX_POINT('',#6464);
#1732=VERTEX_POINT('',#6482);
#1733=VERTEX_POINT('',#6484);
#1734=VERTEX_POINT('',#6488);
#1735=VERTEX_POINT('',#6492);
#1736=VERTEX_POINT('',#6496);
#1737=VERTEX_POINT('',#6500);
#1738=VERTEX_POINT('',#6511);
#1739=VERTEX_POINT('',#6512);
#1740=VERTEX_POINT('',#6517);
#1741=VERTEX_POINT('',#6519);
#1742=VERTEX_POINT('',#6536);
#1743=VERTEX_POINT('',#6541);
#1744=VERTEX_POINT('',#6551);
#1745=VERTEX_POINT('',#6553);
#1746=VERTEX_POINT('',#6557);
#1747=VERTEX_POINT('',#6561);
#1748=VERTEX_POINT('',#6565);
#1749=VERTEX_POINT('',#6576);
#1750=VERTEX_POINT('',#6593);
#1751=VERTEX_POINT('',#6625);
#1752=VERTEX_POINT('',#6630);
#1753=VERTEX_POINT('',#6647);
#1754=VERTEX_POINT('',#6652);
#1755=VERTEX_POINT('',#6662);
#1756=VERTEX_POINT('',#6664);
#1757=VERTEX_POINT('',#6674);
#1758=VERTEX_POINT('',#6678);
#1759=VERTEX_POINT('',#6682);
#1760=VERTEX_POINT('',#6686);
#1761=VERTEX_POINT('',#6690);
#1762=VERTEX_POINT('',#6694);
#1763=VERTEX_POINT('',#6698);
#1764=VERTEX_POINT('',#6702);
#1765=VERTEX_POINT('',#6706);
#1766=VERTEX_POINT('',#6710);
#1767=VERTEX_POINT('',#6714);
#1768=VERTEX_POINT('',#6718);
#1769=VERTEX_POINT('',#6722);
#1770=VERTEX_POINT('',#6726);
#1771=VERTEX_POINT('',#6728);
#1772=VERTEX_POINT('',#6730);
#1773=VERTEX_POINT('',#6741);
#1774=VERTEX_POINT('',#6742);
#1775=EDGE_CURVE('',#1450,#1451,#1255,.T.);
#1776=EDGE_CURVE('',#1451,#1452,#1243,.T.);
#1777=EDGE_CURVE('',#1452,#1453,#1256,.T.);
#1778=EDGE_CURVE('',#1453,#1450,#1244,.T.);
#1779=EDGE_CURVE('',#1454,#1455,#1257,.T.);
#1780=EDGE_CURVE('',#1455,#1453,#199,.T.);
#1781=EDGE_CURVE('',#1452,#1454,#200,.T.);
#1782=EDGE_CURVE('',#1456,#1457,#1258,.T.);
#1783=EDGE_CURVE('',#1457,#1455,#1245,.T.);
#1784=EDGE_CURVE('',#1454,#1456,#1246,.T.);
#1785=EDGE_CURVE('',#1458,#1459,#1259,.T.);
#1786=EDGE_CURVE('',#1459,#1457,#201,.T.);
#1787=EDGE_CURVE('',#1456,#1458,#202,.T.);
#1788=EDGE_CURVE('',#1460,#1461,#1260,.T.);
#1789=EDGE_CURVE('',#1461,#1459,#1261,.T.);
#1790=EDGE_CURVE('',#1458,#1460,#1262,.T.);
#1791=EDGE_CURVE('',#1462,#1463,#1263,.T.);
#1792=EDGE_CURVE('',#1463,#1461,#203,.T.);
#1793=EDGE_CURVE('',#1460,#1462,#204,.T.);
#1794=EDGE_CURVE('',#1464,#1465,#1264,.T.);
#1795=EDGE_CURVE('',#1465,#1463,#1265,.T.);
#1796=EDGE_CURVE('',#1462,#1464,#1266,.T.);
#1797=EDGE_CURVE('',#1466,#1467,#1267,.T.);
#1798=EDGE_CURVE('',#1467,#1465,#205,.T.);
#1799=EDGE_CURVE('',#1464,#1466,#206,.T.);
#1800=EDGE_CURVE('',#1468,#1469,#1268,.T.);
#1801=EDGE_CURVE('',#1469,#1467,#1269,.T.);
#1802=EDGE_CURVE('',#1466,#1468,#1270,.T.);
#1803=EDGE_CURVE('',#1470,#1471,#1271,.T.);
#1804=EDGE_CURVE('',#1471,#1469,#207,.T.);
#1805=EDGE_CURVE('',#1468,#1470,#208,.T.);
#1806=EDGE_CURVE('',#1472,#1473,#1272,.T.);
#1807=EDGE_CURVE('',#1473,#1471,#1273,.T.);
#1808=EDGE_CURVE('',#1470,#1472,#1274,.T.);
#1809=EDGE_CURVE('',#1450,#1473,#209,.T.);
#1810=EDGE_CURVE('',#1472,#1451,#210,.T.);
#1811=EDGE_CURVE('',#1474,#1467,#211,.T.);
#1812=EDGE_CURVE('',#1475,#1474,#1275,.T.);
#1813=EDGE_CURVE('',#1476,#1475,#1276,.T.);
#1814=EDGE_CURVE('',#1477,#1476,#1277,.T.);
#1815=EDGE_CURVE('',#1478,#1477,#212,.T.);
#1816=EDGE_CURVE('',#1479,#1478,#1278,.T.);
#1817=EDGE_CURVE('',#1480,#1479,#1279,.T.);
#1818=EDGE_CURVE('',#1481,#1480,#1280,.T.);
#1819=EDGE_CURVE('',#1482,#1481,#213,.T.);
#1820=EDGE_CURVE('',#1483,#1482,#1281,.T.);
#1821=EDGE_CURVE('',#1484,#1483,#1282,.T.);
#1822=EDGE_CURVE('',#1485,#1484,#1283,.T.);
#1823=EDGE_CURVE('',#1486,#1485,#214,.T.);
#1824=EDGE_CURVE('',#1487,#1486,#1284,.T.);
#1825=EDGE_CURVE('',#1488,#1487,#1285,.T.);
#1826=EDGE_CURVE('',#1489,#1488,#1286,.T.);
#1827=EDGE_CURVE('',#1490,#1489,#215,.T.);
#1828=EDGE_CURVE('',#1491,#1490,#216,.T.);
#1829=EDGE_CURVE('',#1492,#1491,#217,.T.);
#1830=EDGE_CURVE('',#1493,#1492,#218,.T.);
#1831=EDGE_CURVE('',#1494,#1493,#219,.T.);
#1832=EDGE_CURVE('',#1495,#1494,#220,.T.);
#1833=EDGE_CURVE('',#1496,#1495,#221,.T.);
#1834=EDGE_CURVE('',#1497,#1496,#1287,.T.);
#1835=EDGE_CURVE('',#1498,#1497,#1288,.T.);
#1836=EDGE_CURVE('',#1499,#1498,#1289,.T.);
#1837=EDGE_CURVE('',#1500,#1499,#222,.T.);
#1838=EDGE_CURVE('',#1501,#1500,#1290,.T.);
#1839=EDGE_CURVE('',#1502,#1501,#1291,.T.);
#1840=EDGE_CURVE('',#1503,#1502,#1292,.T.);
#1841=EDGE_CURVE('',#1504,#1503,#223,.T.);
#1842=EDGE_CURVE('',#1505,#1504,#1293,.T.);
#1843=EDGE_CURVE('',#1506,#1505,#1294,.T.);
#1844=EDGE_CURVE('',#1507,#1506,#1295,.T.);
#1845=EDGE_CURVE('',#1508,#1507,#224,.T.);
#1846=EDGE_CURVE('',#1509,#1508,#1296,.T.);
#1847=EDGE_CURVE('',#1510,#1509,#1297,.T.);
#1848=EDGE_CURVE('',#1511,#1510,#1298,.T.);
#1849=EDGE_CURVE('',#1465,#1511,#225,.T.);
#1850=EDGE_CURVE('',#1469,#1512,#226,.T.);
#1851=EDGE_CURVE('',#1474,#1512,#1299,.T.);
#1852=EDGE_CURVE('',#1513,#1450,#227,.T.);
#1853=EDGE_CURVE('',#1514,#1513,#228,.T.);
#1854=EDGE_CURVE('',#1512,#1514,#229,.T.);
#1855=EDGE_CURVE('',#1453,#1515,#230,.T.);
#1856=EDGE_CURVE('',#1515,#1513,#1247,.F.);
#1857=EDGE_CURVE('',#1458,#1516,#231,.T.);
#1858=EDGE_CURVE('',#1516,#1517,#1300,.F.);
#1859=EDGE_CURVE('',#1517,#1460,#232,.T.);
#1860=EDGE_CURVE('',#1518,#1472,#233,.T.);
#1861=EDGE_CURVE('',#1519,#1518,#234,.T.);
#1862=EDGE_CURVE('',#1520,#1519,#235,.T.);
#1863=EDGE_CURVE('',#1516,#1520,#236,.T.);
#1864=EDGE_CURVE('',#1521,#1522,#1301,.T.);
#1865=EDGE_CURVE('',#1522,#1523,#237,.T.);
#1866=EDGE_CURVE('',#1523,#1524,#35,.F.);
#1867=EDGE_CURVE('',#1524,#1521,#238,.T.);
#1868=EDGE_CURVE('',#1525,#1526,#1302,.T.);
#1869=EDGE_CURVE('',#1526,#1522,#36,.T.);
#1870=EDGE_CURVE('',#1521,#1525,#37,.T.);
#1871=EDGE_CURVE('',#1527,#1528,#1248,.T.);
#1872=EDGE_CURVE('',#1528,#1526,#239,.T.);
#1873=EDGE_CURVE('',#1525,#1527,#240,.T.);
#1874=EDGE_CURVE('',#1529,#1524,#38,.F.);
#1875=EDGE_CURVE('',#1530,#1529,#241,.T.);
#1876=EDGE_CURVE('',#1530,#1527,#242,.T.);
#1877=EDGE_CURVE('',#1531,#1532,#1249,.T.);
#1878=EDGE_CURVE('',#1532,#1533,#243,.T.);
#1879=EDGE_CURVE('',#1533,#1534,#1303,.T.);
#1880=EDGE_CURVE('',#1534,#1531,#244,.T.);
#1881=EDGE_CURVE('',#1535,#1536,#1304,.T.);
#1882=EDGE_CURVE('',#1536,#1534,#39,.T.);
#1883=EDGE_CURVE('',#1533,#1535,#40,.T.);
#1884=EDGE_CURVE('',#1537,#1538,#41,.F.);
#1885=EDGE_CURVE('',#1538,#1536,#245,.T.);
#1886=EDGE_CURVE('',#1535,#1537,#246,.T.);
#1887=EDGE_CURVE('',#1539,#1532,#247,.T.);
#1888=EDGE_CURVE('',#1540,#1539,#248,.T.);
#1889=EDGE_CURVE('',#1537,#1540,#42,.F.);
#1890=EDGE_CURVE('',#1457,#1541,#249,.T.);
#1891=EDGE_CURVE('',#1541,#1542,#1250,.F.);
#1892=EDGE_CURVE('',#1542,#1455,#250,.T.);
#1893=EDGE_CURVE('',#1542,#1531,#251,.T.);
#1894=EDGE_CURVE('',#1526,#1534,#1251,.T.);
#1895=EDGE_CURVE('',#1528,#1515,#252,.T.);
#1896=EDGE_CURVE('',#1543,#1544,#1305,.T.);
#1897=EDGE_CURVE('',#1544,#1545,#1306,.T.);
#1898=EDGE_CURVE('',#1545,#1492,#1307,.T.);
#1899=EDGE_CURVE('',#1492,#1543,#1308,.T.);
#1900=EDGE_CURVE('',#1546,#1493,#1309,.T.);
#1901=EDGE_CURVE('',#1545,#1546,#253,.T.);
#1902=EDGE_CURVE('',#1547,#1548,#1310,.T.);
#1903=EDGE_CURVE('',#1548,#1493,#1311,.T.);
#1904=EDGE_CURVE('',#1546,#1547,#1312,.T.);
#1905=EDGE_CURVE('',#1543,#1548,#1313,.T.);
#1906=EDGE_CURVE('',#1547,#1544,#1314,.T.);
#1907=EDGE_CURVE('',#1536,#1522,#1252,.T.);
#1908=EDGE_CURVE('',#1549,#1538,#1315,.T.);
#1909=EDGE_CURVE('',#1548,#1549,#254,.T.);
#1910=EDGE_CURVE('',#1550,#1543,#255,.T.);
#1911=EDGE_CURVE('',#1523,#1550,#1316,.T.);
#1912=EDGE_CURVE('',#1550,#1491,#1317,.T.);
#1913=EDGE_CURVE('',#1551,#1551,#1318,.T.);
#1914=EDGE_CURVE('',#1550,#1552,#1319,.T.);
#1915=EDGE_CURVE('',#1552,#1529,#1320,.T.);
#1916=EDGE_CURVE('',#1491,#1553,#1321,.T.);
#1917=EDGE_CURVE('',#1553,#1552,#1322,.T.);
#1918=EDGE_CURVE('',#1490,#1554,#1253,.F.);
#1919=EDGE_CURVE('',#1554,#1553,#256,.T.);
#1920=EDGE_CURVE('',#1494,#1555,#1323,.T.);
#1921=EDGE_CURVE('',#1555,#1556,#257,.T.);
#1922=EDGE_CURVE('',#1556,#1495,#1254,.F.);
#1923=EDGE_CURVE('',#1549,#1557,#1324,.T.);
#1924=EDGE_CURVE('',#1557,#1555,#1325,.T.);
#1925=EDGE_CURVE('',#1494,#1549,#1326,.T.);
#1926=EDGE_CURVE('',#1540,#1557,#1327,.T.);
#1927=EDGE_CURVE('',#1558,#1559,#1328,.F.);
#1928=EDGE_CURVE('',#1560,#1558,#1329,.F.);
#1929=EDGE_CURVE('',#1559,#1560,#1330,.F.);
#1930=EDGE_CURVE('',#1517,#1561,#1331,.F.);
#1931=EDGE_CURVE('',#1561,#1516,#1332,.F.);
#1932=EDGE_CURVE('',#1562,#1563,#1333,.F.);
#1933=EDGE_CURVE('',#1564,#1562,#1334,.F.);
#1934=EDGE_CURVE('',#1563,#1564,#1335,.F.);
#1935=EDGE_CURVE('',#1565,#1566,#1336,.F.);
#1936=EDGE_CURVE('',#1567,#1565,#1337,.F.);
#1937=EDGE_CURVE('',#1566,#1567,#1338,.F.);
#1938=EDGE_CURVE('',#1568,#1569,#1339,.F.);
#1939=EDGE_CURVE('',#1570,#1568,#1340,.F.);
#1940=EDGE_CURVE('',#1569,#1570,#1341,.F.);
#1941=EDGE_CURVE('',#1568,#1560,#258,.T.);
#1942=EDGE_CURVE('',#1558,#1570,#259,.T.);
#1943=EDGE_CURVE('',#1571,#1572,#1342,.F.);
#1944=EDGE_CURVE('',#1573,#1571,#1343,.F.);
#1945=EDGE_CURVE('',#1572,#1573,#1344,.F.);
#1946=EDGE_CURVE('',#1571,#1564,#260,.T.);
#1947=EDGE_CURVE('',#1562,#1573,#261,.T.);
#1948=EDGE_CURVE('',#1520,#1574,#1345,.F.);
#1949=EDGE_CURVE('',#1575,#1520,#1346,.F.);
#1950=EDGE_CURVE('',#1574,#1575,#1347,.F.);
#1951=EDGE_CURVE('',#1576,#1577,#1348,.F.);
#1952=EDGE_CURVE('',#1578,#1576,#1349,.F.);
#1953=EDGE_CURVE('',#1577,#1578,#1350,.F.);
#1954=EDGE_CURVE('',#1576,#1567,#262,.T.);
#1955=EDGE_CURVE('',#1565,#1578,#263,.T.);
#1956=EDGE_CURVE('',#1569,#1577,#264,.T.);
#1957=EDGE_CURVE('',#1578,#1568,#265,.T.);
#1958=EDGE_CURVE('',#1579,#1580,#1351,.F.);
#1959=EDGE_CURVE('',#1519,#1579,#1352,.F.);
#1960=EDGE_CURVE('',#1580,#1519,#1353,.F.);
#1961=EDGE_CURVE('',#1579,#1575,#266,.T.);
#1962=EDGE_CURVE('',#1518,#1581,#1354,.F.);
#1963=EDGE_CURVE('',#1582,#1518,#1355,.F.);
#1964=EDGE_CURVE('',#1581,#1582,#1356,.F.);
#1965=EDGE_CURVE('',#1470,#1582,#267,.T.);
#1966=EDGE_CURVE('',#1577,#1581,#268,.T.);
#1967=EDGE_CURVE('',#1582,#1576,#269,.T.);
#1968=EDGE_CURVE('',#1581,#1580,#270,.T.);
#1969=EDGE_CURVE('',#1583,#1584,#1357,.T.);
#1970=EDGE_CURVE('',#1584,#1572,#271,.T.);
#1971=EDGE_CURVE('',#1573,#1583,#272,.T.);
#1972=EDGE_CURVE('',#1585,#1586,#1358,.T.);
#1973=EDGE_CURVE('',#1586,#1584,#1359,.T.);
#1974=EDGE_CURVE('',#1583,#1585,#1360,.T.);
#1975=EDGE_CURVE('',#1580,#1586,#273,.T.);
#1976=EDGE_CURVE('',#1585,#1579,#274,.T.);
#1977=EDGE_CURVE('',#1587,#1588,#1361,.T.);
#1978=EDGE_CURVE('',#1588,#1574,#275,.T.);
#1979=EDGE_CURVE('',#1575,#1587,#276,.T.);
#1980=EDGE_CURVE('',#1589,#1590,#1362,.T.);
#1981=EDGE_CURVE('',#1590,#1588,#1363,.T.);
#1982=EDGE_CURVE('',#1587,#1589,#1364,.T.);
#1983=EDGE_CURVE('',#1563,#1590,#277,.T.);
#1984=EDGE_CURVE('',#1589,#1562,#278,.T.);
#1985=EDGE_CURVE('',#1574,#1561,#279,.T.);
#1986=EDGE_CURVE('',#1572,#1569,#280,.T.);
#1987=EDGE_CURVE('',#1570,#1571,#281,.T.);
#1988=EDGE_CURVE('',#1561,#1566,#282,.T.);
#1989=EDGE_CURVE('',#1567,#1517,#283,.T.);
#1990=EDGE_CURVE('',#1566,#1559,#284,.T.);
#1991=EDGE_CURVE('',#1560,#1565,#285,.T.);
#1992=EDGE_CURVE('',#1559,#1563,#286,.T.);
#1993=EDGE_CURVE('',#1564,#1558,#287,.T.);
#1994=EDGE_CURVE('',#1587,#1585,#288,.T.);
#1995=EDGE_CURVE('',#1583,#1589,#289,.T.);
#1996=EDGE_CURVE('',#1591,#1592,#290,.T.);
#1997=EDGE_CURVE('',#1592,#1593,#43,.T.);
#1998=EDGE_CURVE('',#1593,#1594,#44,.T.);
#1999=EDGE_CURVE('',#1594,#1595,#45,.T.);
#2000=EDGE_CURVE('',#1595,#1596,#291,.T.);
#2001=EDGE_CURVE('',#1596,#1597,#292,.T.);
#2002=EDGE_CURVE('',#1597,#1598,#293,.T.);
#2003=EDGE_CURVE('',#1598,#1599,#294,.T.);
#2004=EDGE_CURVE('',#1599,#1600,#295,.T.);
#2005=EDGE_CURVE('',#1600,#1601,#296,.T.);
#2006=EDGE_CURVE('',#1601,#1591,#297,.T.);
#2007=EDGE_CURVE('',#1602,#1603,#298,.T.);
#2008=EDGE_CURVE('',#1603,#1604,#299,.T.);
#2009=EDGE_CURVE('',#1604,#1605,#300,.T.);
#2010=EDGE_CURVE('',#1605,#1606,#301,.T.);
#2011=EDGE_CURVE('',#1606,#1607,#302,.T.);
#2012=EDGE_CURVE('',#1607,#1608,#303,.T.);
#2013=EDGE_CURVE('',#1608,#1602,#304,.T.);
#2014=EDGE_CURVE('',#1609,#1610,#46,.T.);
#2015=EDGE_CURVE('',#1610,#1611,#305,.T.);
#2016=EDGE_CURVE('',#1611,#1612,#306,.T.);
#2017=EDGE_CURVE('',#1612,#1613,#307,.T.);
#2018=EDGE_CURVE('',#1613,#1614,#308,.T.);
#2019=EDGE_CURVE('',#1614,#1615,#309,.T.);
#2020=EDGE_CURVE('',#1615,#1616,#310,.T.);
#2021=EDGE_CURVE('',#1616,#1617,#311,.T.);
#2022=EDGE_CURVE('',#1617,#1618,#312,.T.);
#2023=EDGE_CURVE('',#1618,#1619,#313,.T.);
#2024=EDGE_CURVE('',#1619,#1609,#314,.T.);
#2025=EDGE_CURVE('',#1620,#1621,#47,.T.);
#2026=EDGE_CURVE('',#1621,#1622,#315,.T.);
#2027=EDGE_CURVE('',#1622,#1623,#48,.T.);
#2028=EDGE_CURVE('',#1623,#1624,#49,.T.);
#2029=EDGE_CURVE('',#1624,#1625,#50,.T.);
#2030=EDGE_CURVE('',#1625,#1626,#51,.T.);
#2031=EDGE_CURVE('',#1626,#1627,#52,.T.);
#2032=EDGE_CURVE('',#1627,#1628,#316,.T.);
#2033=EDGE_CURVE('',#1628,#1629,#53,.T.);
#2034=EDGE_CURVE('',#1629,#1630,#54,.T.);
#2035=EDGE_CURVE('',#1630,#1620,#55,.T.);
#2036=EDGE_CURVE('',#1489,#1631,#1365,.T.);
#2037=EDGE_CURVE('',#1631,#1554,#317,.T.);
#2038=EDGE_CURVE('',#1488,#1632,#1366,.T.);
#2039=EDGE_CURVE('',#1632,#1631,#1367,.T.);
#2040=EDGE_CURVE('',#1487,#1633,#1368,.T.);
#2041=EDGE_CURVE('',#1633,#1632,#1369,.T.);
#2042=EDGE_CURVE('',#1486,#1634,#1370,.T.);
#2043=EDGE_CURVE('',#1634,#1633,#1371,.T.);
#2044=EDGE_CURVE('',#1485,#1635,#1372,.T.);
#2045=EDGE_CURVE('',#1635,#1634,#318,.T.);
#2046=EDGE_CURVE('',#1484,#1636,#1373,.T.);
#2047=EDGE_CURVE('',#1636,#1635,#1374,.T.);
#2048=EDGE_CURVE('',#1483,#1637,#1375,.T.);
#2049=EDGE_CURVE('',#1637,#1636,#1376,.T.);
#2050=EDGE_CURVE('',#1482,#1638,#1377,.T.);
#2051=EDGE_CURVE('',#1638,#1637,#1378,.T.);
#2052=EDGE_CURVE('',#1481,#1639,#1379,.T.);
#2053=EDGE_CURVE('',#1639,#1638,#319,.T.);
#2054=EDGE_CURVE('',#1480,#1640,#1380,.T.);
#2055=EDGE_CURVE('',#1640,#1639,#1381,.T.);
#2056=EDGE_CURVE('',#1479,#1641,#1382,.T.);
#2057=EDGE_CURVE('',#1641,#1640,#1383,.T.);
#2058=EDGE_CURVE('',#1478,#1642,#1384,.T.);
#2059=EDGE_CURVE('',#1642,#1641,#1385,.T.);
#2060=EDGE_CURVE('',#1477,#1643,#1386,.T.);
#2061=EDGE_CURVE('',#1643,#1642,#320,.T.);
#2062=EDGE_CURVE('',#1476,#1644,#1387,.T.);
#2063=EDGE_CURVE('',#1644,#1643,#1388,.T.);
#2064=EDGE_CURVE('',#1475,#1645,#1389,.T.);
#2065=EDGE_CURVE('',#1645,#1644,#1390,.T.);
#2066=EDGE_CURVE('',#1512,#1645,#1391,.T.);
#2067=EDGE_CURVE('',#1646,#1496,#1392,.T.);
#2068=EDGE_CURVE('',#1556,#1646,#321,.T.);
#2069=EDGE_CURVE('',#1647,#1497,#1393,.T.);
#2070=EDGE_CURVE('',#1646,#1647,#1394,.T.);
#2071=EDGE_CURVE('',#1648,#1498,#1395,.T.);
#2072=EDGE_CURVE('',#1647,#1648,#1396,.T.);
#2073=EDGE_CURVE('',#1649,#1499,#1397,.T.);
#2074=EDGE_CURVE('',#1648,#1649,#1398,.T.);
#2075=EDGE_CURVE('',#1650,#1500,#1399,.T.);
#2076=EDGE_CURVE('',#1649,#1650,#322,.T.);
#2077=EDGE_CURVE('',#1651,#1501,#1400,.T.);
#2078=EDGE_CURVE('',#1650,#1651,#1401,.T.);
#2079=EDGE_CURVE('',#1652,#1502,#1402,.T.);
#2080=EDGE_CURVE('',#1651,#1652,#1403,.T.);
#2081=EDGE_CURVE('',#1653,#1503,#1404,.T.);
#2082=EDGE_CURVE('',#1652,#1653,#1405,.T.);
#2083=EDGE_CURVE('',#1654,#1504,#1406,.T.);
#2084=EDGE_CURVE('',#1653,#1654,#323,.T.);
#2085=EDGE_CURVE('',#1655,#1505,#1407,.T.);
#2086=EDGE_CURVE('',#1654,#1655,#1408,.T.);
#2087=EDGE_CURVE('',#1656,#1506,#1409,.T.);
#2088=EDGE_CURVE('',#1655,#1656,#1410,.T.);
#2089=EDGE_CURVE('',#1657,#1507,#1411,.T.);
#2090=EDGE_CURVE('',#1656,#1657,#1412,.T.);
#2091=EDGE_CURVE('',#1658,#1508,#1413,.T.);
#2092=EDGE_CURVE('',#1657,#1658,#324,.T.);
#2093=EDGE_CURVE('',#1659,#1509,#1414,.T.);
#2094=EDGE_CURVE('',#1658,#1659,#1415,.T.);
#2095=EDGE_CURVE('',#1660,#1510,#1416,.T.);
#2096=EDGE_CURVE('',#1659,#1660,#1417,.T.);
#2097=EDGE_CURVE('',#1661,#1511,#1418,.T.);
#2098=EDGE_CURVE('',#1660,#1661,#1419,.T.);
#2099=EDGE_CURVE('',#1661,#1463,#325,.T.);
#2100=EDGE_CURVE('',#1662,#1661,#326,.T.);
#2101=EDGE_CURVE('',#1662,#1541,#327,.T.);
#2102=EDGE_CURVE('',#1660,#1663,#328,.T.);
#2103=EDGE_CURVE('',#1662,#1663,#1420,.T.);
#2104=EDGE_CURVE('',#1664,#1659,#329,.T.);
#2105=EDGE_CURVE('',#1663,#1664,#1421,.T.);
#2106=EDGE_CURVE('',#1658,#1665,#330,.T.);
#2107=EDGE_CURVE('',#1664,#1665,#1422,.T.);
#2108=EDGE_CURVE('',#1666,#1657,#331,.T.);
#2109=EDGE_CURVE('',#1666,#1665,#332,.T.);
#2110=EDGE_CURVE('',#1656,#1667,#333,.T.);
#2111=EDGE_CURVE('',#1666,#1667,#1423,.T.);
#2112=EDGE_CURVE('',#1668,#1655,#334,.T.);
#2113=EDGE_CURVE('',#1667,#1668,#1424,.T.);
#2114=EDGE_CURVE('',#1654,#1669,#335,.T.);
#2115=EDGE_CURVE('',#1668,#1669,#1425,.T.);
#2116=EDGE_CURVE('',#1670,#1653,#336,.T.);
#2117=EDGE_CURVE('',#1670,#1669,#337,.T.);
#2118=EDGE_CURVE('',#1652,#1671,#338,.T.);
#2119=EDGE_CURVE('',#1670,#1671,#1426,.T.);
#2120=EDGE_CURVE('',#1672,#1651,#339,.T.);
#2121=EDGE_CURVE('',#1671,#1672,#1427,.T.);
#2122=EDGE_CURVE('',#1650,#1673,#340,.T.);
#2123=EDGE_CURVE('',#1672,#1673,#1428,.T.);
#2124=EDGE_CURVE('',#1674,#1649,#341,.T.);
#2125=EDGE_CURVE('',#1674,#1673,#342,.T.);
#2126=EDGE_CURVE('',#1648,#1675,#343,.T.);
#2127=EDGE_CURVE('',#1674,#1675,#1429,.T.);
#2128=EDGE_CURVE('',#1676,#1647,#344,.T.);
#2129=EDGE_CURVE('',#1675,#1676,#1430,.T.);
#2130=EDGE_CURVE('',#1646,#1677,#345,.T.);
#2131=EDGE_CURVE('',#1676,#1677,#1431,.T.);
#2132=EDGE_CURVE('',#1678,#1556,#346,.T.);
#2133=EDGE_CURVE('',#1678,#1677,#347,.T.);
#2134=EDGE_CURVE('',#1551,#1679,#348,.T.);
#2135=EDGE_CURVE('',#1679,#1680,#1432,.T.);
#2136=EDGE_CURVE('',#1680,#1679,#1433,.T.);
#2137=EDGE_CURVE('',#1681,#1682,#1434,.T.);
#2138=EDGE_CURVE('',#1682,#1681,#1435,.T.);
#2139=EDGE_CURVE('',#1682,#1680,#349,.T.);
#2140=EDGE_CURVE('',#1683,#1684,#56,.T.);
#2141=EDGE_CURVE('',#1685,#1683,#57,.T.);
#2142=EDGE_CURVE('',#1686,#1685,#58,.T.);
#2143=EDGE_CURVE('',#1687,#1686,#59,.T.);
#2144=EDGE_CURVE('',#1688,#1687,#350,.T.);
#2145=EDGE_CURVE('',#1689,#1688,#60,.T.);
#2146=EDGE_CURVE('',#1690,#1689,#61,.T.);
#2147=EDGE_CURVE('',#1691,#1690,#62,.T.);
#2148=EDGE_CURVE('',#1692,#1691,#63,.T.);
#2149=EDGE_CURVE('',#1693,#1692,#351,.T.);
#2150=EDGE_CURVE('',#1684,#1693,#64,.T.);
#2151=EDGE_CURVE('',#1694,#1695,#65,.T.);
#2152=EDGE_CURVE('',#1696,#1694,#66,.T.);
#2153=EDGE_CURVE('',#1697,#1696,#67,.T.);
#2154=EDGE_CURVE('',#1698,#1697,#68,.T.);
#2155=EDGE_CURVE('',#1695,#1698,#69,.T.);
#2156=EDGE_CURVE('',#1699,#1700,#70,.T.);
#2157=EDGE_CURVE('',#1701,#1699,#71,.T.);
#2158=EDGE_CURVE('',#1702,#1701,#72,.T.);
#2159=EDGE_CURVE('',#1703,#1702,#73,.T.);
#2160=EDGE_CURVE('',#1700,#1703,#74,.T.);
#2161=EDGE_CURVE('',#1704,#1705,#75,.T.);
#2162=EDGE_CURVE('',#1702,#1704,#352,.T.);
#2163=EDGE_CURVE('',#1701,#1705,#353,.T.);
#2164=EDGE_CURVE('',#1705,#1706,#76,.T.);
#2165=EDGE_CURVE('',#1699,#1706,#354,.T.);
#2166=EDGE_CURVE('',#1706,#1707,#77,.T.);
#2167=EDGE_CURVE('',#1700,#1707,#355,.T.);
#2168=EDGE_CURVE('',#1708,#1709,#78,.T.);
#2169=EDGE_CURVE('',#1697,#1708,#356,.T.);
#2170=EDGE_CURVE('',#1696,#1709,#357,.T.);
#2171=EDGE_CURVE('',#1709,#1710,#79,.T.);
#2172=EDGE_CURVE('',#1694,#1710,#358,.T.);
#2173=EDGE_CURVE('',#1710,#1711,#80,.T.);
#2174=EDGE_CURVE('',#1695,#1711,#359,.T.);
#2175=EDGE_CURVE('',#1689,#1620,#360,.T.);
#2176=EDGE_CURVE('',#1688,#1621,#361,.T.);
#2177=EDGE_CURVE('',#1687,#1622,#362,.T.);
#2178=EDGE_CURVE('',#1686,#1623,#363,.T.);
#2179=EDGE_CURVE('',#1685,#1624,#364,.T.);
#2180=EDGE_CURVE('',#1683,#1625,#365,.T.);
#2181=EDGE_CURVE('',#1684,#1626,#366,.T.);
#2182=EDGE_CURVE('',#1712,#1704,#81,.T.);
#2183=EDGE_CURVE('',#1703,#1712,#367,.T.);
#2184=EDGE_CURVE('',#1707,#1712,#82,.T.);
#2185=EDGE_CURVE('',#1713,#1708,#83,.T.);
#2186=EDGE_CURVE('',#1698,#1713,#368,.T.);
#2187=EDGE_CURVE('',#1711,#1713,#84,.T.);
#2188=EDGE_CURVE('',#1693,#1627,#369,.T.);
#2189=EDGE_CURVE('',#1692,#1628,#370,.T.);
#2190=EDGE_CURVE('',#1691,#1629,#371,.T.);
#2191=EDGE_CURVE('',#1690,#1630,#372,.T.);
#2192=EDGE_CURVE('',#1714,#1609,#373,.T.);
#2193=EDGE_CURVE('',#1714,#1715,#85,.T.);
#2194=EDGE_CURVE('',#1715,#1610,#374,.T.);
#2195=EDGE_CURVE('',#1716,#1619,#375,.T.);
#2196=EDGE_CURVE('',#1716,#1714,#376,.T.);
#2197=EDGE_CURVE('',#1717,#1618,#377,.T.);
#2198=EDGE_CURVE('',#1717,#1716,#378,.T.);
#2199=EDGE_CURVE('',#1718,#1617,#379,.T.);
#2200=EDGE_CURVE('',#1718,#1717,#380,.T.);
#2201=EDGE_CURVE('',#1719,#1616,#381,.T.);
#2202=EDGE_CURVE('',#1719,#1718,#382,.T.);
#2203=EDGE_CURVE('',#1720,#1615,#383,.T.);
#2204=EDGE_CURVE('',#1720,#1719,#384,.T.);
#2205=EDGE_CURVE('',#1721,#1614,#385,.T.);
#2206=EDGE_CURVE('',#1721,#1720,#386,.T.);
#2207=EDGE_CURVE('',#1722,#1613,#387,.T.);
#2208=EDGE_CURVE('',#1722,#1721,#388,.T.);
#2209=EDGE_CURVE('',#1723,#1612,#389,.T.);
#2210=EDGE_CURVE('',#1723,#1722,#390,.T.);
#2211=EDGE_CURVE('',#1724,#1611,#391,.T.);
#2212=EDGE_CURVE('',#1724,#1723,#392,.T.);
#2213=EDGE_CURVE('',#1715,#1724,#393,.T.);
#2214=EDGE_CURVE('',#1725,#1726,#394,.T.);
#2215=EDGE_CURVE('',#1727,#1725,#395,.T.);
#2216=EDGE_CURVE('',#1728,#1727,#396,.T.);
#2217=EDGE_CURVE('',#1729,#1728,#397,.T.);
#2218=EDGE_CURVE('',#1730,#1729,#398,.T.);
#2219=EDGE_CURVE('',#1731,#1730,#399,.T.);
#2220=EDGE_CURVE('',#1726,#1731,#400,.T.);
#2221=EDGE_CURVE('',#1729,#1602,#401,.T.);
#2222=EDGE_CURVE('',#1728,#1603,#402,.T.);
#2223=EDGE_CURVE('',#1727,#1604,#403,.T.);
#2224=EDGE_CURVE('',#1725,#1605,#404,.T.);
#2225=EDGE_CURVE('',#1726,#1606,#405,.T.);
#2226=EDGE_CURVE('',#1731,#1607,#406,.T.);
#2227=EDGE_CURVE('',#1730,#1608,#407,.T.);
#2228=EDGE_CURVE('',#1732,#1591,#408,.T.);
#2229=EDGE_CURVE('',#1732,#1733,#409,.T.);
#2230=EDGE_CURVE('',#1733,#1592,#410,.T.);
#2231=EDGE_CURVE('',#1734,#1601,#411,.T.);
#2232=EDGE_CURVE('',#1734,#1732,#412,.T.);
#2233=EDGE_CURVE('',#1735,#1600,#413,.T.);
#2234=EDGE_CURVE('',#1735,#1734,#414,.T.);
#2235=EDGE_CURVE('',#1736,#1599,#415,.T.);
#2236=EDGE_CURVE('',#1736,#1735,#416,.T.);
#2237=EDGE_CURVE('',#1737,#1598,#417,.T.);
#2238=EDGE_CURVE('',#1737,#1736,#418,.T.);
#2239=EDGE_CURVE('',#1738,#1739,#86,.T.);
#2240=EDGE_CURVE('',#1740,#1738,#419,.T.);
#2241=EDGE_CURVE('',#1740,#1741,#87,.T.);
#2242=EDGE_CURVE('',#1741,#1739,#420,.T.);
#2243=EDGE_CURVE('',#1739,#1742,#88,.T.);
#2244=EDGE_CURVE('',#1741,#1743,#89,.T.);
#2245=EDGE_CURVE('',#1743,#1742,#421,.T.);
#2246=EDGE_CURVE('',#1742,#1744,#422,.T.);
#2247=EDGE_CURVE('',#1743,#1745,#423,.T.);
#2248=EDGE_CURVE('',#1745,#1744,#424,.T.);
#2249=EDGE_CURVE('',#1746,#1597,#425,.T.);
#2250=EDGE_CURVE('',#1746,#1737,#426,.T.);
#2251=EDGE_CURVE('',#1747,#1596,#427,.T.);
#2252=EDGE_CURVE('',#1747,#1746,#428,.T.);
#2253=EDGE_CURVE('',#1748,#1595,#429,.T.);
#2254=EDGE_CURVE('',#1748,#1747,#430,.T.);
#2255=EDGE_CURVE('',#1749,#1594,#431,.T.);
#2256=EDGE_CURVE('',#1749,#1748,#90,.T.);
#2257=EDGE_CURVE('',#1750,#1593,#432,.T.);
#2258=EDGE_CURVE('',#1750,#1749,#91,.T.);
#2259=EDGE_CURVE('',#1733,#1750,#92,.T.);
#2260=EDGE_CURVE('',#1751,#1738,#93,.T.);
#2261=EDGE_CURVE('',#1752,#1751,#433,.T.);
#2262=EDGE_CURVE('',#1752,#1740,#94,.T.);
#2263=EDGE_CURVE('',#1753,#1751,#95,.T.);
#2264=EDGE_CURVE('',#1754,#1753,#434,.T.);
#2265=EDGE_CURVE('',#1754,#1752,#96,.T.);
#2266=EDGE_CURVE('',#1755,#1753,#435,.T.);
#2267=EDGE_CURVE('',#1756,#1755,#436,.T.);
#2268=EDGE_CURVE('',#1756,#1754,#437,.T.);
#2269=EDGE_CURVE('',#1744,#1755,#438,.T.);
#2270=EDGE_CURVE('',#1745,#1756,#439,.T.);
#2271=EDGE_CURVE('',#1757,#1514,#1436,.T.);
#2272=EDGE_CURVE('',#1757,#1645,#440,.T.);
#2273=EDGE_CURVE('',#1758,#1757,#1437,.T.);
#2274=EDGE_CURVE('',#1644,#1758,#441,.T.);
#2275=EDGE_CURVE('',#1759,#1758,#1438,.T.);
#2276=EDGE_CURVE('',#1759,#1643,#442,.T.);
#2277=EDGE_CURVE('',#1760,#1759,#443,.T.);
#2278=EDGE_CURVE('',#1642,#1760,#444,.T.);
#2279=EDGE_CURVE('',#1761,#1760,#1439,.T.);
#2280=EDGE_CURVE('',#1761,#1641,#445,.T.);
#2281=EDGE_CURVE('',#1762,#1761,#1440,.T.);
#2282=EDGE_CURVE('',#1640,#1762,#446,.T.);
#2283=EDGE_CURVE('',#1763,#1762,#1441,.T.);
#2284=EDGE_CURVE('',#1763,#1639,#447,.T.);
#2285=EDGE_CURVE('',#1764,#1763,#448,.T.);
#2286=EDGE_CURVE('',#1638,#1764,#449,.T.);
#2287=EDGE_CURVE('',#1765,#1764,#1442,.T.);
#2288=EDGE_CURVE('',#1765,#1637,#450,.T.);
#2289=EDGE_CURVE('',#1766,#1765,#1443,.T.);
#2290=EDGE_CURVE('',#1636,#1766,#451,.T.);
#2291=EDGE_CURVE('',#1767,#1766,#1444,.T.);
#2292=EDGE_CURVE('',#1767,#1635,#452,.T.);
#2293=EDGE_CURVE('',#1768,#1767,#453,.T.);
#2294=EDGE_CURVE('',#1634,#1768,#454,.T.);
#2295=EDGE_CURVE('',#1769,#1768,#1445,.T.);
#2296=EDGE_CURVE('',#1769,#1633,#455,.T.);
#2297=EDGE_CURVE('',#1770,#1530,#456,.T.);
#2298=EDGE_CURVE('',#1770,#1771,#457,.T.);
#2299=EDGE_CURVE('',#1771,#1772,#1446,.T.);
#2300=EDGE_CURVE('',#1772,#1769,#1447,.T.);
#2301=EDGE_CURVE('',#1632,#1772,#458,.T.);
#2302=EDGE_CURVE('',#1771,#1631,#459,.T.);
#2303=EDGE_CURVE('',#1554,#1770,#460,.T.);
#2304=EDGE_CURVE('',#1539,#1678,#461,.T.);
#2305=EDGE_CURVE('',#1773,#1774,#1448,.T.);
#2306=EDGE_CURVE('',#1774,#1773,#1449,.T.);
#2307=EDGE_CURVE('',#1774,#1682,#462,.T.);
#2308=ORIENTED_EDGE('',*,*,#1775,.T.);
#2309=ORIENTED_EDGE('',*,*,#1776,.T.);
#2310=ORIENTED_EDGE('',*,*,#1777,.T.);
#2311=ORIENTED_EDGE('',*,*,#1778,.T.);
#2312=ORIENTED_EDGE('',*,*,#1779,.T.);
#2313=ORIENTED_EDGE('',*,*,#1780,.T.);
#2314=ORIENTED_EDGE('',*,*,#1777,.F.);
#2315=ORIENTED_EDGE('',*,*,#1781,.T.);
#2316=ORIENTED_EDGE('',*,*,#1782,.T.);
#2317=ORIENTED_EDGE('',*,*,#1783,.T.);
#2318=ORIENTED_EDGE('',*,*,#1779,.F.);
#2319=ORIENTED_EDGE('',*,*,#1784,.T.);
#2320=ORIENTED_EDGE('',*,*,#1785,.T.);
#2321=ORIENTED_EDGE('',*,*,#1786,.T.);
#2322=ORIENTED_EDGE('',*,*,#1782,.F.);
#2323=ORIENTED_EDGE('',*,*,#1787,.T.);
#2324=ORIENTED_EDGE('',*,*,#1788,.T.);
#2325=ORIENTED_EDGE('',*,*,#1789,.T.);
#2326=ORIENTED_EDGE('',*,*,#1785,.F.);
#2327=ORIENTED_EDGE('',*,*,#1790,.T.);
#2328=ORIENTED_EDGE('',*,*,#1791,.T.);
#2329=ORIENTED_EDGE('',*,*,#1792,.T.);
#2330=ORIENTED_EDGE('',*,*,#1788,.F.);
#2331=ORIENTED_EDGE('',*,*,#1793,.T.);
#2332=ORIENTED_EDGE('',*,*,#1794,.T.);
#2333=ORIENTED_EDGE('',*,*,#1795,.T.);
#2334=ORIENTED_EDGE('',*,*,#1791,.F.);
#2335=ORIENTED_EDGE('',*,*,#1796,.T.);
#2336=ORIENTED_EDGE('',*,*,#1797,.T.);
#2337=ORIENTED_EDGE('',*,*,#1798,.T.);
#2338=ORIENTED_EDGE('',*,*,#1794,.F.);
#2339=ORIENTED_EDGE('',*,*,#1799,.T.);
#2340=ORIENTED_EDGE('',*,*,#1800,.T.);
#2341=ORIENTED_EDGE('',*,*,#1801,.T.);
#2342=ORIENTED_EDGE('',*,*,#1797,.F.);
#2343=ORIENTED_EDGE('',*,*,#1802,.T.);
#2344=ORIENTED_EDGE('',*,*,#1803,.T.);
#2345=ORIENTED_EDGE('',*,*,#1804,.T.);
#2346=ORIENTED_EDGE('',*,*,#1800,.F.);
#2347=ORIENTED_EDGE('',*,*,#1805,.T.);
#2348=ORIENTED_EDGE('',*,*,#1806,.T.);
#2349=ORIENTED_EDGE('',*,*,#1807,.T.);
#2350=ORIENTED_EDGE('',*,*,#1803,.F.);
#2351=ORIENTED_EDGE('',*,*,#1808,.T.);
#2352=ORIENTED_EDGE('',*,*,#1775,.F.);
#2353=ORIENTED_EDGE('',*,*,#1809,.T.);
#2354=ORIENTED_EDGE('',*,*,#1806,.F.);
#2355=ORIENTED_EDGE('',*,*,#1810,.T.);
#2356=ORIENTED_EDGE('',*,*,#1798,.F.);
#2357=ORIENTED_EDGE('',*,*,#1811,.F.);
#2358=ORIENTED_EDGE('',*,*,#1812,.F.);
#2359=ORIENTED_EDGE('',*,*,#1813,.F.);
#2360=ORIENTED_EDGE('',*,*,#1814,.F.);
#2361=ORIENTED_EDGE('',*,*,#1815,.F.);
#2362=ORIENTED_EDGE('',*,*,#1816,.F.);
#2363=ORIENTED_EDGE('',*,*,#1817,.F.);
#2364=ORIENTED_EDGE('',*,*,#1818,.F.);
#2365=ORIENTED_EDGE('',*,*,#1819,.F.);
#2366=ORIENTED_EDGE('',*,*,#1820,.F.);
#2367=ORIENTED_EDGE('',*,*,#1821,.F.);
#2368=ORIENTED_EDGE('',*,*,#1822,.F.);
#2369=ORIENTED_EDGE('',*,*,#1823,.F.);
#2370=ORIENTED_EDGE('',*,*,#1824,.F.);
#2371=ORIENTED_EDGE('',*,*,#1825,.F.);
#2372=ORIENTED_EDGE('',*,*,#1826,.F.);
#2373=ORIENTED_EDGE('',*,*,#1827,.F.);
#2374=ORIENTED_EDGE('',*,*,#1828,.F.);
#2375=ORIENTED_EDGE('',*,*,#1829,.F.);
#2376=ORIENTED_EDGE('',*,*,#1830,.F.);
#2377=ORIENTED_EDGE('',*,*,#1831,.F.);
#2378=ORIENTED_EDGE('',*,*,#1832,.F.);
#2379=ORIENTED_EDGE('',*,*,#1833,.F.);
#2380=ORIENTED_EDGE('',*,*,#1834,.F.);
#2381=ORIENTED_EDGE('',*,*,#1835,.F.);
#2382=ORIENTED_EDGE('',*,*,#1836,.F.);
#2383=ORIENTED_EDGE('',*,*,#1837,.F.);
#2384=ORIENTED_EDGE('',*,*,#1838,.F.);
#2385=ORIENTED_EDGE('',*,*,#1839,.F.);
#2386=ORIENTED_EDGE('',*,*,#1840,.F.);
#2387=ORIENTED_EDGE('',*,*,#1841,.F.);
#2388=ORIENTED_EDGE('',*,*,#1842,.F.);
#2389=ORIENTED_EDGE('',*,*,#1843,.F.);
#2390=ORIENTED_EDGE('',*,*,#1844,.F.);
#2391=ORIENTED_EDGE('',*,*,#1845,.F.);
#2392=ORIENTED_EDGE('',*,*,#1846,.F.);
#2393=ORIENTED_EDGE('',*,*,#1847,.F.);
#2394=ORIENTED_EDGE('',*,*,#1848,.F.);
#2395=ORIENTED_EDGE('',*,*,#1849,.F.);
#2396=ORIENTED_EDGE('',*,*,#1801,.F.);
#2397=ORIENTED_EDGE('',*,*,#1850,.T.);
#2398=ORIENTED_EDGE('',*,*,#1851,.F.);
#2399=ORIENTED_EDGE('',*,*,#1811,.T.);
#2400=ORIENTED_EDGE('',*,*,#1804,.F.);
#2401=ORIENTED_EDGE('',*,*,#1807,.F.);
#2402=ORIENTED_EDGE('',*,*,#1809,.F.);
#2403=ORIENTED_EDGE('',*,*,#1852,.F.);
#2404=ORIENTED_EDGE('',*,*,#1853,.F.);
#2405=ORIENTED_EDGE('',*,*,#1854,.F.);
#2406=ORIENTED_EDGE('',*,*,#1850,.F.);
#2407=ORIENTED_EDGE('',*,*,#1778,.F.);
#2408=ORIENTED_EDGE('',*,*,#1855,.T.);
#2409=ORIENTED_EDGE('',*,*,#1856,.T.);
#2410=ORIENTED_EDGE('',*,*,#1852,.T.);
#2411=ORIENTED_EDGE('',*,*,#1790,.F.);
#2412=ORIENTED_EDGE('',*,*,#1857,.T.);
#2413=ORIENTED_EDGE('',*,*,#1858,.T.);
#2414=ORIENTED_EDGE('',*,*,#1859,.T.);
#2415=ORIENTED_EDGE('',*,*,#1787,.F.);
#2416=ORIENTED_EDGE('',*,*,#1784,.F.);
#2417=ORIENTED_EDGE('',*,*,#1781,.F.);
#2418=ORIENTED_EDGE('',*,*,#1776,.F.);
#2419=ORIENTED_EDGE('',*,*,#1810,.F.);
#2420=ORIENTED_EDGE('',*,*,#1860,.F.);
#2421=ORIENTED_EDGE('',*,*,#1861,.F.);
#2422=ORIENTED_EDGE('',*,*,#1862,.F.);
#2423=ORIENTED_EDGE('',*,*,#1863,.F.);
#2424=ORIENTED_EDGE('',*,*,#1857,.F.);
#2425=ORIENTED_EDGE('',*,*,#1864,.T.);
#2426=ORIENTED_EDGE('',*,*,#1865,.T.);
#2427=ORIENTED_EDGE('',*,*,#1866,.T.);
#2428=ORIENTED_EDGE('',*,*,#1867,.T.);
#2429=ORIENTED_EDGE('',*,*,#1868,.T.);
#2430=ORIENTED_EDGE('',*,*,#1869,.T.);
#2431=ORIENTED_EDGE('',*,*,#1864,.F.);
#2432=ORIENTED_EDGE('',*,*,#1870,.T.);
#2433=ORIENTED_EDGE('',*,*,#1871,.T.);
#2434=ORIENTED_EDGE('',*,*,#1872,.T.);
#2435=ORIENTED_EDGE('',*,*,#1868,.F.);
#2436=ORIENTED_EDGE('',*,*,#1873,.T.);
#2437=ORIENTED_EDGE('',*,*,#1873,.F.);
#2438=ORIENTED_EDGE('',*,*,#1870,.F.);
#2439=ORIENTED_EDGE('',*,*,#1867,.F.);
#2440=ORIENTED_EDGE('',*,*,#1874,.F.);
#2441=ORIENTED_EDGE('',*,*,#1875,.F.);
#2442=ORIENTED_EDGE('',*,*,#1876,.T.);
#2443=ORIENTED_EDGE('',*,*,#1877,.T.);
#2444=ORIENTED_EDGE('',*,*,#1878,.T.);
#2445=ORIENTED_EDGE('',*,*,#1879,.T.);
#2446=ORIENTED_EDGE('',*,*,#1880,.T.);
#2447=ORIENTED_EDGE('',*,*,#1881,.T.);
#2448=ORIENTED_EDGE('',*,*,#1882,.T.);
#2449=ORIENTED_EDGE('',*,*,#1879,.F.);
#2450=ORIENTED_EDGE('',*,*,#1883,.T.);
#2451=ORIENTED_EDGE('',*,*,#1884,.T.);
#2452=ORIENTED_EDGE('',*,*,#1885,.T.);
#2453=ORIENTED_EDGE('',*,*,#1881,.F.);
#2454=ORIENTED_EDGE('',*,*,#1886,.T.);
#2455=ORIENTED_EDGE('',*,*,#1886,.F.);
#2456=ORIENTED_EDGE('',*,*,#1883,.F.);
#2457=ORIENTED_EDGE('',*,*,#1878,.F.);
#2458=ORIENTED_EDGE('',*,*,#1887,.F.);
#2459=ORIENTED_EDGE('',*,*,#1888,.F.);
#2460=ORIENTED_EDGE('',*,*,#1889,.F.);
#2461=ORIENTED_EDGE('',*,*,#1783,.F.);
#2462=ORIENTED_EDGE('',*,*,#1890,.T.);
#2463=ORIENTED_EDGE('',*,*,#1891,.T.);
#2464=ORIENTED_EDGE('',*,*,#1892,.T.);
#2465=ORIENTED_EDGE('',*,*,#1780,.F.);
#2466=ORIENTED_EDGE('',*,*,#1892,.F.);
#2467=ORIENTED_EDGE('',*,*,#1893,.T.);
#2468=ORIENTED_EDGE('',*,*,#1880,.F.);
#2469=ORIENTED_EDGE('',*,*,#1894,.F.);
#2470=ORIENTED_EDGE('',*,*,#1872,.F.);
#2471=ORIENTED_EDGE('',*,*,#1895,.T.);
#2472=ORIENTED_EDGE('',*,*,#1855,.F.);
#2473=ORIENTED_EDGE('',*,*,#1896,.T.);
#2474=ORIENTED_EDGE('',*,*,#1897,.T.);
#2475=ORIENTED_EDGE('',*,*,#1898,.T.);
#2476=ORIENTED_EDGE('',*,*,#1899,.T.);
#2477=ORIENTED_EDGE('',*,*,#1900,.T.);
#2478=ORIENTED_EDGE('',*,*,#1830,.T.);
#2479=ORIENTED_EDGE('',*,*,#1898,.F.);
#2480=ORIENTED_EDGE('',*,*,#1901,.T.);
#2481=ORIENTED_EDGE('',*,*,#1902,.T.);
#2482=ORIENTED_EDGE('',*,*,#1903,.T.);
#2483=ORIENTED_EDGE('',*,*,#1900,.F.);
#2484=ORIENTED_EDGE('',*,*,#1904,.T.);
#2485=ORIENTED_EDGE('',*,*,#1896,.F.);
#2486=ORIENTED_EDGE('',*,*,#1905,.T.);
#2487=ORIENTED_EDGE('',*,*,#1902,.F.);
#2488=ORIENTED_EDGE('',*,*,#1906,.T.);
#2489=ORIENTED_EDGE('',*,*,#1865,.F.);
#2490=ORIENTED_EDGE('',*,*,#1907,.F.);
#2491=ORIENTED_EDGE('',*,*,#1885,.F.);
#2492=ORIENTED_EDGE('',*,*,#1908,.F.);
#2493=ORIENTED_EDGE('',*,*,#1909,.F.);
#2494=ORIENTED_EDGE('',*,*,#1905,.F.);
#2495=ORIENTED_EDGE('',*,*,#1910,.F.);
#2496=ORIENTED_EDGE('',*,*,#1911,.F.);
#2497=ORIENTED_EDGE('',*,*,#1899,.F.);
#2498=ORIENTED_EDGE('',*,*,#1829,.T.);
#2499=ORIENTED_EDGE('',*,*,#1912,.F.);
#2500=ORIENTED_EDGE('',*,*,#1910,.T.);
#2501=ORIENTED_EDGE('',*,*,#1897,.F.);
#2502=ORIENTED_EDGE('',*,*,#1906,.F.);
#2503=ORIENTED_EDGE('',*,*,#1904,.F.);
#2504=ORIENTED_EDGE('',*,*,#1901,.F.);
#2505=ORIENTED_EDGE('',*,*,#1913,.F.);
#2506=ORIENTED_EDGE('',*,*,#1914,.T.);
#2507=ORIENTED_EDGE('',*,*,#1915,.T.);
#2508=ORIENTED_EDGE('',*,*,#1874,.T.);
#2509=ORIENTED_EDGE('',*,*,#1866,.F.);
#2510=ORIENTED_EDGE('',*,*,#1911,.T.);
#2511=ORIENTED_EDGE('',*,*,#1916,.T.);
#2512=ORIENTED_EDGE('',*,*,#1917,.T.);
#2513=ORIENTED_EDGE('',*,*,#1914,.F.);
#2514=ORIENTED_EDGE('',*,*,#1912,.T.);
#2515=ORIENTED_EDGE('',*,*,#1918,.T.);
#2516=ORIENTED_EDGE('',*,*,#1919,.T.);
#2517=ORIENTED_EDGE('',*,*,#1916,.F.);
#2518=ORIENTED_EDGE('',*,*,#1828,.T.);
#2519=ORIENTED_EDGE('',*,*,#1920,.T.);
#2520=ORIENTED_EDGE('',*,*,#1921,.T.);
#2521=ORIENTED_EDGE('',*,*,#1922,.T.);
#2522=ORIENTED_EDGE('',*,*,#1832,.T.);
#2523=ORIENTED_EDGE('',*,*,#1923,.T.);
#2524=ORIENTED_EDGE('',*,*,#1924,.T.);
#2525=ORIENTED_EDGE('',*,*,#1920,.F.);
#2526=ORIENTED_EDGE('',*,*,#1925,.T.);
#2527=ORIENTED_EDGE('',*,*,#1889,.T.);
#2528=ORIENTED_EDGE('',*,*,#1926,.T.);
#2529=ORIENTED_EDGE('',*,*,#1923,.F.);
#2530=ORIENTED_EDGE('',*,*,#1908,.T.);
#2531=ORIENTED_EDGE('',*,*,#1884,.F.);
#2532=ORIENTED_EDGE('',*,*,#1903,.F.);
#2533=ORIENTED_EDGE('',*,*,#1909,.T.);
#2534=ORIENTED_EDGE('',*,*,#1925,.F.);
#2535=ORIENTED_EDGE('',*,*,#1831,.T.);
#2536=ORIENTED_EDGE('',*,*,#1927,.F.);
#2537=ORIENTED_EDGE('',*,*,#1928,.F.);
#2538=ORIENTED_EDGE('',*,*,#1929,.F.);
#2539=ORIENTED_EDGE('',*,*,#1930,.F.);
#2540=ORIENTED_EDGE('',*,*,#1858,.F.);
#2541=ORIENTED_EDGE('',*,*,#1931,.F.);
#2542=ORIENTED_EDGE('',*,*,#1932,.F.);
#2543=ORIENTED_EDGE('',*,*,#1933,.F.);
#2544=ORIENTED_EDGE('',*,*,#1934,.F.);
#2545=ORIENTED_EDGE('',*,*,#1935,.F.);
#2546=ORIENTED_EDGE('',*,*,#1936,.F.);
#2547=ORIENTED_EDGE('',*,*,#1937,.F.);
#2548=ORIENTED_EDGE('',*,*,#1938,.F.);
#2549=ORIENTED_EDGE('',*,*,#1939,.F.);
#2550=ORIENTED_EDGE('',*,*,#1940,.F.);
#2551=ORIENTED_EDGE('',*,*,#1939,.T.);
#2552=ORIENTED_EDGE('',*,*,#1941,.T.);
#2553=ORIENTED_EDGE('',*,*,#1928,.T.);
#2554=ORIENTED_EDGE('',*,*,#1942,.T.);
#2555=ORIENTED_EDGE('',*,*,#1943,.F.);
#2556=ORIENTED_EDGE('',*,*,#1944,.F.);
#2557=ORIENTED_EDGE('',*,*,#1945,.F.);
#2558=ORIENTED_EDGE('',*,*,#1944,.T.);
#2559=ORIENTED_EDGE('',*,*,#1946,.T.);
#2560=ORIENTED_EDGE('',*,*,#1933,.T.);
#2561=ORIENTED_EDGE('',*,*,#1947,.T.);
#2562=ORIENTED_EDGE('',*,*,#1948,.F.);
#2563=ORIENTED_EDGE('',*,*,#1949,.F.);
#2564=ORIENTED_EDGE('',*,*,#1950,.F.);
#2565=ORIENTED_EDGE('',*,*,#1951,.F.);
#2566=ORIENTED_EDGE('',*,*,#1952,.F.);
#2567=ORIENTED_EDGE('',*,*,#1953,.F.);
#2568=ORIENTED_EDGE('',*,*,#1952,.T.);
#2569=ORIENTED_EDGE('',*,*,#1954,.T.);
#2570=ORIENTED_EDGE('',*,*,#1936,.T.);
#2571=ORIENTED_EDGE('',*,*,#1955,.T.);
#2572=ORIENTED_EDGE('',*,*,#1938,.T.);
#2573=ORIENTED_EDGE('',*,*,#1956,.T.);
#2574=ORIENTED_EDGE('',*,*,#1953,.T.);
#2575=ORIENTED_EDGE('',*,*,#1957,.T.);
#2576=ORIENTED_EDGE('',*,*,#1958,.F.);
#2577=ORIENTED_EDGE('',*,*,#1959,.F.);
#2578=ORIENTED_EDGE('',*,*,#1960,.F.);
#2579=ORIENTED_EDGE('',*,*,#1949,.T.);
#2580=ORIENTED_EDGE('',*,*,#1862,.T.);
#2581=ORIENTED_EDGE('',*,*,#1959,.T.);
#2582=ORIENTED_EDGE('',*,*,#1961,.T.);
#2583=ORIENTED_EDGE('',*,*,#1962,.F.);
#2584=ORIENTED_EDGE('',*,*,#1963,.F.);
#2585=ORIENTED_EDGE('',*,*,#1964,.F.);
#2586=ORIENTED_EDGE('',*,*,#1808,.F.);
#2587=ORIENTED_EDGE('',*,*,#1965,.T.);
#2588=ORIENTED_EDGE('',*,*,#1963,.T.);
#2589=ORIENTED_EDGE('',*,*,#1860,.T.);
#2590=ORIENTED_EDGE('',*,*,#1951,.T.);
#2591=ORIENTED_EDGE('',*,*,#1966,.T.);
#2592=ORIENTED_EDGE('',*,*,#1964,.T.);
#2593=ORIENTED_EDGE('',*,*,#1967,.T.);
#2594=ORIENTED_EDGE('',*,*,#1962,.T.);
#2595=ORIENTED_EDGE('',*,*,#1968,.T.);
#2596=ORIENTED_EDGE('',*,*,#1960,.T.);
#2597=ORIENTED_EDGE('',*,*,#1861,.T.);
#2598=ORIENTED_EDGE('',*,*,#1969,.T.);
#2599=ORIENTED_EDGE('',*,*,#1970,.T.);
#2600=ORIENTED_EDGE('',*,*,#1945,.T.);
#2601=ORIENTED_EDGE('',*,*,#1971,.T.);
#2602=ORIENTED_EDGE('',*,*,#1972,.T.);
#2603=ORIENTED_EDGE('',*,*,#1973,.T.);
#2604=ORIENTED_EDGE('',*,*,#1969,.F.);
#2605=ORIENTED_EDGE('',*,*,#1974,.T.);
#2606=ORIENTED_EDGE('',*,*,#1958,.T.);
#2607=ORIENTED_EDGE('',*,*,#1975,.T.);
#2608=ORIENTED_EDGE('',*,*,#1972,.F.);
#2609=ORIENTED_EDGE('',*,*,#1976,.T.);
#2610=ORIENTED_EDGE('',*,*,#1977,.T.);
#2611=ORIENTED_EDGE('',*,*,#1978,.T.);
#2612=ORIENTED_EDGE('',*,*,#1950,.T.);
#2613=ORIENTED_EDGE('',*,*,#1979,.T.);
#2614=ORIENTED_EDGE('',*,*,#1980,.T.);
#2615=ORIENTED_EDGE('',*,*,#1981,.T.);
#2616=ORIENTED_EDGE('',*,*,#1977,.F.);
#2617=ORIENTED_EDGE('',*,*,#1982,.T.);
#2618=ORIENTED_EDGE('',*,*,#1932,.T.);
#2619=ORIENTED_EDGE('',*,*,#1983,.T.);
#2620=ORIENTED_EDGE('',*,*,#1980,.F.);
#2621=ORIENTED_EDGE('',*,*,#1984,.T.);
#2622=ORIENTED_EDGE('',*,*,#1948,.T.);
#2623=ORIENTED_EDGE('',*,*,#1985,.T.);
#2624=ORIENTED_EDGE('',*,*,#1931,.T.);
#2625=ORIENTED_EDGE('',*,*,#1863,.T.);
#2626=ORIENTED_EDGE('',*,*,#1943,.T.);
#2627=ORIENTED_EDGE('',*,*,#1986,.T.);
#2628=ORIENTED_EDGE('',*,*,#1940,.T.);
#2629=ORIENTED_EDGE('',*,*,#1987,.T.);
#2630=ORIENTED_EDGE('',*,*,#1930,.T.);
#2631=ORIENTED_EDGE('',*,*,#1988,.T.);
#2632=ORIENTED_EDGE('',*,*,#1937,.T.);
#2633=ORIENTED_EDGE('',*,*,#1989,.T.);
#2634=ORIENTED_EDGE('',*,*,#1935,.T.);
#2635=ORIENTED_EDGE('',*,*,#1990,.T.);
#2636=ORIENTED_EDGE('',*,*,#1929,.T.);
#2637=ORIENTED_EDGE('',*,*,#1991,.T.);
#2638=ORIENTED_EDGE('',*,*,#1927,.T.);
#2639=ORIENTED_EDGE('',*,*,#1992,.T.);
#2640=ORIENTED_EDGE('',*,*,#1934,.T.);
#2641=ORIENTED_EDGE('',*,*,#1993,.T.);
#2642=ORIENTED_EDGE('',*,*,#1982,.F.);
#2643=ORIENTED_EDGE('',*,*,#1994,.T.);
#2644=ORIENTED_EDGE('',*,*,#1974,.F.);
#2645=ORIENTED_EDGE('',*,*,#1995,.T.);
#2646=ORIENTED_EDGE('',*,*,#1979,.F.);
#2647=ORIENTED_EDGE('',*,*,#1961,.F.);
#2648=ORIENTED_EDGE('',*,*,#1976,.F.);
#2649=ORIENTED_EDGE('',*,*,#1994,.F.);
#2650=ORIENTED_EDGE('',*,*,#1793,.F.);
#2651=ORIENTED_EDGE('',*,*,#1859,.F.);
#2652=ORIENTED_EDGE('',*,*,#1989,.F.);
#2653=ORIENTED_EDGE('',*,*,#1954,.F.);
#2654=ORIENTED_EDGE('',*,*,#1967,.F.);
#2655=ORIENTED_EDGE('',*,*,#1965,.F.);
#2656=ORIENTED_EDGE('',*,*,#1805,.F.);
#2657=ORIENTED_EDGE('',*,*,#1802,.F.);
#2658=ORIENTED_EDGE('',*,*,#1799,.F.);
#2659=ORIENTED_EDGE('',*,*,#1796,.F.);
#2660=ORIENTED_EDGE('',*,*,#1946,.F.);
#2661=ORIENTED_EDGE('',*,*,#1987,.F.);
#2662=ORIENTED_EDGE('',*,*,#1942,.F.);
#2663=ORIENTED_EDGE('',*,*,#1993,.F.);
#2664=ORIENTED_EDGE('',*,*,#1955,.F.);
#2665=ORIENTED_EDGE('',*,*,#1991,.F.);
#2666=ORIENTED_EDGE('',*,*,#1941,.F.);
#2667=ORIENTED_EDGE('',*,*,#1957,.F.);
#2668=ORIENTED_EDGE('',*,*,#1970,.F.);
#2669=ORIENTED_EDGE('',*,*,#1973,.F.);
#2670=ORIENTED_EDGE('',*,*,#1975,.F.);
#2671=ORIENTED_EDGE('',*,*,#1968,.F.);
#2672=ORIENTED_EDGE('',*,*,#1966,.F.);
#2673=ORIENTED_EDGE('',*,*,#1956,.F.);
#2674=ORIENTED_EDGE('',*,*,#1986,.F.);
#2675=ORIENTED_EDGE('',*,*,#1978,.F.);
#2676=ORIENTED_EDGE('',*,*,#1981,.F.);
#2677=ORIENTED_EDGE('',*,*,#1983,.F.);
#2678=ORIENTED_EDGE('',*,*,#1992,.F.);
#2679=ORIENTED_EDGE('',*,*,#1990,.F.);
#2680=ORIENTED_EDGE('',*,*,#1988,.F.);
#2681=ORIENTED_EDGE('',*,*,#1985,.F.);
#2682=ORIENTED_EDGE('',*,*,#1996,.T.);
#2683=ORIENTED_EDGE('',*,*,#1997,.T.);
#2684=ORIENTED_EDGE('',*,*,#1998,.T.);
#2685=ORIENTED_EDGE('',*,*,#1999,.T.);
#2686=ORIENTED_EDGE('',*,*,#2000,.T.);
#2687=ORIENTED_EDGE('',*,*,#2001,.T.);
#2688=ORIENTED_EDGE('',*,*,#2002,.T.);
#2689=ORIENTED_EDGE('',*,*,#2003,.T.);
#2690=ORIENTED_EDGE('',*,*,#2004,.T.);
#2691=ORIENTED_EDGE('',*,*,#2005,.T.);
#2692=ORIENTED_EDGE('',*,*,#2006,.T.);
#2693=ORIENTED_EDGE('',*,*,#2007,.T.);
#2694=ORIENTED_EDGE('',*,*,#2008,.T.);
#2695=ORIENTED_EDGE('',*,*,#2009,.T.);
#2696=ORIENTED_EDGE('',*,*,#2010,.T.);
#2697=ORIENTED_EDGE('',*,*,#2011,.T.);
#2698=ORIENTED_EDGE('',*,*,#2012,.T.);
#2699=ORIENTED_EDGE('',*,*,#2013,.T.);
#2700=ORIENTED_EDGE('',*,*,#2014,.T.);
#2701=ORIENTED_EDGE('',*,*,#2015,.T.);
#2702=ORIENTED_EDGE('',*,*,#2016,.T.);
#2703=ORIENTED_EDGE('',*,*,#2017,.T.);
#2704=ORIENTED_EDGE('',*,*,#2018,.T.);
#2705=ORIENTED_EDGE('',*,*,#2019,.T.);
#2706=ORIENTED_EDGE('',*,*,#2020,.T.);
#2707=ORIENTED_EDGE('',*,*,#2021,.T.);
#2708=ORIENTED_EDGE('',*,*,#2022,.T.);
#2709=ORIENTED_EDGE('',*,*,#2023,.T.);
#2710=ORIENTED_EDGE('',*,*,#2024,.T.);
#2711=ORIENTED_EDGE('',*,*,#2025,.T.);
#2712=ORIENTED_EDGE('',*,*,#2026,.T.);
#2713=ORIENTED_EDGE('',*,*,#2027,.T.);
#2714=ORIENTED_EDGE('',*,*,#2028,.T.);
#2715=ORIENTED_EDGE('',*,*,#2029,.T.);
#2716=ORIENTED_EDGE('',*,*,#2030,.T.);
#2717=ORIENTED_EDGE('',*,*,#2031,.T.);
#2718=ORIENTED_EDGE('',*,*,#2032,.T.);
#2719=ORIENTED_EDGE('',*,*,#2033,.T.);
#2720=ORIENTED_EDGE('',*,*,#2034,.T.);
#2721=ORIENTED_EDGE('',*,*,#2035,.T.);
#2722=ORIENTED_EDGE('',*,*,#2036,.T.);
#2723=ORIENTED_EDGE('',*,*,#2037,.T.);
#2724=ORIENTED_EDGE('',*,*,#1918,.F.);
#2725=ORIENTED_EDGE('',*,*,#1827,.T.);
#2726=ORIENTED_EDGE('',*,*,#2038,.T.);
#2727=ORIENTED_EDGE('',*,*,#2039,.T.);
#2728=ORIENTED_EDGE('',*,*,#2036,.F.);
#2729=ORIENTED_EDGE('',*,*,#1826,.T.);
#2730=ORIENTED_EDGE('',*,*,#2040,.T.);
#2731=ORIENTED_EDGE('',*,*,#2041,.T.);
#2732=ORIENTED_EDGE('',*,*,#2038,.F.);
#2733=ORIENTED_EDGE('',*,*,#1825,.T.);
#2734=ORIENTED_EDGE('',*,*,#2042,.T.);
#2735=ORIENTED_EDGE('',*,*,#2043,.T.);
#2736=ORIENTED_EDGE('',*,*,#2040,.F.);
#2737=ORIENTED_EDGE('',*,*,#1824,.T.);
#2738=ORIENTED_EDGE('',*,*,#2044,.T.);
#2739=ORIENTED_EDGE('',*,*,#2045,.T.);
#2740=ORIENTED_EDGE('',*,*,#2042,.F.);
#2741=ORIENTED_EDGE('',*,*,#1823,.T.);
#2742=ORIENTED_EDGE('',*,*,#2046,.T.);
#2743=ORIENTED_EDGE('',*,*,#2047,.T.);
#2744=ORIENTED_EDGE('',*,*,#2044,.F.);
#2745=ORIENTED_EDGE('',*,*,#1822,.T.);
#2746=ORIENTED_EDGE('',*,*,#2048,.T.);
#2747=ORIENTED_EDGE('',*,*,#2049,.T.);
#2748=ORIENTED_EDGE('',*,*,#2046,.F.);
#2749=ORIENTED_EDGE('',*,*,#1821,.T.);
#2750=ORIENTED_EDGE('',*,*,#2050,.T.);
#2751=ORIENTED_EDGE('',*,*,#2051,.T.);
#2752=ORIENTED_EDGE('',*,*,#2048,.F.);
#2753=ORIENTED_EDGE('',*,*,#1820,.T.);
#2754=ORIENTED_EDGE('',*,*,#2052,.T.);
#2755=ORIENTED_EDGE('',*,*,#2053,.T.);
#2756=ORIENTED_EDGE('',*,*,#2050,.F.);
#2757=ORIENTED_EDGE('',*,*,#1819,.T.);
#2758=ORIENTED_EDGE('',*,*,#2054,.T.);
#2759=ORIENTED_EDGE('',*,*,#2055,.T.);
#2760=ORIENTED_EDGE('',*,*,#2052,.F.);
#2761=ORIENTED_EDGE('',*,*,#1818,.T.);
#2762=ORIENTED_EDGE('',*,*,#2056,.T.);
#2763=ORIENTED_EDGE('',*,*,#2057,.T.);
#2764=ORIENTED_EDGE('',*,*,#2054,.F.);
#2765=ORIENTED_EDGE('',*,*,#1817,.T.);
#2766=ORIENTED_EDGE('',*,*,#2058,.T.);
#2767=ORIENTED_EDGE('',*,*,#2059,.T.);
#2768=ORIENTED_EDGE('',*,*,#2056,.F.);
#2769=ORIENTED_EDGE('',*,*,#1816,.T.);
#2770=ORIENTED_EDGE('',*,*,#2060,.T.);
#2771=ORIENTED_EDGE('',*,*,#2061,.T.);
#2772=ORIENTED_EDGE('',*,*,#2058,.F.);
#2773=ORIENTED_EDGE('',*,*,#1815,.T.);
#2774=ORIENTED_EDGE('',*,*,#2062,.T.);
#2775=ORIENTED_EDGE('',*,*,#2063,.T.);
#2776=ORIENTED_EDGE('',*,*,#2060,.F.);
#2777=ORIENTED_EDGE('',*,*,#1814,.T.);
#2778=ORIENTED_EDGE('',*,*,#2064,.T.);
#2779=ORIENTED_EDGE('',*,*,#2065,.T.);
#2780=ORIENTED_EDGE('',*,*,#2062,.F.);
#2781=ORIENTED_EDGE('',*,*,#1813,.T.);
#2782=ORIENTED_EDGE('',*,*,#1851,.T.);
#2783=ORIENTED_EDGE('',*,*,#2066,.T.);
#2784=ORIENTED_EDGE('',*,*,#2064,.F.);
#2785=ORIENTED_EDGE('',*,*,#1812,.T.);
#2786=ORIENTED_EDGE('',*,*,#2067,.T.);
#2787=ORIENTED_EDGE('',*,*,#1833,.T.);
#2788=ORIENTED_EDGE('',*,*,#1922,.F.);
#2789=ORIENTED_EDGE('',*,*,#2068,.T.);
#2790=ORIENTED_EDGE('',*,*,#2069,.T.);
#2791=ORIENTED_EDGE('',*,*,#1834,.T.);
#2792=ORIENTED_EDGE('',*,*,#2067,.F.);
#2793=ORIENTED_EDGE('',*,*,#2070,.T.);
#2794=ORIENTED_EDGE('',*,*,#2071,.T.);
#2795=ORIENTED_EDGE('',*,*,#1835,.T.);
#2796=ORIENTED_EDGE('',*,*,#2069,.F.);
#2797=ORIENTED_EDGE('',*,*,#2072,.T.);
#2798=ORIENTED_EDGE('',*,*,#2073,.T.);
#2799=ORIENTED_EDGE('',*,*,#1836,.T.);
#2800=ORIENTED_EDGE('',*,*,#2071,.F.);
#2801=ORIENTED_EDGE('',*,*,#2074,.T.);
#2802=ORIENTED_EDGE('',*,*,#2075,.T.);
#2803=ORIENTED_EDGE('',*,*,#1837,.T.);
#2804=ORIENTED_EDGE('',*,*,#2073,.F.);
#2805=ORIENTED_EDGE('',*,*,#2076,.T.);
#2806=ORIENTED_EDGE('',*,*,#2077,.T.);
#2807=ORIENTED_EDGE('',*,*,#1838,.T.);
#2808=ORIENTED_EDGE('',*,*,#2075,.F.);
#2809=ORIENTED_EDGE('',*,*,#2078,.T.);
#2810=ORIENTED_EDGE('',*,*,#2079,.T.);
#2811=ORIENTED_EDGE('',*,*,#1839,.T.);
#2812=ORIENTED_EDGE('',*,*,#2077,.F.);
#2813=ORIENTED_EDGE('',*,*,#2080,.T.);
#2814=ORIENTED_EDGE('',*,*,#2081,.T.);
#2815=ORIENTED_EDGE('',*,*,#1840,.T.);
#2816=ORIENTED_EDGE('',*,*,#2079,.F.);
#2817=ORIENTED_EDGE('',*,*,#2082,.T.);
#2818=ORIENTED_EDGE('',*,*,#2083,.T.);
#2819=ORIENTED_EDGE('',*,*,#1841,.T.);
#2820=ORIENTED_EDGE('',*,*,#2081,.F.);
#2821=ORIENTED_EDGE('',*,*,#2084,.T.);
#2822=ORIENTED_EDGE('',*,*,#2085,.T.);
#2823=ORIENTED_EDGE('',*,*,#1842,.T.);
#2824=ORIENTED_EDGE('',*,*,#2083,.F.);
#2825=ORIENTED_EDGE('',*,*,#2086,.T.);
#2826=ORIENTED_EDGE('',*,*,#2087,.T.);
#2827=ORIENTED_EDGE('',*,*,#1843,.T.);
#2828=ORIENTED_EDGE('',*,*,#2085,.F.);
#2829=ORIENTED_EDGE('',*,*,#2088,.T.);
#2830=ORIENTED_EDGE('',*,*,#2089,.T.);
#2831=ORIENTED_EDGE('',*,*,#1844,.T.);
#2832=ORIENTED_EDGE('',*,*,#2087,.F.);
#2833=ORIENTED_EDGE('',*,*,#2090,.T.);
#2834=ORIENTED_EDGE('',*,*,#2091,.T.);
#2835=ORIENTED_EDGE('',*,*,#1845,.T.);
#2836=ORIENTED_EDGE('',*,*,#2089,.F.);
#2837=ORIENTED_EDGE('',*,*,#2092,.T.);
#2838=ORIENTED_EDGE('',*,*,#2093,.T.);
#2839=ORIENTED_EDGE('',*,*,#1846,.T.);
#2840=ORIENTED_EDGE('',*,*,#2091,.F.);
#2841=ORIENTED_EDGE('',*,*,#2094,.T.);
#2842=ORIENTED_EDGE('',*,*,#2095,.T.);
#2843=ORIENTED_EDGE('',*,*,#1847,.T.);
#2844=ORIENTED_EDGE('',*,*,#2093,.F.);
#2845=ORIENTED_EDGE('',*,*,#2096,.T.);
#2846=ORIENTED_EDGE('',*,*,#2097,.T.);
#2847=ORIENTED_EDGE('',*,*,#1848,.T.);
#2848=ORIENTED_EDGE('',*,*,#2095,.F.);
#2849=ORIENTED_EDGE('',*,*,#2098,.T.);
#2850=ORIENTED_EDGE('',*,*,#1795,.F.);
#2851=ORIENTED_EDGE('',*,*,#1849,.T.);
#2852=ORIENTED_EDGE('',*,*,#2097,.F.);
#2853=ORIENTED_EDGE('',*,*,#2099,.T.);
#2854=ORIENTED_EDGE('',*,*,#1792,.F.);
#2855=ORIENTED_EDGE('',*,*,#2099,.F.);
#2856=ORIENTED_EDGE('',*,*,#2100,.F.);
#2857=ORIENTED_EDGE('',*,*,#2101,.T.);
#2858=ORIENTED_EDGE('',*,*,#1890,.F.);
#2859=ORIENTED_EDGE('',*,*,#1786,.F.);
#2860=ORIENTED_EDGE('',*,*,#1789,.F.);
#2861=ORIENTED_EDGE('',*,*,#2098,.F.);
#2862=ORIENTED_EDGE('',*,*,#2102,.T.);
#2863=ORIENTED_EDGE('',*,*,#2103,.F.);
#2864=ORIENTED_EDGE('',*,*,#2100,.T.);
#2865=ORIENTED_EDGE('',*,*,#2096,.F.);
#2866=ORIENTED_EDGE('',*,*,#2104,.F.);
#2867=ORIENTED_EDGE('',*,*,#2105,.F.);
#2868=ORIENTED_EDGE('',*,*,#2102,.F.);
#2869=ORIENTED_EDGE('',*,*,#2094,.F.);
#2870=ORIENTED_EDGE('',*,*,#2106,.T.);
#2871=ORIENTED_EDGE('',*,*,#2107,.F.);
#2872=ORIENTED_EDGE('',*,*,#2104,.T.);
#2873=ORIENTED_EDGE('',*,*,#2092,.F.);
#2874=ORIENTED_EDGE('',*,*,#2108,.F.);
#2875=ORIENTED_EDGE('',*,*,#2109,.T.);
#2876=ORIENTED_EDGE('',*,*,#2106,.F.);
#2877=ORIENTED_EDGE('',*,*,#2090,.F.);
#2878=ORIENTED_EDGE('',*,*,#2110,.T.);
#2879=ORIENTED_EDGE('',*,*,#2111,.F.);
#2880=ORIENTED_EDGE('',*,*,#2108,.T.);
#2881=ORIENTED_EDGE('',*,*,#2088,.F.);
#2882=ORIENTED_EDGE('',*,*,#2112,.F.);
#2883=ORIENTED_EDGE('',*,*,#2113,.F.);
#2884=ORIENTED_EDGE('',*,*,#2110,.F.);
#2885=ORIENTED_EDGE('',*,*,#2086,.F.);
#2886=ORIENTED_EDGE('',*,*,#2114,.T.);
#2887=ORIENTED_EDGE('',*,*,#2115,.F.);
#2888=ORIENTED_EDGE('',*,*,#2112,.T.);
#2889=ORIENTED_EDGE('',*,*,#2084,.F.);
#2890=ORIENTED_EDGE('',*,*,#2116,.F.);
#2891=ORIENTED_EDGE('',*,*,#2117,.T.);
#2892=ORIENTED_EDGE('',*,*,#2114,.F.);
#2893=ORIENTED_EDGE('',*,*,#2082,.F.);
#2894=ORIENTED_EDGE('',*,*,#2118,.T.);
#2895=ORIENTED_EDGE('',*,*,#2119,.F.);
#2896=ORIENTED_EDGE('',*,*,#2116,.T.);
#2897=ORIENTED_EDGE('',*,*,#2080,.F.);
#2898=ORIENTED_EDGE('',*,*,#2120,.F.);
#2899=ORIENTED_EDGE('',*,*,#2121,.F.);
#2900=ORIENTED_EDGE('',*,*,#2118,.F.);
#2901=ORIENTED_EDGE('',*,*,#2078,.F.);
#2902=ORIENTED_EDGE('',*,*,#2122,.T.);
#2903=ORIENTED_EDGE('',*,*,#2123,.F.);
#2904=ORIENTED_EDGE('',*,*,#2120,.T.);
#2905=ORIENTED_EDGE('',*,*,#2076,.F.);
#2906=ORIENTED_EDGE('',*,*,#2124,.F.);
#2907=ORIENTED_EDGE('',*,*,#2125,.T.);
#2908=ORIENTED_EDGE('',*,*,#2122,.F.);
#2909=ORIENTED_EDGE('',*,*,#2074,.F.);
#2910=ORIENTED_EDGE('',*,*,#2126,.T.);
#2911=ORIENTED_EDGE('',*,*,#2127,.F.);
#2912=ORIENTED_EDGE('',*,*,#2124,.T.);
#2913=ORIENTED_EDGE('',*,*,#2072,.F.);
#2914=ORIENTED_EDGE('',*,*,#2128,.F.);
#2915=ORIENTED_EDGE('',*,*,#2129,.F.);
#2916=ORIENTED_EDGE('',*,*,#2126,.F.);
#2917=ORIENTED_EDGE('',*,*,#2070,.F.);
#2918=ORIENTED_EDGE('',*,*,#2130,.T.);
#2919=ORIENTED_EDGE('',*,*,#2131,.F.);
#2920=ORIENTED_EDGE('',*,*,#2128,.T.);
#2921=ORIENTED_EDGE('',*,*,#2068,.F.);
#2922=ORIENTED_EDGE('',*,*,#2132,.F.);
#2923=ORIENTED_EDGE('',*,*,#2133,.T.);
#2924=ORIENTED_EDGE('',*,*,#2130,.F.);
#2925=ORIENTED_EDGE('',*,*,#1913,.T.);
#2926=ORIENTED_EDGE('',*,*,#2134,.T.);
#2927=ORIENTED_EDGE('',*,*,#2135,.T.);
#2928=ORIENTED_EDGE('',*,*,#2136,.T.);
#2929=ORIENTED_EDGE('',*,*,#2134,.F.);
#2930=ORIENTED_EDGE('',*,*,#2137,.F.);
#2931=ORIENTED_EDGE('',*,*,#2138,.F.);
#2932=ORIENTED_EDGE('',*,*,#2139,.T.);
#2933=ORIENTED_EDGE('',*,*,#2135,.F.);
#2934=ORIENTED_EDGE('',*,*,#2136,.F.);
#2935=ORIENTED_EDGE('',*,*,#2139,.F.);
#2936=ORIENTED_EDGE('',*,*,#1869,.F.);
#2937=ORIENTED_EDGE('',*,*,#1894,.T.);
#2938=ORIENTED_EDGE('',*,*,#1882,.F.);
#2939=ORIENTED_EDGE('',*,*,#1907,.T.);
#2940=ORIENTED_EDGE('',*,*,#2140,.F.);
#2941=ORIENTED_EDGE('',*,*,#2141,.F.);
#2942=ORIENTED_EDGE('',*,*,#2142,.F.);
#2943=ORIENTED_EDGE('',*,*,#2143,.F.);
#2944=ORIENTED_EDGE('',*,*,#2144,.F.);
#2945=ORIENTED_EDGE('',*,*,#2145,.F.);
#2946=ORIENTED_EDGE('',*,*,#2146,.F.);
#2947=ORIENTED_EDGE('',*,*,#2147,.F.);
#2948=ORIENTED_EDGE('',*,*,#2148,.F.);
#2949=ORIENTED_EDGE('',*,*,#2149,.F.);
#2950=ORIENTED_EDGE('',*,*,#2150,.F.);
#2951=ORIENTED_EDGE('',*,*,#2151,.F.);
#2952=ORIENTED_EDGE('',*,*,#2152,.F.);
#2953=ORIENTED_EDGE('',*,*,#2153,.F.);
#2954=ORIENTED_EDGE('',*,*,#2154,.F.);
#2955=ORIENTED_EDGE('',*,*,#2155,.F.);
#2956=ORIENTED_EDGE('',*,*,#2156,.F.);
#2957=ORIENTED_EDGE('',*,*,#2157,.F.);
#2958=ORIENTED_EDGE('',*,*,#2158,.F.);
#2959=ORIENTED_EDGE('',*,*,#2159,.F.);
#2960=ORIENTED_EDGE('',*,*,#2160,.F.);
#2961=ORIENTED_EDGE('',*,*,#2161,.F.);
#2962=ORIENTED_EDGE('',*,*,#2162,.F.);
#2963=ORIENTED_EDGE('',*,*,#2158,.T.);
#2964=ORIENTED_EDGE('',*,*,#2163,.T.);
#2965=ORIENTED_EDGE('',*,*,#2164,.F.);
#2966=ORIENTED_EDGE('',*,*,#2163,.F.);
#2967=ORIENTED_EDGE('',*,*,#2157,.T.);
#2968=ORIENTED_EDGE('',*,*,#2165,.T.);
#2969=ORIENTED_EDGE('',*,*,#2166,.F.);
#2970=ORIENTED_EDGE('',*,*,#2165,.F.);
#2971=ORIENTED_EDGE('',*,*,#2156,.T.);
#2972=ORIENTED_EDGE('',*,*,#2167,.T.);
#2973=ORIENTED_EDGE('',*,*,#2168,.F.);
#2974=ORIENTED_EDGE('',*,*,#2169,.F.);
#2975=ORIENTED_EDGE('',*,*,#2153,.T.);
#2976=ORIENTED_EDGE('',*,*,#2170,.T.);
#2977=ORIENTED_EDGE('',*,*,#2171,.F.);
#2978=ORIENTED_EDGE('',*,*,#2170,.F.);
#2979=ORIENTED_EDGE('',*,*,#2152,.T.);
#2980=ORIENTED_EDGE('',*,*,#2172,.T.);
#2981=ORIENTED_EDGE('',*,*,#2173,.F.);
#2982=ORIENTED_EDGE('',*,*,#2172,.F.);
#2983=ORIENTED_EDGE('',*,*,#2151,.T.);
#2984=ORIENTED_EDGE('',*,*,#2174,.T.);
#2985=ORIENTED_EDGE('',*,*,#2025,.F.);
#2986=ORIENTED_EDGE('',*,*,#2175,.F.);
#2987=ORIENTED_EDGE('',*,*,#2145,.T.);
#2988=ORIENTED_EDGE('',*,*,#2176,.T.);
#2989=ORIENTED_EDGE('',*,*,#2026,.F.);
#2990=ORIENTED_EDGE('',*,*,#2176,.F.);
#2991=ORIENTED_EDGE('',*,*,#2144,.T.);
#2992=ORIENTED_EDGE('',*,*,#2177,.T.);
#2993=ORIENTED_EDGE('',*,*,#2027,.F.);
#2994=ORIENTED_EDGE('',*,*,#2177,.F.);
#2995=ORIENTED_EDGE('',*,*,#2143,.T.);
#2996=ORIENTED_EDGE('',*,*,#2178,.T.);
#2997=ORIENTED_EDGE('',*,*,#2028,.F.);
#2998=ORIENTED_EDGE('',*,*,#2178,.F.);
#2999=ORIENTED_EDGE('',*,*,#2142,.T.);
#3000=ORIENTED_EDGE('',*,*,#2179,.T.);
#3001=ORIENTED_EDGE('',*,*,#2029,.F.);
#3002=ORIENTED_EDGE('',*,*,#2179,.F.);
#3003=ORIENTED_EDGE('',*,*,#2141,.T.);
#3004=ORIENTED_EDGE('',*,*,#2180,.T.);
#3005=ORIENTED_EDGE('',*,*,#2030,.F.);
#3006=ORIENTED_EDGE('',*,*,#2180,.F.);
#3007=ORIENTED_EDGE('',*,*,#2140,.T.);
#3008=ORIENTED_EDGE('',*,*,#2181,.T.);
#3009=ORIENTED_EDGE('',*,*,#2182,.F.);
#3010=ORIENTED_EDGE('',*,*,#2183,.F.);
#3011=ORIENTED_EDGE('',*,*,#2159,.T.);
#3012=ORIENTED_EDGE('',*,*,#2162,.T.);
#3013=ORIENTED_EDGE('',*,*,#2184,.F.);
#3014=ORIENTED_EDGE('',*,*,#2167,.F.);
#3015=ORIENTED_EDGE('',*,*,#2160,.T.);
#3016=ORIENTED_EDGE('',*,*,#2183,.T.);
#3017=ORIENTED_EDGE('',*,*,#2185,.F.);
#3018=ORIENTED_EDGE('',*,*,#2186,.F.);
#3019=ORIENTED_EDGE('',*,*,#2154,.T.);
#3020=ORIENTED_EDGE('',*,*,#2169,.T.);
#3021=ORIENTED_EDGE('',*,*,#2187,.F.);
#3022=ORIENTED_EDGE('',*,*,#2174,.F.);
#3023=ORIENTED_EDGE('',*,*,#2155,.T.);
#3024=ORIENTED_EDGE('',*,*,#2186,.T.);
#3025=ORIENTED_EDGE('',*,*,#2031,.F.);
#3026=ORIENTED_EDGE('',*,*,#2181,.F.);
#3027=ORIENTED_EDGE('',*,*,#2150,.T.);
#3028=ORIENTED_EDGE('',*,*,#2188,.T.);
#3029=ORIENTED_EDGE('',*,*,#2032,.F.);
#3030=ORIENTED_EDGE('',*,*,#2188,.F.);
#3031=ORIENTED_EDGE('',*,*,#2149,.T.);
#3032=ORIENTED_EDGE('',*,*,#2189,.T.);
#3033=ORIENTED_EDGE('',*,*,#2033,.F.);
#3034=ORIENTED_EDGE('',*,*,#2189,.F.);
#3035=ORIENTED_EDGE('',*,*,#2148,.T.);
#3036=ORIENTED_EDGE('',*,*,#2190,.T.);
#3037=ORIENTED_EDGE('',*,*,#2034,.F.);
#3038=ORIENTED_EDGE('',*,*,#2190,.F.);
#3039=ORIENTED_EDGE('',*,*,#2147,.T.);
#3040=ORIENTED_EDGE('',*,*,#2191,.T.);
#3041=ORIENTED_EDGE('',*,*,#2035,.F.);
#3042=ORIENTED_EDGE('',*,*,#2191,.F.);
#3043=ORIENTED_EDGE('',*,*,#2146,.T.);
#3044=ORIENTED_EDGE('',*,*,#2175,.T.);
#3045=ORIENTED_EDGE('',*,*,#2014,.F.);
#3046=ORIENTED_EDGE('',*,*,#2192,.F.);
#3047=ORIENTED_EDGE('',*,*,#2193,.T.);
#3048=ORIENTED_EDGE('',*,*,#2194,.T.);
#3049=ORIENTED_EDGE('',*,*,#2024,.F.);
#3050=ORIENTED_EDGE('',*,*,#2195,.F.);
#3051=ORIENTED_EDGE('',*,*,#2196,.T.);
#3052=ORIENTED_EDGE('',*,*,#2192,.T.);
#3053=ORIENTED_EDGE('',*,*,#2023,.F.);
#3054=ORIENTED_EDGE('',*,*,#2197,.F.);
#3055=ORIENTED_EDGE('',*,*,#2198,.T.);
#3056=ORIENTED_EDGE('',*,*,#2195,.T.);
#3057=ORIENTED_EDGE('',*,*,#2022,.F.);
#3058=ORIENTED_EDGE('',*,*,#2199,.F.);
#3059=ORIENTED_EDGE('',*,*,#2200,.T.);
#3060=ORIENTED_EDGE('',*,*,#2197,.T.);
#3061=ORIENTED_EDGE('',*,*,#2021,.F.);
#3062=ORIENTED_EDGE('',*,*,#2201,.F.);
#3063=ORIENTED_EDGE('',*,*,#2202,.T.);
#3064=ORIENTED_EDGE('',*,*,#2199,.T.);
#3065=ORIENTED_EDGE('',*,*,#2020,.F.);
#3066=ORIENTED_EDGE('',*,*,#2203,.F.);
#3067=ORIENTED_EDGE('',*,*,#2204,.T.);
#3068=ORIENTED_EDGE('',*,*,#2201,.T.);
#3069=ORIENTED_EDGE('',*,*,#2019,.F.);
#3070=ORIENTED_EDGE('',*,*,#2205,.F.);
#3071=ORIENTED_EDGE('',*,*,#2206,.T.);
#3072=ORIENTED_EDGE('',*,*,#2203,.T.);
#3073=ORIENTED_EDGE('',*,*,#2018,.F.);
#3074=ORIENTED_EDGE('',*,*,#2207,.F.);
#3075=ORIENTED_EDGE('',*,*,#2208,.T.);
#3076=ORIENTED_EDGE('',*,*,#2205,.T.);
#3077=ORIENTED_EDGE('',*,*,#2017,.F.);
#3078=ORIENTED_EDGE('',*,*,#2209,.F.);
#3079=ORIENTED_EDGE('',*,*,#2210,.T.);
#3080=ORIENTED_EDGE('',*,*,#2207,.T.);
#3081=ORIENTED_EDGE('',*,*,#2016,.F.);
#3082=ORIENTED_EDGE('',*,*,#2211,.F.);
#3083=ORIENTED_EDGE('',*,*,#2212,.T.);
#3084=ORIENTED_EDGE('',*,*,#2209,.T.);
#3085=ORIENTED_EDGE('',*,*,#2015,.F.);
#3086=ORIENTED_EDGE('',*,*,#2194,.F.);
#3087=ORIENTED_EDGE('',*,*,#2213,.T.);
#3088=ORIENTED_EDGE('',*,*,#2211,.T.);
#3089=ORIENTED_EDGE('',*,*,#2204,.F.);
#3090=ORIENTED_EDGE('',*,*,#2206,.F.);
#3091=ORIENTED_EDGE('',*,*,#2208,.F.);
#3092=ORIENTED_EDGE('',*,*,#2210,.F.);
#3093=ORIENTED_EDGE('',*,*,#2212,.F.);
#3094=ORIENTED_EDGE('',*,*,#2213,.F.);
#3095=ORIENTED_EDGE('',*,*,#2193,.F.);
#3096=ORIENTED_EDGE('',*,*,#2196,.F.);
#3097=ORIENTED_EDGE('',*,*,#2198,.F.);
#3098=ORIENTED_EDGE('',*,*,#2200,.F.);
#3099=ORIENTED_EDGE('',*,*,#2202,.F.);
#3100=ORIENTED_EDGE('',*,*,#2214,.F.);
#3101=ORIENTED_EDGE('',*,*,#2215,.F.);
#3102=ORIENTED_EDGE('',*,*,#2216,.F.);
#3103=ORIENTED_EDGE('',*,*,#2217,.F.);
#3104=ORIENTED_EDGE('',*,*,#2218,.F.);
#3105=ORIENTED_EDGE('',*,*,#2219,.F.);
#3106=ORIENTED_EDGE('',*,*,#2220,.F.);
#3107=ORIENTED_EDGE('',*,*,#2007,.F.);
#3108=ORIENTED_EDGE('',*,*,#2221,.F.);
#3109=ORIENTED_EDGE('',*,*,#2217,.T.);
#3110=ORIENTED_EDGE('',*,*,#2222,.T.);
#3111=ORIENTED_EDGE('',*,*,#2008,.F.);
#3112=ORIENTED_EDGE('',*,*,#2222,.F.);
#3113=ORIENTED_EDGE('',*,*,#2216,.T.);
#3114=ORIENTED_EDGE('',*,*,#2223,.T.);
#3115=ORIENTED_EDGE('',*,*,#2009,.F.);
#3116=ORIENTED_EDGE('',*,*,#2223,.F.);
#3117=ORIENTED_EDGE('',*,*,#2215,.T.);
#3118=ORIENTED_EDGE('',*,*,#2224,.T.);
#3119=ORIENTED_EDGE('',*,*,#2010,.F.);
#3120=ORIENTED_EDGE('',*,*,#2224,.F.);
#3121=ORIENTED_EDGE('',*,*,#2214,.T.);
#3122=ORIENTED_EDGE('',*,*,#2225,.T.);
#3123=ORIENTED_EDGE('',*,*,#2011,.F.);
#3124=ORIENTED_EDGE('',*,*,#2225,.F.);
#3125=ORIENTED_EDGE('',*,*,#2220,.T.);
#3126=ORIENTED_EDGE('',*,*,#2226,.T.);
#3127=ORIENTED_EDGE('',*,*,#2012,.F.);
#3128=ORIENTED_EDGE('',*,*,#2226,.F.);
#3129=ORIENTED_EDGE('',*,*,#2219,.T.);
#3130=ORIENTED_EDGE('',*,*,#2227,.T.);
#3131=ORIENTED_EDGE('',*,*,#2013,.F.);
#3132=ORIENTED_EDGE('',*,*,#2227,.F.);
#3133=ORIENTED_EDGE('',*,*,#2218,.T.);
#3134=ORIENTED_EDGE('',*,*,#2221,.T.);
#3135=ORIENTED_EDGE('',*,*,#1996,.F.);
#3136=ORIENTED_EDGE('',*,*,#2228,.F.);
#3137=ORIENTED_EDGE('',*,*,#2229,.T.);
#3138=ORIENTED_EDGE('',*,*,#2230,.T.);
#3139=ORIENTED_EDGE('',*,*,#2006,.F.);
#3140=ORIENTED_EDGE('',*,*,#2231,.F.);
#3141=ORIENTED_EDGE('',*,*,#2232,.T.);
#3142=ORIENTED_EDGE('',*,*,#2228,.T.);
#3143=ORIENTED_EDGE('',*,*,#2005,.F.);
#3144=ORIENTED_EDGE('',*,*,#2233,.F.);
#3145=ORIENTED_EDGE('',*,*,#2234,.T.);
#3146=ORIENTED_EDGE('',*,*,#2231,.T.);
#3147=ORIENTED_EDGE('',*,*,#2004,.F.);
#3148=ORIENTED_EDGE('',*,*,#2235,.F.);
#3149=ORIENTED_EDGE('',*,*,#2236,.T.);
#3150=ORIENTED_EDGE('',*,*,#2233,.T.);
#3151=ORIENTED_EDGE('',*,*,#2003,.F.);
#3152=ORIENTED_EDGE('',*,*,#2237,.F.);
#3153=ORIENTED_EDGE('',*,*,#2238,.T.);
#3154=ORIENTED_EDGE('',*,*,#2235,.T.);
#3155=ORIENTED_EDGE('',*,*,#2239,.F.);
#3156=ORIENTED_EDGE('',*,*,#2240,.F.);
#3157=ORIENTED_EDGE('',*,*,#2241,.T.);
#3158=ORIENTED_EDGE('',*,*,#2242,.T.);
#3159=ORIENTED_EDGE('',*,*,#2243,.F.);
#3160=ORIENTED_EDGE('',*,*,#2242,.F.);
#3161=ORIENTED_EDGE('',*,*,#2244,.T.);
#3162=ORIENTED_EDGE('',*,*,#2245,.T.);
#3163=ORIENTED_EDGE('',*,*,#2246,.F.);
#3164=ORIENTED_EDGE('',*,*,#2245,.F.);
#3165=ORIENTED_EDGE('',*,*,#2247,.T.);
#3166=ORIENTED_EDGE('',*,*,#2248,.T.);
#3167=ORIENTED_EDGE('',*,*,#2002,.F.);
#3168=ORIENTED_EDGE('',*,*,#2249,.F.);
#3169=ORIENTED_EDGE('',*,*,#2250,.T.);
#3170=ORIENTED_EDGE('',*,*,#2237,.T.);
#3171=ORIENTED_EDGE('',*,*,#2001,.F.);
#3172=ORIENTED_EDGE('',*,*,#2251,.F.);
#3173=ORIENTED_EDGE('',*,*,#2252,.T.);
#3174=ORIENTED_EDGE('',*,*,#2249,.T.);
#3175=ORIENTED_EDGE('',*,*,#2000,.F.);
#3176=ORIENTED_EDGE('',*,*,#2253,.F.);
#3177=ORIENTED_EDGE('',*,*,#2254,.T.);
#3178=ORIENTED_EDGE('',*,*,#2251,.T.);
#3179=ORIENTED_EDGE('',*,*,#1999,.F.);
#3180=ORIENTED_EDGE('',*,*,#2255,.F.);
#3181=ORIENTED_EDGE('',*,*,#2256,.T.);
#3182=ORIENTED_EDGE('',*,*,#2253,.T.);
#3183=ORIENTED_EDGE('',*,*,#1998,.F.);
#3184=ORIENTED_EDGE('',*,*,#2257,.F.);
#3185=ORIENTED_EDGE('',*,*,#2258,.T.);
#3186=ORIENTED_EDGE('',*,*,#2255,.T.);
#3187=ORIENTED_EDGE('',*,*,#1997,.F.);
#3188=ORIENTED_EDGE('',*,*,#2230,.F.);
#3189=ORIENTED_EDGE('',*,*,#2259,.T.);
#3190=ORIENTED_EDGE('',*,*,#2257,.T.);
#3191=ORIENTED_EDGE('',*,*,#2260,.F.);
#3192=ORIENTED_EDGE('',*,*,#2261,.F.);
#3193=ORIENTED_EDGE('',*,*,#2262,.T.);
#3194=ORIENTED_EDGE('',*,*,#2240,.T.);
#3195=ORIENTED_EDGE('',*,*,#2263,.F.);
#3196=ORIENTED_EDGE('',*,*,#2264,.F.);
#3197=ORIENTED_EDGE('',*,*,#2265,.T.);
#3198=ORIENTED_EDGE('',*,*,#2261,.T.);
#3199=ORIENTED_EDGE('',*,*,#2266,.F.);
#3200=ORIENTED_EDGE('',*,*,#2267,.F.);
#3201=ORIENTED_EDGE('',*,*,#2268,.T.);
#3202=ORIENTED_EDGE('',*,*,#2264,.T.);
#3203=ORIENTED_EDGE('',*,*,#2269,.F.);
#3204=ORIENTED_EDGE('',*,*,#2248,.F.);
#3205=ORIENTED_EDGE('',*,*,#2270,.T.);
#3206=ORIENTED_EDGE('',*,*,#2267,.T.);
#3207=ORIENTED_EDGE('',*,*,#2250,.F.);
#3208=ORIENTED_EDGE('',*,*,#2252,.F.);
#3209=ORIENTED_EDGE('',*,*,#2254,.F.);
#3210=ORIENTED_EDGE('',*,*,#2256,.F.);
#3211=ORIENTED_EDGE('',*,*,#2258,.F.);
#3212=ORIENTED_EDGE('',*,*,#2259,.F.);
#3213=ORIENTED_EDGE('',*,*,#2229,.F.);
#3214=ORIENTED_EDGE('',*,*,#2232,.F.);
#3215=ORIENTED_EDGE('',*,*,#2234,.F.);
#3216=ORIENTED_EDGE('',*,*,#2236,.F.);
#3217=ORIENTED_EDGE('',*,*,#2238,.F.);
#3218=ORIENTED_EDGE('',*,*,#2262,.F.);
#3219=ORIENTED_EDGE('',*,*,#2265,.F.);
#3220=ORIENTED_EDGE('',*,*,#2268,.F.);
#3221=ORIENTED_EDGE('',*,*,#2270,.F.);
#3222=ORIENTED_EDGE('',*,*,#2247,.F.);
#3223=ORIENTED_EDGE('',*,*,#2244,.F.);
#3224=ORIENTED_EDGE('',*,*,#2241,.F.);
#3225=ORIENTED_EDGE('',*,*,#2239,.T.);
#3226=ORIENTED_EDGE('',*,*,#2243,.T.);
#3227=ORIENTED_EDGE('',*,*,#2246,.T.);
#3228=ORIENTED_EDGE('',*,*,#2269,.T.);
#3229=ORIENTED_EDGE('',*,*,#2266,.T.);
#3230=ORIENTED_EDGE('',*,*,#2263,.T.);
#3231=ORIENTED_EDGE('',*,*,#2260,.T.);
#3232=ORIENTED_EDGE('',*,*,#2168,.T.);
#3233=ORIENTED_EDGE('',*,*,#2171,.T.);
#3234=ORIENTED_EDGE('',*,*,#2173,.T.);
#3235=ORIENTED_EDGE('',*,*,#2187,.T.);
#3236=ORIENTED_EDGE('',*,*,#2185,.T.);
#3237=ORIENTED_EDGE('',*,*,#2066,.F.);
#3238=ORIENTED_EDGE('',*,*,#1854,.T.);
#3239=ORIENTED_EDGE('',*,*,#2271,.F.);
#3240=ORIENTED_EDGE('',*,*,#2272,.T.);
#3241=ORIENTED_EDGE('',*,*,#2065,.F.);
#3242=ORIENTED_EDGE('',*,*,#2272,.F.);
#3243=ORIENTED_EDGE('',*,*,#2273,.F.);
#3244=ORIENTED_EDGE('',*,*,#2274,.F.);
#3245=ORIENTED_EDGE('',*,*,#2063,.F.);
#3246=ORIENTED_EDGE('',*,*,#2274,.T.);
#3247=ORIENTED_EDGE('',*,*,#2275,.F.);
#3248=ORIENTED_EDGE('',*,*,#2276,.T.);
#3249=ORIENTED_EDGE('',*,*,#2061,.F.);
#3250=ORIENTED_EDGE('',*,*,#2276,.F.);
#3251=ORIENTED_EDGE('',*,*,#2277,.F.);
#3252=ORIENTED_EDGE('',*,*,#2278,.F.);
#3253=ORIENTED_EDGE('',*,*,#2059,.F.);
#3254=ORIENTED_EDGE('',*,*,#2278,.T.);
#3255=ORIENTED_EDGE('',*,*,#2279,.F.);
#3256=ORIENTED_EDGE('',*,*,#2280,.T.);
#3257=ORIENTED_EDGE('',*,*,#2057,.F.);
#3258=ORIENTED_EDGE('',*,*,#2280,.F.);
#3259=ORIENTED_EDGE('',*,*,#2281,.F.);
#3260=ORIENTED_EDGE('',*,*,#2282,.F.);
#3261=ORIENTED_EDGE('',*,*,#2055,.F.);
#3262=ORIENTED_EDGE('',*,*,#2282,.T.);
#3263=ORIENTED_EDGE('',*,*,#2283,.F.);
#3264=ORIENTED_EDGE('',*,*,#2284,.T.);
#3265=ORIENTED_EDGE('',*,*,#2053,.F.);
#3266=ORIENTED_EDGE('',*,*,#2284,.F.);
#3267=ORIENTED_EDGE('',*,*,#2285,.F.);
#3268=ORIENTED_EDGE('',*,*,#2286,.F.);
#3269=ORIENTED_EDGE('',*,*,#2051,.F.);
#3270=ORIENTED_EDGE('',*,*,#2286,.T.);
#3271=ORIENTED_EDGE('',*,*,#2287,.F.);
#3272=ORIENTED_EDGE('',*,*,#2288,.T.);
#3273=ORIENTED_EDGE('',*,*,#2049,.F.);
#3274=ORIENTED_EDGE('',*,*,#2288,.F.);
#3275=ORIENTED_EDGE('',*,*,#2289,.F.);
#3276=ORIENTED_EDGE('',*,*,#2290,.F.);
#3277=ORIENTED_EDGE('',*,*,#2047,.F.);
#3278=ORIENTED_EDGE('',*,*,#2290,.T.);
#3279=ORIENTED_EDGE('',*,*,#2291,.F.);
#3280=ORIENTED_EDGE('',*,*,#2292,.T.);
#3281=ORIENTED_EDGE('',*,*,#2045,.F.);
#3282=ORIENTED_EDGE('',*,*,#2292,.F.);
#3283=ORIENTED_EDGE('',*,*,#2293,.F.);
#3284=ORIENTED_EDGE('',*,*,#2294,.F.);
#3285=ORIENTED_EDGE('',*,*,#2043,.F.);
#3286=ORIENTED_EDGE('',*,*,#2294,.T.);
#3287=ORIENTED_EDGE('',*,*,#2295,.F.);
#3288=ORIENTED_EDGE('',*,*,#2296,.T.);
#3289=ORIENTED_EDGE('',*,*,#1871,.F.);
#3290=ORIENTED_EDGE('',*,*,#1876,.F.);
#3291=ORIENTED_EDGE('',*,*,#2297,.F.);
#3292=ORIENTED_EDGE('',*,*,#2298,.T.);
#3293=ORIENTED_EDGE('',*,*,#2299,.T.);
#3294=ORIENTED_EDGE('',*,*,#2300,.T.);
#3295=ORIENTED_EDGE('',*,*,#2295,.T.);
#3296=ORIENTED_EDGE('',*,*,#2293,.T.);
#3297=ORIENTED_EDGE('',*,*,#2291,.T.);
#3298=ORIENTED_EDGE('',*,*,#2289,.T.);
#3299=ORIENTED_EDGE('',*,*,#2287,.T.);
#3300=ORIENTED_EDGE('',*,*,#2285,.T.);
#3301=ORIENTED_EDGE('',*,*,#2283,.T.);
#3302=ORIENTED_EDGE('',*,*,#2281,.T.);
#3303=ORIENTED_EDGE('',*,*,#2279,.T.);
#3304=ORIENTED_EDGE('',*,*,#2277,.T.);
#3305=ORIENTED_EDGE('',*,*,#2275,.T.);
#3306=ORIENTED_EDGE('',*,*,#2273,.T.);
#3307=ORIENTED_EDGE('',*,*,#2271,.T.);
#3308=ORIENTED_EDGE('',*,*,#1853,.T.);
#3309=ORIENTED_EDGE('',*,*,#1856,.F.);
#3310=ORIENTED_EDGE('',*,*,#1895,.F.);
#3311=ORIENTED_EDGE('',*,*,#2039,.F.);
#3312=ORIENTED_EDGE('',*,*,#2301,.T.);
#3313=ORIENTED_EDGE('',*,*,#2299,.F.);
#3314=ORIENTED_EDGE('',*,*,#2302,.T.);
#3315=ORIENTED_EDGE('',*,*,#2037,.F.);
#3316=ORIENTED_EDGE('',*,*,#2302,.F.);
#3317=ORIENTED_EDGE('',*,*,#2298,.F.);
#3318=ORIENTED_EDGE('',*,*,#2303,.F.);
#3319=ORIENTED_EDGE('',*,*,#1877,.F.);
#3320=ORIENTED_EDGE('',*,*,#1893,.F.);
#3321=ORIENTED_EDGE('',*,*,#1891,.F.);
#3322=ORIENTED_EDGE('',*,*,#2101,.F.);
#3323=ORIENTED_EDGE('',*,*,#2103,.T.);
#3324=ORIENTED_EDGE('',*,*,#2105,.T.);
#3325=ORIENTED_EDGE('',*,*,#2107,.T.);
#3326=ORIENTED_EDGE('',*,*,#2109,.F.);
#3327=ORIENTED_EDGE('',*,*,#2111,.T.);
#3328=ORIENTED_EDGE('',*,*,#2113,.T.);
#3329=ORIENTED_EDGE('',*,*,#2115,.T.);
#3330=ORIENTED_EDGE('',*,*,#2117,.F.);
#3331=ORIENTED_EDGE('',*,*,#2119,.T.);
#3332=ORIENTED_EDGE('',*,*,#2121,.T.);
#3333=ORIENTED_EDGE('',*,*,#2123,.T.);
#3334=ORIENTED_EDGE('',*,*,#2125,.F.);
#3335=ORIENTED_EDGE('',*,*,#2127,.T.);
#3336=ORIENTED_EDGE('',*,*,#2129,.T.);
#3337=ORIENTED_EDGE('',*,*,#2131,.T.);
#3338=ORIENTED_EDGE('',*,*,#2133,.F.);
#3339=ORIENTED_EDGE('',*,*,#2304,.F.);
#3340=ORIENTED_EDGE('',*,*,#1887,.T.);
#3341=ORIENTED_EDGE('',*,*,#2305,.T.);
#3342=ORIENTED_EDGE('',*,*,#2306,.T.);
#3343=ORIENTED_EDGE('',*,*,#2305,.F.);
#3344=ORIENTED_EDGE('',*,*,#2306,.F.);
#3345=ORIENTED_EDGE('',*,*,#2307,.T.);
#3346=ORIENTED_EDGE('',*,*,#2138,.T.);
#3347=ORIENTED_EDGE('',*,*,#2137,.T.);
#3348=ORIENTED_EDGE('',*,*,#2307,.F.);
#3349=ORIENTED_EDGE('',*,*,#2041,.F.);
#3350=ORIENTED_EDGE('',*,*,#2296,.F.);
#3351=ORIENTED_EDGE('',*,*,#2300,.F.);
#3352=ORIENTED_EDGE('',*,*,#2301,.F.);
#3353=ORIENTED_EDGE('',*,*,#2161,.T.);
#3354=ORIENTED_EDGE('',*,*,#2164,.T.);
#3355=ORIENTED_EDGE('',*,*,#2166,.T.);
#3356=ORIENTED_EDGE('',*,*,#2184,.T.);
#3357=ORIENTED_EDGE('',*,*,#2182,.T.);
#3358=ORIENTED_EDGE('',*,*,#1984,.F.);
#3359=ORIENTED_EDGE('',*,*,#1995,.F.);
#3360=ORIENTED_EDGE('',*,*,#1971,.F.);
#3361=ORIENTED_EDGE('',*,*,#1947,.F.);
#3362=ORIENTED_EDGE('',*,*,#1926,.F.);
#3363=ORIENTED_EDGE('',*,*,#1888,.T.);
#3364=ORIENTED_EDGE('',*,*,#2304,.T.);
#3365=ORIENTED_EDGE('',*,*,#2132,.T.);
#3366=ORIENTED_EDGE('',*,*,#1921,.F.);
#3367=ORIENTED_EDGE('',*,*,#1924,.F.);
#3368=ORIENTED_EDGE('',*,*,#1919,.F.);
#3369=ORIENTED_EDGE('',*,*,#2303,.T.);
#3370=ORIENTED_EDGE('',*,*,#2297,.T.);
#3371=ORIENTED_EDGE('',*,*,#1875,.T.);
#3372=ORIENTED_EDGE('',*,*,#1915,.F.);
#3373=ORIENTED_EDGE('',*,*,#1917,.F.);
#3374=B_SPLINE_SURFACE_WITH_KNOTS('',3,3,((#5090,#5091,#5092,#5093,#5094),
(#5095,#5096,#5097,#5098,#5099),(#5100,#5101,#5102,#5103,#5104),(#5105,
#5106,#5107,#5108,#5109),(#5110,#5111,#5112,#5113,#5114)),.UNSPECIFIED.,
 .F.,.F.,.F.,(4,1,4),(4,1,4),(0.,0.571428571428571,1.),(-1.5707963267949,
-0.897597901025655,6.60877756569532E-16),.UNSPECIFIED.);
#3375=B_SPLINE_SURFACE_WITH_KNOTS('',3,3,((#5129,#5130,#5131,#5132,#5133),
(#5134,#5135,#5136,#5137,#5138),(#5139,#5140,#5141,#5142,#5143),(#5144,
#5145,#5146,#5147,#5148),(#5149,#5150,#5151,#5152,#5153)),.UNSPECIFIED.,
 .F.,.F.,.F.,(4,1,4),(4,1,4),(0.,0.571428571428571,1.),(-5.60346164309505E-16,
0.673198425769241,1.5707963267949),.UNSPECIFIED.);
#3376=B_SPLINE_SURFACE_WITH_KNOTS('',3,3,((#5338,#5339,#5340,#5341),(#5342,
#5343,#5344,#5345),(#5346,#5347,#5348,#5349),(#5350,#5351,#5352,#5353),
(#5354,#5355,#5356,#5357)),.UNSPECIFIED.,.F.,.F.,.F.,(4,1,4),(4,4),(0.,
0.5,1.),(2.43356451650559E-18,0.135714467098281),.UNSPECIFIED.);
#3377=B_SPLINE_SURFACE_WITH_KNOTS('',3,3,((#5393,#5394,#5395,#5396),(#5397,
#5398,#5399,#5400),(#5401,#5402,#5403,#5404),(#5405,#5406,#5407,#5408),
(#5409,#5410,#5411,#5412)),.UNSPECIFIED.,.F.,.F.,.F.,(4,1,4),(4,4),(0.,
0.5,1.),(0.,0.135714923315047),.UNSPECIFIED.);
#3378=B_SPLINE_SURFACE_WITH_KNOTS('',3,3,((#5987,#5988,#5989,#5990,#5991),
(#5992,#5993,#5994,#5995,#5996),(#5997,#5998,#5999,#6000,#6001),(#6002,
#6003,#6004,#6005,#6006),(#6007,#6008,#6009,#6010,#6011)),.UNSPECIFIED.,
 .F.,.F.,.F.,(4,1,4),(4,1,4),(0.,0.5,1.),(-0.667947905011241,-0.0954211292873222,
0.667947905011236),.UNSPECIFIED.);
#3379=B_SPLINE_SURFACE_WITH_KNOTS('',2,1,((#6169,#6170),(#6171,#6172),(#6173,
#6174),(#6175,#6176)),.UNSPECIFIED.,.F.,.F.,.F.,(3,1,3),(2,2),(0.,1.,2.),
(0.,8.48724647380998),.UNSPECIFIED.);
#3380=B_SPLINE_SURFACE_WITH_KNOTS('',2,1,((#6185,#6186),(#6187,#6188),(#6189,
#6190),(#6191,#6192)),.UNSPECIFIED.,.F.,.F.,.F.,(3,1,3),(2,2),(0.,1.,2.),
(0.,8.48724647380998),.UNSPECIFIED.);
#3381=B_SPLINE_SURFACE_WITH_KNOTS('',2,1,((#6199,#6200),(#6201,#6202),(#6203,
#6204),(#6205,#6206)),.UNSPECIFIED.,.F.,.F.,.F.,(3,1,3),(2,2),(0.,1.,2.),
(0.,8.48724647380998),.UNSPECIFIED.);
#3382=B_SPLINE_SURFACE_WITH_KNOTS('',2,1,((#6213,#6214),(#6215,#6216),(#6217,
#6218),(#6219,#6220)),.UNSPECIFIED.,.F.,.F.,.F.,(3,1,3),(2,2),(0.,1.,2.),
(0.,8.48724647380998),.UNSPECIFIED.);
#3383=B_SPLINE_SURFACE_WITH_KNOTS('',2,1,((#6229,#6230),(#6231,#6232),(#6233,
#6234),(#6235,#6236)),.UNSPECIFIED.,.F.,.F.,.F.,(3,1,3),(2,2),(0.,1.,2.),
(0.,8.48724647380998),.UNSPECIFIED.);
#3384=B_SPLINE_SURFACE_WITH_KNOTS('',2,1,((#6243,#6244),(#6245,#6246),(#6247,
#6248),(#6249,#6250)),.UNSPECIFIED.,.F.,.F.,.F.,(3,1,3),(2,2),(0.,1.,2.),
(0.,8.48724647380998),.UNSPECIFIED.);
#3385=B_SPLINE_SURFACE_WITH_KNOTS('',2,1,((#6257,#6258),(#6259,#6260),(#6261,
#6262),(#6263,#6264)),.UNSPECIFIED.,.F.,.F.,.F.,(3,1,3),(2,2),(-2.,-1.,
0.),(0.,8.48724647380998),.UNSPECIFIED.);
#3386=B_SPLINE_SURFACE_WITH_KNOTS('',2,1,((#6269,#6270),(#6271,#6272),(#6273,
#6274),(#6275,#6276)),.UNSPECIFIED.,.F.,.F.,.F.,(3,1,3),(2,2),(-2.,-1.,
0.),(0.,8.48724647380998),.UNSPECIFIED.);
#3387=B_SPLINE_SURFACE_WITH_KNOTS('',2,1,((#6278,#6279),(#6280,#6281),(#6282,
#6283),(#6284,#6285)),.UNSPECIFIED.,.F.,.F.,.F.,(3,1,3),(2,2),(-2.,-1.,
0.),(0.,8.48724647380998),.UNSPECIFIED.);
#3388=B_SPLINE_SURFACE_WITH_KNOTS('',2,1,((#6287,#6288),(#6289,#6290),(#6291,
#6292),(#6293,#6294)),.UNSPECIFIED.,.F.,.F.,.F.,(3,1,3),(2,2),(-2.,-1.,
0.),(0.,8.48724647380998),.UNSPECIFIED.);
#3389=B_SPLINE_SURFACE_WITH_KNOTS('',2,1,((#6296,#6297),(#6298,#6299),(#6300,
#6301),(#6302,#6303)),.UNSPECIFIED.,.F.,.F.,.F.,(3,1,3),(2,2),(-2.,-1.,
0.),(0.,8.48724647380998),.UNSPECIFIED.);
#3390=B_SPLINE_SURFACE_WITH_KNOTS('',2,1,((#6305,#6306),(#6307,#6308),(#6309,
#6310),(#6311,#6312)),.UNSPECIFIED.,.F.,.F.,.F.,(3,1,3),(2,2),(0.,1.,2.),
(0.,8.48724647380998),.UNSPECIFIED.);
#3391=B_SPLINE_SURFACE_WITH_KNOTS('',2,1,((#6319,#6320),(#6321,#6322),(#6323,
#6324),(#6325,#6326)),.UNSPECIFIED.,.F.,.F.,.F.,(3,1,3),(2,2),(0.,1.,2.),
(0.,8.48724647380998),.UNSPECIFIED.);
#3392=B_SPLINE_SURFACE_WITH_KNOTS('',2,1,((#6331,#6332),(#6333,#6334),(#6335,
#6336),(#6337,#6338)),.UNSPECIFIED.,.F.,.F.,.F.,(3,1,3),(2,2),(0.,1.,2.),
(0.,8.48724647380998),.UNSPECIFIED.);
#3393=B_SPLINE_SURFACE_WITH_KNOTS('',2,1,((#6345,#6346),(#6347,#6348),(#6349,
#6350),(#6351,#6352)),.UNSPECIFIED.,.F.,.F.,.F.,(3,1,3),(2,2),(0.,1.,2.),
(0.,8.48724647380998),.UNSPECIFIED.);
#3394=B_SPLINE_SURFACE_WITH_KNOTS('',2,1,((#6357,#6358),(#6359,#6360),(#6361,
#6362),(#6363,#6364)),.UNSPECIFIED.,.F.,.F.,.F.,(3,1,3),(2,2),(-2.,-1.,
0.),(0.,8.48724647380998),.UNSPECIFIED.);
#3395=B_SPLINE_SURFACE_WITH_KNOTS('',2,1,((#6368,#6369),(#6370,#6371),(#6372,
#6373),(#6374,#6375)),.UNSPECIFIED.,.F.,.F.,.F.,(3,1,3),(2,2),(-2.,-1.,
0.),(0.,8.48724647380998),.UNSPECIFIED.);
#3396=B_SPLINE_SURFACE_WITH_KNOTS('',2,1,((#6377,#6378),(#6379,#6380),(#6381,
#6382),(#6383,#6384)),.UNSPECIFIED.,.F.,.F.,.F.,(3,1,3),(2,2),(-2.,-1.,
0.),(0.,8.48724647380998),.UNSPECIFIED.);
#3397=B_SPLINE_SURFACE_WITH_KNOTS('',2,1,((#6386,#6387),(#6388,#6389),(#6390,
#6391),(#6392,#6393)),.UNSPECIFIED.,.F.,.F.,.F.,(3,1,3),(2,2),(-2.,-1.,
0.),(0.,8.48724647380998),.UNSPECIFIED.);
#3398=B_SPLINE_SURFACE_WITH_KNOTS('',2,1,((#6394,#6395),(#6396,#6397),(#6398,
#6399),(#6400,#6401)),.UNSPECIFIED.,.F.,.F.,.F.,(3,1,3),(2,2),(-2.,-1.,
0.),(0.,8.48724647380998),.UNSPECIFIED.);
#3399=B_SPLINE_SURFACE_WITH_KNOTS('',2,1,((#6503,#6504),(#6505,#6506),(#6507,
#6508),(#6509,#6510)),.UNSPECIFIED.,.F.,.F.,.F.,(3,1,3),(2,2),(0.,1.,2.),
(0.,8.48724647380998),.UNSPECIFIED.);
#3400=B_SPLINE_SURFACE_WITH_KNOTS('',2,1,((#6528,#6529),(#6530,#6531),(#6532,
#6533),(#6534,#6535)),.UNSPECIFIED.,.F.,.F.,.F.,(3,1,3),(2,2),(0.,1.,2.),
(0.,8.48724647380998),.UNSPECIFIED.);
#3401=B_SPLINE_SURFACE_WITH_KNOTS('',2,1,((#6568,#6569),(#6570,#6571),(#6572,
#6573),(#6574,#6575)),.UNSPECIFIED.,.F.,.F.,.F.,(3,1,3),(2,2),(-2.,-1.,
0.),(0.,8.48724647380998),.UNSPECIFIED.);
#3402=B_SPLINE_SURFACE_WITH_KNOTS('',2,1,((#6585,#6586),(#6587,#6588),(#6589,
#6590),(#6591,#6592)),.UNSPECIFIED.,.F.,.F.,.F.,(3,1,3),(2,2),(-2.,-1.,
0.),(0.,8.48724647380998),.UNSPECIFIED.);
#3403=B_SPLINE_SURFACE_WITH_KNOTS('',2,1,((#6602,#6603),(#6604,#6605),(#6606,
#6607),(#6608,#6609)),.UNSPECIFIED.,.F.,.F.,.F.,(3,1,3),(2,2),(-2.,-1.,
0.),(0.,8.48724647380998),.UNSPECIFIED.);
#3404=B_SPLINE_SURFACE_WITH_KNOTS('',2,1,((#6617,#6618),(#6619,#6620),(#6621,
#6622),(#6623,#6624)),.UNSPECIFIED.,.F.,.F.,.F.,(3,1,3),(2,2),(0.,1.,2.),
(0.,8.48724647380998),.UNSPECIFIED.);
#3405=B_SPLINE_SURFACE_WITH_KNOTS('',2,1,((#6639,#6640),(#6641,#6642),(#6643,
#6644),(#6645,#6646)),.UNSPECIFIED.,.F.,.F.,.F.,(3,1,3),(2,2),(0.,1.,2.),
(0.,8.48724647380998),.UNSPECIFIED.);
#3406=ADVANCED_FACE('',(#799),#3374,.T.);
#3407=ADVANCED_FACE('',(#800),#727,.F.);
#3408=ADVANCED_FACE('',(#801),#3375,.T.);
#3409=ADVANCED_FACE('',(#802),#728,.F.);
#3410=ADVANCED_FACE('',(#803),#162,.F.);
#3411=ADVANCED_FACE('',(#804),#729,.F.);
#3412=ADVANCED_FACE('',(#805),#163,.F.);
#3413=ADVANCED_FACE('',(#806),#730,.F.);
#3414=ADVANCED_FACE('',(#807),#164,.F.);
#3415=ADVANCED_FACE('',(#808),#731,.F.);
#3416=ADVANCED_FACE('',(#809),#165,.F.);
#3417=ADVANCED_FACE('',(#810),#732,.F.);
#3418=ADVANCED_FACE('',(#811),#97,.T.);
#3419=ADVANCED_FACE('',(#812),#733,.T.);
#3420=ADVANCED_FACE('',(#813),#98,.T.);
#3421=ADVANCED_FACE('',(#814),#734,.T.);
#3422=ADVANCED_FACE('',(#815),#735,.T.);
#3423=ADVANCED_FACE('',(#816),#99,.T.);
#3424=ADVANCED_FACE('',(#817),#736,.T.);
#3425=ADVANCED_FACE('',(#818),#3376,.F.);
#3426=ADVANCED_FACE('',(#819),#737,.T.);
#3427=ADVANCED_FACE('',(#820),#100,.T.);
#3428=ADVANCED_FACE('',(#821),#738,.T.);
#3429=ADVANCED_FACE('',(#822),#3377,.F.);
#3430=ADVANCED_FACE('',(#823),#739,.T.);
#3431=ADVANCED_FACE('',(#824),#101,.T.);
#3432=ADVANCED_FACE('',(#825),#740,.T.);
#3433=ADVANCED_FACE('',(#826),#102,.T.);
#3434=ADVANCED_FACE('',(#827),#166,.T.);
#3435=ADVANCED_FACE('',(#828),#741,.T.);
#3436=ADVANCED_FACE('',(#829),#167,.T.);
#3437=ADVANCED_FACE('',(#830),#168,.T.);
#3438=ADVANCED_FACE('',(#831),#742,.T.);
#3439=ADVANCED_FACE('',(#832),#743,.T.);
#3440=ADVANCED_FACE('',(#833,#27),#103,.F.);
#3441=ADVANCED_FACE('',(#834),#169,.T.);
#3442=ADVANCED_FACE('',(#835),#170,.T.);
#3443=ADVANCED_FACE('',(#836),#744,.T.);
#3444=ADVANCED_FACE('',(#837),#745,.T.);
#3445=ADVANCED_FACE('',(#838),#171,.T.);
#3446=ADVANCED_FACE('',(#839),#172,.T.);
#3447=ADVANCED_FACE('',(#840),#746,.T.);
#3448=ADVANCED_FACE('',(#841),#17,.T.);
#3449=ADVANCED_FACE('',(#842),#18,.T.);
#3450=ADVANCED_FACE('',(#843),#19,.T.);
#3451=ADVANCED_FACE('',(#844),#20,.T.);
#3452=ADVANCED_FACE('',(#845),#21,.T.);
#3453=ADVANCED_FACE('',(#846),#747,.T.);
#3454=ADVANCED_FACE('',(#847),#22,.T.);
#3455=ADVANCED_FACE('',(#848),#748,.T.);
#3456=ADVANCED_FACE('',(#849),#23,.T.);
#3457=ADVANCED_FACE('',(#850),#24,.T.);
#3458=ADVANCED_FACE('',(#851),#749,.T.);
#3459=ADVANCED_FACE('',(#852),#750,.T.);
#3460=ADVANCED_FACE('',(#853),#25,.T.);
#3461=ADVANCED_FACE('',(#854),#751,.T.);
#3462=ADVANCED_FACE('',(#855),#26,.T.);
#3463=ADVANCED_FACE('',(#856),#752,.T.);
#3464=ADVANCED_FACE('',(#857),#753,.T.);
#3465=ADVANCED_FACE('',(#858),#754,.T.);
#3466=ADVANCED_FACE('',(#859),#755,.T.);
#3467=ADVANCED_FACE('',(#860),#173,.T.);
#3468=ADVANCED_FACE('',(#861),#756,.T.);
#3469=ADVANCED_FACE('',(#862),#757,.T.);
#3470=ADVANCED_FACE('',(#863),#174,.T.);
#3471=ADVANCED_FACE('',(#864),#758,.T.);
#3472=ADVANCED_FACE('',(#865),#759,.T.);
#3473=ADVANCED_FACE('',(#866),#760,.T.);
#3474=ADVANCED_FACE('',(#867),#761,.T.);
#3475=ADVANCED_FACE('',(#868),#762,.T.);
#3476=ADVANCED_FACE('',(#869),#763,.T.);
#3477=ADVANCED_FACE('',(#870),#764,.F.);
#3478=ADVANCED_FACE('',(#871),#104,.T.);
#3479=ADVANCED_FACE('',(#872),#105,.T.);
#3480=ADVANCED_FACE('',(#873),#106,.T.);
#3481=ADVANCED_FACE('',(#874),#107,.T.);
#3482=ADVANCED_FACE('',(#875),#108,.T.);
#3483=ADVANCED_FACE('',(#876,#28,#29,#30,#31),#109,.T.);
#3484=ADVANCED_FACE('',(#877),#765,.T.);
#3485=ADVANCED_FACE('',(#878),#175,.T.);
#3486=ADVANCED_FACE('',(#879),#176,.T.);
#3487=ADVANCED_FACE('',(#880),#177,.T.);
#3488=ADVANCED_FACE('',(#881),#766,.T.);
#3489=ADVANCED_FACE('',(#882),#178,.T.);
#3490=ADVANCED_FACE('',(#883),#179,.T.);
#3491=ADVANCED_FACE('',(#884),#180,.T.);
#3492=ADVANCED_FACE('',(#885),#767,.T.);
#3493=ADVANCED_FACE('',(#886),#181,.T.);
#3494=ADVANCED_FACE('',(#887),#182,.T.);
#3495=ADVANCED_FACE('',(#888),#183,.T.);
#3496=ADVANCED_FACE('',(#889),#768,.T.);
#3497=ADVANCED_FACE('',(#890),#184,.T.);
#3498=ADVANCED_FACE('',(#891),#185,.T.);
#3499=ADVANCED_FACE('',(#892),#186,.T.);
#3500=ADVANCED_FACE('',(#893),#769,.T.);
#3501=ADVANCED_FACE('',(#894),#187,.T.);
#3502=ADVANCED_FACE('',(#895),#188,.T.);
#3503=ADVANCED_FACE('',(#896),#189,.T.);
#3504=ADVANCED_FACE('',(#897),#770,.T.);
#3505=ADVANCED_FACE('',(#898),#190,.T.);
#3506=ADVANCED_FACE('',(#899),#191,.T.);
#3507=ADVANCED_FACE('',(#900),#192,.T.);
#3508=ADVANCED_FACE('',(#901),#771,.T.);
#3509=ADVANCED_FACE('',(#902),#193,.T.);
#3510=ADVANCED_FACE('',(#903),#194,.T.);
#3511=ADVANCED_FACE('',(#904),#195,.T.);
#3512=ADVANCED_FACE('',(#905),#772,.T.);
#3513=ADVANCED_FACE('',(#906),#196,.T.);
#3514=ADVANCED_FACE('',(#907),#197,.T.);
#3515=ADVANCED_FACE('',(#908),#198,.T.);
#3516=ADVANCED_FACE('',(#909),#773,.T.);
#3517=ADVANCED_FACE('',(#910),#110,.T.);
#3518=ADVANCED_FACE('',(#911),#774,.F.);
#3519=ADVANCED_FACE('',(#912),#775,.T.);
#3520=ADVANCED_FACE('',(#913),#776,.F.);
#3521=ADVANCED_FACE('',(#914),#111,.T.);
#3522=ADVANCED_FACE('',(#915),#777,.F.);
#3523=ADVANCED_FACE('',(#916),#778,.T.);
#3524=ADVANCED_FACE('',(#917),#779,.F.);
#3525=ADVANCED_FACE('',(#918),#112,.T.);
#3526=ADVANCED_FACE('',(#919),#780,.F.);
#3527=ADVANCED_FACE('',(#920),#781,.T.);
#3528=ADVANCED_FACE('',(#921),#782,.F.);
#3529=ADVANCED_FACE('',(#922),#113,.T.);
#3530=ADVANCED_FACE('',(#923),#783,.F.);
#3531=ADVANCED_FACE('',(#924),#784,.T.);
#3532=ADVANCED_FACE('',(#925),#785,.F.);
#3533=ADVANCED_FACE('',(#926),#114,.T.);
#3534=ADVANCED_FACE('',(#927),#15,.F.);
#3535=ADVANCED_FACE('',(#928),#786,.F.);
#3536=ADVANCED_FACE('',(#929),#3378,.F.);
#3537=ADVANCED_FACE('',(#930,#32,#33),#115,.T.);
#3538=ADVANCED_FACE('',(#931),#3379,.T.);
#3539=ADVANCED_FACE('',(#932),#3380,.T.);
#3540=ADVANCED_FACE('',(#933),#3381,.T.);
#3541=ADVANCED_FACE('',(#934),#3382,.T.);
#3542=ADVANCED_FACE('',(#935),#3383,.T.);
#3543=ADVANCED_FACE('',(#936),#3384,.T.);
#3544=ADVANCED_FACE('',(#937),#3385,.F.);
#3545=ADVANCED_FACE('',(#938),#116,.F.);
#3546=ADVANCED_FACE('',(#939),#3386,.F.);
#3547=ADVANCED_FACE('',(#940),#3387,.F.);
#3548=ADVANCED_FACE('',(#941),#3388,.F.);
#3549=ADVANCED_FACE('',(#942),#3389,.F.);
#3550=ADVANCED_FACE('',(#943),#3390,.T.);
#3551=ADVANCED_FACE('',(#944),#3391,.T.);
#3552=ADVANCED_FACE('',(#945),#3392,.T.);
#3553=ADVANCED_FACE('',(#946),#3393,.T.);
#3554=ADVANCED_FACE('',(#947),#3394,.F.);
#3555=ADVANCED_FACE('',(#948),#117,.F.);
#3556=ADVANCED_FACE('',(#949),#3395,.F.);
#3557=ADVANCED_FACE('',(#950),#3396,.F.);
#3558=ADVANCED_FACE('',(#951),#3397,.F.);
#3559=ADVANCED_FACE('',(#952),#3398,.F.);
#3560=ADVANCED_FACE('',(#953),#118,.F.);
#3561=ADVANCED_FACE('',(#954),#119,.F.);
#3562=ADVANCED_FACE('',(#955),#120,.F.);
#3563=ADVANCED_FACE('',(#956),#121,.F.);
#3564=ADVANCED_FACE('',(#957),#122,.F.);
#3565=ADVANCED_FACE('',(#958),#123,.F.);
#3566=ADVANCED_FACE('',(#959),#124,.F.);
#3567=ADVANCED_FACE('',(#960),#125,.F.);
#3568=ADVANCED_FACE('',(#961),#126,.F.);
#3569=ADVANCED_FACE('',(#962),#127,.F.);
#3570=ADVANCED_FACE('',(#963),#128,.T.);
#3571=ADVANCED_FACE('',(#964),#129,.T.);
#3572=ADVANCED_FACE('',(#965),#130,.F.);
#3573=ADVANCED_FACE('',(#966),#131,.F.);
#3574=ADVANCED_FACE('',(#967),#132,.F.);
#3575=ADVANCED_FACE('',(#968),#133,.F.);
#3576=ADVANCED_FACE('',(#969),#134,.F.);
#3577=ADVANCED_FACE('',(#970),#135,.F.);
#3578=ADVANCED_FACE('',(#971),#136,.F.);
#3579=ADVANCED_FACE('',(#972),#137,.F.);
#3580=ADVANCED_FACE('',(#973),#138,.F.);
#3581=ADVANCED_FACE('',(#974),#139,.F.);
#3582=ADVANCED_FACE('',(#975),#140,.F.);
#3583=ADVANCED_FACE('',(#976),#141,.F.);
#3584=ADVANCED_FACE('',(#977),#3399,.T.);
#3585=ADVANCED_FACE('',(#978),#3400,.T.);
#3586=ADVANCED_FACE('',(#979),#142,.T.);
#3587=ADVANCED_FACE('',(#980),#143,.F.);
#3588=ADVANCED_FACE('',(#981),#144,.F.);
#3589=ADVANCED_FACE('',(#982),#145,.F.);
#3590=ADVANCED_FACE('',(#983),#3401,.F.);
#3591=ADVANCED_FACE('',(#984),#3402,.F.);
#3592=ADVANCED_FACE('',(#985),#3403,.F.);
#3593=ADVANCED_FACE('',(#986),#3404,.T.);
#3594=ADVANCED_FACE('',(#987),#3405,.T.);
#3595=ADVANCED_FACE('',(#988),#146,.T.);
#3596=ADVANCED_FACE('',(#989),#147,.T.);
#3597=ADVANCED_FACE('',(#990,#34),#148,.T.);
#3598=ADVANCED_FACE('',(#991),#149,.T.);
#3599=ADVANCED_FACE('',(#992),#150,.T.);
#3600=ADVANCED_FACE('',(#993),#787,.F.);
#3601=ADVANCED_FACE('',(#994),#788,.T.);
#3602=ADVANCED_FACE('',(#995),#789,.F.);
#3603=ADVANCED_FACE('',(#996),#151,.T.);
#3604=ADVANCED_FACE('',(#997),#790,.F.);
#3605=ADVANCED_FACE('',(#998),#791,.T.);
#3606=ADVANCED_FACE('',(#999),#792,.F.);
#3607=ADVANCED_FACE('',(#1000),#152,.T.);
#3608=ADVANCED_FACE('',(#1001),#793,.F.);
#3609=ADVANCED_FACE('',(#1002),#794,.T.);
#3610=ADVANCED_FACE('',(#1003),#795,.F.);
#3611=ADVANCED_FACE('',(#1004),#153,.T.);
#3612=ADVANCED_FACE('',(#1005),#796,.F.);
#3613=ADVANCED_FACE('',(#1006),#154,.T.);
#3614=ADVANCED_FACE('',(#1007),#797,.F.);
#3615=ADVANCED_FACE('',(#1008),#155,.T.);
#3616=ADVANCED_FACE('',(#1009),#156,.T.);
#3617=ADVANCED_FACE('',(#1010),#157,.F.);
#3618=ADVANCED_FACE('',(#1011),#16,.F.);
#3619=ADVANCED_FACE('',(#1012),#798,.T.);
#3620=ADVANCED_FACE('',(#1013),#158,.T.);
#3621=ADVANCED_FACE('',(#1014),#159,.T.);
#3622=ADVANCED_FACE('',(#1015),#160,.T.);
#3623=ADVANCED_FACE('',(#1016),#161,.T.);
#3624=CLOSED_SHELL('',(#3406,#3407,#3408,#3409,#3410,#3411,#3412,#3413,
#3414,#3415,#3416,#3417,#3418,#3419,#3420,#3421,#3422,#3423,#3424,#3425,
#3426,#3427,#3428,#3429,#3430,#3431,#3432,#3433,#3434,#3435,#3436,#3437,
#3438,#3439,#3440,#3441,#3442,#3443,#3444,#3445,#3446,#3447,#3448,#3449,
#3450,#3451,#3452,#3453,#3454,#3455,#3456,#3457,#3458,#3459,#3460,#3461,
#3462,#3463,#3464,#3465,#3466,#3467,#3468,#3469,#3470,#3471,#3472,#3473,
#3474,#3475,#3476,#3477,#3478,#3479,#3480,#3481,#3482,#3483,#3484,#3485,
#3486,#3487,#3488,#3489,#3490,#3491,#3492,#3493,#3494,#3495,#3496,#3497,
#3498,#3499,#3500,#3501,#3502,#3503,#3504,#3505,#3506,#3507,#3508,#3509,
#3510,#3511,#3512,#3513,#3514,#3515,#3516,#3517,#3518,#3519,#3520,#3521,
#3522,#3523,#3524,#3525,#3526,#3527,#3528,#3529,#3530,#3531,#3532,#3533,
#3534,#3535,#3536,#3537,#3538,#3539,#3540,#3541,#3542,#3543,#3544,#3545,
#3546,#3547,#3548,#3549,#3550,#3551,#3552,#3553,#3554,#3555,#3556,#3557,
#3558,#3559,#3560,#3561,#3562,#3563,#3564,#3565,#3566,#3567,#3568,#3569,
#3570,#3571,#3572,#3573,#3574,#3575,#3576,#3577,#3578,#3579,#3580,#3581,
#3582,#3583,#3584,#3585,#3586,#3587,#3588,#3589,#3590,#3591,#3592,#3593,
#3594,#3595,#3596,#3597,#3598,#3599,#3600,#3601,#3602,#3603,#3604,#3605,
#3606,#3607,#3608,#3609,#3610,#3611,#3612,#3613,#3614,#3615,#3616,#3617,
#3618,#3619,#3620,#3621,#3622,#3623));
#3625=DERIVED_UNIT_ELEMENT(#3627,1.);
#3626=DERIVED_UNIT_ELEMENT(#6759,3.);
#3627=(
MASS_UNIT()
NAMED_UNIT(*)
SI_UNIT($,.GRAM.)
);
#3628=DERIVED_UNIT((#3625,#3626));
#3629=MEASURE_REPRESENTATION_ITEM('density measure',
POSITIVE_RATIO_MEASURE(1.42),#3628);
#3630=PROPERTY_DEFINITION_REPRESENTATION(#3635,#3632);
#3631=PROPERTY_DEFINITION_REPRESENTATION(#3636,#3633);
#3632=REPRESENTATION('material name',(#3634),#6754);
#3633=REPRESENTATION('density',(#3629),#6754);
#3634=DESCRIPTIVE_REPRESENTATION_ITEM('ACETAL COPOLYMER, WHITE',
'ACETAL COPOLYMER, WHITE');
#3635=PROPERTY_DEFINITION('material property','material name',#6767);
#3636=PROPERTY_DEFINITION('material property','density of part',#6767);
#3637=DATE_TIME_ROLE('creation_date');
#3638=APPLIED_DATE_AND_TIME_ASSIGNMENT(#3639,#3637,(#6767));
#3639=DATE_AND_TIME(#3640,#3641);
#3640=CALENDAR_DATE(2022,11,5);
#3641=LOCAL_TIME(17,6,57.,#3642);
#3642=COORDINATED_UNIVERSAL_TIME_OFFSET(0,0,.BEHIND.);
#3643=AXIS2_PLACEMENT_3D('placement',#5089,#4037,#4038);
#3644=AXIS2_PLACEMENT_3D('',#5117,#4039,#4040);
#3645=AXIS2_PLACEMENT_3D('',#5119,#4041,#4042);
#3646=AXIS2_PLACEMENT_3D('',#5121,#4043,#4044);
#3647=AXIS2_PLACEMENT_3D('',#5122,#4045,#4046);
#3648=AXIS2_PLACEMENT_3D('',#5123,#4047,#4048);
#3649=AXIS2_PLACEMENT_3D('',#5126,#4049,#4050);
#3650=AXIS2_PLACEMENT_3D('',#5156,#4053,#4054);
#3651=AXIS2_PLACEMENT_3D('',#5157,#4055,#4056);
#3652=AXIS2_PLACEMENT_3D('',#5158,#4057,#4058);
#3653=AXIS2_PLACEMENT_3D('',#5159,#4059,#4060);
#3654=AXIS2_PLACEMENT_3D('',#5162,#4061,#4062);
#3655=AXIS2_PLACEMENT_3D('',#5165,#4065,#4066);
#3656=AXIS2_PLACEMENT_3D('',#5168,#4067,#4068);
#3657=AXIS2_PLACEMENT_3D('',#5169,#4069,#4070);
#3658=AXIS2_PLACEMENT_3D('',#5170,#4071,#4072);
#3659=AXIS2_PLACEMENT_3D('',#5171,#4073,#4074);
#3660=AXIS2_PLACEMENT_3D('',#5174,#4075,#4076);
#3661=AXIS2_PLACEMENT_3D('',#5177,#4079,#4080);
#3662=AXIS2_PLACEMENT_3D('',#5180,#4081,#4082);
#3663=AXIS2_PLACEMENT_3D('',#5181,#4083,#4084);
#3664=AXIS2_PLACEMENT_3D('',#5182,#4085,#4086);
#3665=AXIS2_PLACEMENT_3D('',#5183,#4087,#4088);
#3666=AXIS2_PLACEMENT_3D('',#5186,#4089,#4090);
#3667=AXIS2_PLACEMENT_3D('',#5189,#4093,#4094);
#3668=AXIS2_PLACEMENT_3D('',#5192,#4095,#4096);
#3669=AXIS2_PLACEMENT_3D('',#5193,#4097,#4098);
#3670=AXIS2_PLACEMENT_3D('',#5194,#4099,#4100);
#3671=AXIS2_PLACEMENT_3D('',#5195,#4101,#4102);
#3672=AXIS2_PLACEMENT_3D('',#5198,#4103,#4104);
#3673=AXIS2_PLACEMENT_3D('',#5201,#4107,#4108);
#3674=AXIS2_PLACEMENT_3D('',#5204,#4109,#4110);
#3675=AXIS2_PLACEMENT_3D('',#5205,#4111,#4112);
#3676=AXIS2_PLACEMENT_3D('',#5206,#4113,#4114);
#3677=AXIS2_PLACEMENT_3D('',#5207,#4115,#4116);
#3678=AXIS2_PLACEMENT_3D('',#5210,#4119,#4120);
#3679=AXIS2_PLACEMENT_3D('',#5214,#4122,#4123);
#3680=AXIS2_PLACEMENT_3D('',#5216,#4124,#4125);
#3681=AXIS2_PLACEMENT_3D('',#5218,#4126,#4127);
#3682=AXIS2_PLACEMENT_3D('',#5222,#4129,#4130);
#3683=AXIS2_PLACEMENT_3D('',#5224,#4131,#4132);
#3684=AXIS2_PLACEMENT_3D('',#5226,#4133,#4134);
#3685=AXIS2_PLACEMENT_3D('',#5230,#4136,#4137);
#3686=AXIS2_PLACEMENT_3D('',#5232,#4138,#4139);
#3687=AXIS2_PLACEMENT_3D('',#5234,#4140,#4141);
#3688=AXIS2_PLACEMENT_3D('',#5238,#4143,#4144);
#3689=AXIS2_PLACEMENT_3D('',#5240,#4145,#4146);
#3690=AXIS2_PLACEMENT_3D('',#5242,#4147,#4148);
#3691=AXIS2_PLACEMENT_3D('',#5258,#4156,#4157);
#3692=AXIS2_PLACEMENT_3D('',#5260,#4158,#4159);
#3693=AXIS2_PLACEMENT_3D('',#5262,#4160,#4161);
#3694=AXIS2_PLACEMENT_3D('',#5266,#4163,#4164);
#3695=AXIS2_PLACEMENT_3D('',#5268,#4165,#4166);
#3696=AXIS2_PLACEMENT_3D('',#5270,#4167,#4168);
#3697=AXIS2_PLACEMENT_3D('',#5274,#4170,#4171);
#3698=AXIS2_PLACEMENT_3D('',#5276,#4172,#4173);
#3699=AXIS2_PLACEMENT_3D('',#5278,#4174,#4175);
#3700=AXIS2_PLACEMENT_3D('',#5282,#4177,#4178);
#3701=AXIS2_PLACEMENT_3D('',#5284,#4179,#4180);
#3702=AXIS2_PLACEMENT_3D('',#5286,#4181,#4182);
#3703=AXIS2_PLACEMENT_3D('',#5288,#4184,#4185);
#3704=AXIS2_PLACEMENT_3D('',#5291,#4187,#4188);
#3705=AXIS2_PLACEMENT_3D('',#5292,#4189,#4190);
#3706=AXIS2_PLACEMENT_3D('',#5298,#4194,#4195);
#3707=AXIS2_PLACEMENT_3D('',#5301,#4197,#4198);
#3708=AXIS2_PLACEMENT_3D('',#5302,#4199,#4200);
#3709=AXIS2_PLACEMENT_3D('',#5306,#4202,#4203);
#3710=AXIS2_PLACEMENT_3D('',#5308,#4205,#4206);
#3711=AXIS2_PLACEMENT_3D('',#5316,#4211,#4212);
#3712=AXIS2_PLACEMENT_3D('',#5319,#4213,#4214);
#3713=AXIS2_PLACEMENT_3D('',#5360,#4217,#4218);
#3714=AXIS2_PLACEMENT_3D('',#5369,#4219,#4220);
#3715=AXIS2_PLACEMENT_3D('',#5372,#4221,#4222);
#3716=AXIS2_PLACEMENT_3D('',#5375,#4225,#4226);
#3717=AXIS2_PLACEMENT_3D('',#5384,#4229,#4230);
#3718=AXIS2_PLACEMENT_3D('',#5387,#4231,#4232);
#3719=AXIS2_PLACEMENT_3D('',#5391,#4234,#4235);
#3720=AXIS2_PLACEMENT_3D('',#5415,#4237,#4238);
#3721=AXIS2_PLACEMENT_3D('',#5424,#4239,#4240);
#3722=AXIS2_PLACEMENT_3D('',#5443,#4243,#4244);
#3723=AXIS2_PLACEMENT_3D('',#5452,#4247,#4248);
#3724=AXIS2_PLACEMENT_3D('',#5456,#4250,#4251);
#3725=AXIS2_PLACEMENT_3D('',#5458,#4253,#4254);
#3726=AXIS2_PLACEMENT_3D('',#5460,#4256,#4257);
#3727=AXIS2_PLACEMENT_3D('',#5462,#4259,#4260);
#3728=AXIS2_PLACEMENT_3D('',#5465,#4261,#4262);
#3729=AXIS2_PLACEMENT_3D('',#5467,#4263,#4264);
#3730=AXIS2_PLACEMENT_3D('',#5468,#4265,#4266);
#3731=AXIS2_PLACEMENT_3D('',#5469,#4267,#4268);
#3732=AXIS2_PLACEMENT_3D('',#5470,#4269,#4270);
#3733=AXIS2_PLACEMENT_3D('',#5472,#4271,#4272);
#3734=AXIS2_PLACEMENT_3D('',#5474,#4274,#4275);
#3735=AXIS2_PLACEMENT_3D('',#5477,#4276,#4277);
#3736=AXIS2_PLACEMENT_3D('',#5478,#4278,#4279);
#3737=AXIS2_PLACEMENT_3D('',#5479,#4280,#4281);
#3738=AXIS2_PLACEMENT_3D('',#5480,#4282,#4283);
#3739=AXIS2_PLACEMENT_3D('',#5481,#4284,#4285);
#3740=AXIS2_PLACEMENT_3D('',#5482,#4286,#4287);
#3741=AXIS2_PLACEMENT_3D('',#5483,#4288,#4289);
#3742=AXIS2_PLACEMENT_3D('',#5484,#4290,#4291);
#3743=AXIS2_PLACEMENT_3D('',#5486,#4292,#4293);
#3744=AXIS2_PLACEMENT_3D('',#5490,#4296,#4297);
#3745=AXIS2_PLACEMENT_3D('',#5491,#4298,#4299);
#3746=AXIS2_PLACEMENT_3D('',#5492,#4300,#4301);
#3747=AXIS2_PLACEMENT_3D('',#5493,#4302,#4303);
#3748=AXIS2_PLACEMENT_3D('',#5495,#4304,#4305);
#3749=AXIS2_PLACEMENT_3D('',#5496,#4306,#4307);
#3750=AXIS2_PLACEMENT_3D('',#5498,#4308,#4309);
#3751=AXIS2_PLACEMENT_3D('',#5499,#4310,#4311);
#3752=AXIS2_PLACEMENT_3D('',#5500,#4312,#4313);
#3753=AXIS2_PLACEMENT_3D('',#5502,#4314,#4315);
#3754=AXIS2_PLACEMENT_3D('',#5503,#4316,#4317);
#3755=AXIS2_PLACEMENT_3D('',#5504,#4318,#4319);
#3756=AXIS2_PLACEMENT_3D('',#5506,#4320,#4321);
#3757=AXIS2_PLACEMENT_3D('',#5508,#4323,#4324);
#3758=AXIS2_PLACEMENT_3D('',#5510,#4325,#4326);
#3759=AXIS2_PLACEMENT_3D('',#5513,#4328,#4329);
#3760=AXIS2_PLACEMENT_3D('',#5514,#4330,#4331);
#3761=AXIS2_PLACEMENT_3D('',#5516,#4332,#4333);
#3762=AXIS2_PLACEMENT_3D('',#5517,#4334,#4335);
#3763=AXIS2_PLACEMENT_3D('',#5518,#4336,#4337);
#3764=AXIS2_PLACEMENT_3D('',#5519,#4338,#4339);
#3765=AXIS2_PLACEMENT_3D('',#5520,#4340,#4341);
#3766=AXIS2_PLACEMENT_3D('',#5521,#4342,#4343);
#3767=AXIS2_PLACEMENT_3D('',#5522,#4344,#4345);
#3768=AXIS2_PLACEMENT_3D('',#5525,#4346,#4347);
#3769=AXIS2_PLACEMENT_3D('',#5527,#4348,#4349);
#3770=AXIS2_PLACEMENT_3D('',#5528,#4350,#4351);
#3771=AXIS2_PLACEMENT_3D('',#5529,#4352,#4353);
#3772=AXIS2_PLACEMENT_3D('',#5531,#4354,#4355);
#3773=AXIS2_PLACEMENT_3D('',#5532,#4356,#4357);
#3774=AXIS2_PLACEMENT_3D('',#5533,#4358,#4359);
#3775=AXIS2_PLACEMENT_3D('',#5536,#4360,#4361);
#3776=AXIS2_PLACEMENT_3D('',#5538,#4362,#4363);
#3777=AXIS2_PLACEMENT_3D('',#5539,#4364,#4365);
#3778=AXIS2_PLACEMENT_3D('',#5540,#4366,#4367);
#3779=AXIS2_PLACEMENT_3D('',#5543,#4368,#4369);
#3780=AXIS2_PLACEMENT_3D('',#5545,#4370,#4371);
#3781=AXIS2_PLACEMENT_3D('',#5546,#4372,#4373);
#3782=AXIS2_PLACEMENT_3D('',#5547,#4374,#4375);
#3783=AXIS2_PLACEMENT_3D('',#5550,#4376,#4377);
#3784=AXIS2_PLACEMENT_3D('',#5552,#4378,#4379);
#3785=AXIS2_PLACEMENT_3D('',#5553,#4380,#4381);
#3786=AXIS2_PLACEMENT_3D('',#5554,#4382,#4383);
#3787=AXIS2_PLACEMENT_3D('',#5557,#4386,#4387);
#3788=AXIS2_PLACEMENT_3D('',#5560,#4388,#4389);
#3789=AXIS2_PLACEMENT_3D('',#5562,#4390,#4391);
#3790=AXIS2_PLACEMENT_3D('',#5563,#4392,#4393);
#3791=AXIS2_PLACEMENT_3D('',#5564,#4394,#4395);
#3792=AXIS2_PLACEMENT_3D('',#5567,#4398,#4399);
#3793=AXIS2_PLACEMENT_3D('',#5569,#4400,#4401);
#3794=AXIS2_PLACEMENT_3D('',#5571,#4402,#4403);
#3795=AXIS2_PLACEMENT_3D('',#5572,#4404,#4405);
#3796=AXIS2_PLACEMENT_3D('',#5573,#4406,#4407);
#3797=AXIS2_PLACEMENT_3D('',#5576,#4408,#4409);
#3798=AXIS2_PLACEMENT_3D('',#5578,#4410,#4411);
#3799=AXIS2_PLACEMENT_3D('',#5579,#4412,#4413);
#3800=AXIS2_PLACEMENT_3D('',#5580,#4414,#4415);
#3801=AXIS2_PLACEMENT_3D('',#5583,#4418,#4419);
#3802=AXIS2_PLACEMENT_3D('',#5586,#4422,#4423);
#3803=AXIS2_PLACEMENT_3D('',#5589,#4424,#4425);
#3804=AXIS2_PLACEMENT_3D('',#5590,#4426,#4427);
#3805=AXIS2_PLACEMENT_3D('',#5591,#4428,#4429);
#3806=AXIS2_PLACEMENT_3D('',#5592,#4430,#4431);
#3807=AXIS2_PLACEMENT_3D('',#5594,#4433,#4434);
#3808=AXIS2_PLACEMENT_3D('',#5596,#4435,#4436);
#3809=AXIS2_PLACEMENT_3D('',#5598,#4437,#4438);
#3810=AXIS2_PLACEMENT_3D('',#5599,#4439,#4440);
#3811=AXIS2_PLACEMENT_3D('',#5600,#4441,#4442);
#3812=AXIS2_PLACEMENT_3D('',#5602,#4444,#4445);
#3813=AXIS2_PLACEMENT_3D('',#5605,#4448,#4449);
#3814=AXIS2_PLACEMENT_3D('',#5607,#4451,#4452);
#3815=AXIS2_PLACEMENT_3D('',#5610,#4453,#4454);
#3816=AXIS2_PLACEMENT_3D('',#5613,#4457,#4458);
#3817=AXIS2_PLACEMENT_3D('',#5616,#4459,#4460);
#3818=AXIS2_PLACEMENT_3D('',#5617,#4461,#4462);
#3819=AXIS2_PLACEMENT_3D('',#5618,#4463,#4464);
#3820=AXIS2_PLACEMENT_3D('',#5619,#4465,#4466);
#3821=AXIS2_PLACEMENT_3D('',#5622,#4469,#4470);
#3822=AXIS2_PLACEMENT_3D('',#5625,#4471,#4472);
#3823=AXIS2_PLACEMENT_3D('',#5628,#4475,#4476);
#3824=AXIS2_PLACEMENT_3D('',#5631,#4477,#4478);
#3825=AXIS2_PLACEMENT_3D('',#5632,#4479,#4480);
#3826=AXIS2_PLACEMENT_3D('',#5633,#4481,#4482);
#3827=AXIS2_PLACEMENT_3D('',#5634,#4483,#4484);
#3828=AXIS2_PLACEMENT_3D('',#5637,#4487,#4488);
#3829=AXIS2_PLACEMENT_3D('',#5639,#4490,#4491);
#3830=AXIS2_PLACEMENT_3D('',#5642,#4494,#4495);
#3831=AXIS2_PLACEMENT_3D('',#5645,#4498,#4499);
#3832=AXIS2_PLACEMENT_3D('',#5648,#4502,#4503);
#3833=AXIS2_PLACEMENT_3D('',#5651,#4506,#4507);
#3834=AXIS2_PLACEMENT_3D('',#5654,#4510,#4511);
#3835=AXIS2_PLACEMENT_3D('',#5655,#4512,#4513);
#3836=AXIS2_PLACEMENT_3D('',#5656,#4514,#4515);
#3837=AXIS2_PLACEMENT_3D('',#5657,#4516,#4517);
#3838=AXIS2_PLACEMENT_3D('',#5658,#4518,#4519);
#3839=AXIS2_PLACEMENT_3D('',#5659,#4520,#4521);
#3840=AXIS2_PLACEMENT_3D('',#5779,#4549,#4550);
#3841=AXIS2_PLACEMENT_3D('',#5781,#4551,#4552);
#3842=AXIS2_PLACEMENT_3D('',#5783,#4554,#4555);
#3843=AXIS2_PLACEMENT_3D('',#5785,#4556,#4557);
#3844=AXIS2_PLACEMENT_3D('',#5786,#4558,#4559);
#3845=AXIS2_PLACEMENT_3D('',#5787,#4560,#4561);
#3846=AXIS2_PLACEMENT_3D('',#5789,#4562,#4563);
#3847=AXIS2_PLACEMENT_3D('',#5790,#4564,#4565);
#3848=AXIS2_PLACEMENT_3D('',#5791,#4566,#4567);
#3849=AXIS2_PLACEMENT_3D('',#5793,#4568,#4569);
#3850=AXIS2_PLACEMENT_3D('',#5794,#4570,#4571);
#3851=AXIS2_PLACEMENT_3D('',#5795,#4572,#4573);
#3852=AXIS2_PLACEMENT_3D('',#5797,#4574,#4575);
#3853=AXIS2_PLACEMENT_3D('',#5799,#4577,#4578);
#3854=AXIS2_PLACEMENT_3D('',#5801,#4579,#4580);
#3855=AXIS2_PLACEMENT_3D('',#5802,#4581,#4582);
#3856=AXIS2_PLACEMENT_3D('',#5803,#4583,#4584);
#3857=AXIS2_PLACEMENT_3D('',#5805,#4585,#4586);
#3858=AXIS2_PLACEMENT_3D('',#5806,#4587,#4588);
#3859=AXIS2_PLACEMENT_3D('',#5807,#4589,#4590);
#3860=AXIS2_PLACEMENT_3D('',#5809,#4591,#4592);
#3861=AXIS2_PLACEMENT_3D('',#5810,#4593,#4594);
#3862=AXIS2_PLACEMENT_3D('',#5811,#4595,#4596);
#3863=AXIS2_PLACEMENT_3D('',#5813,#4597,#4598);
#3864=AXIS2_PLACEMENT_3D('',#5815,#4600,#4601);
#3865=AXIS2_PLACEMENT_3D('',#5817,#4602,#4603);
#3866=AXIS2_PLACEMENT_3D('',#5818,#4604,#4605);
#3867=AXIS2_PLACEMENT_3D('',#5819,#4606,#4607);
#3868=AXIS2_PLACEMENT_3D('',#5821,#4608,#4609);
#3869=AXIS2_PLACEMENT_3D('',#5822,#4610,#4611);
#3870=AXIS2_PLACEMENT_3D('',#5823,#4612,#4613);
#3871=AXIS2_PLACEMENT_3D('',#5825,#4614,#4615);
#3872=AXIS2_PLACEMENT_3D('',#5826,#4616,#4617);
#3873=AXIS2_PLACEMENT_3D('',#5827,#4618,#4619);
#3874=AXIS2_PLACEMENT_3D('',#5829,#4620,#4621);
#3875=AXIS2_PLACEMENT_3D('',#5831,#4623,#4624);
#3876=AXIS2_PLACEMENT_3D('',#5833,#4625,#4626);
#3877=AXIS2_PLACEMENT_3D('',#5834,#4627,#4628);
#3878=AXIS2_PLACEMENT_3D('',#5835,#4629,#4630);
#3879=AXIS2_PLACEMENT_3D('',#5837,#4631,#4632);
#3880=AXIS2_PLACEMENT_3D('',#5838,#4633,#4634);
#3881=AXIS2_PLACEMENT_3D('',#5839,#4635,#4636);
#3882=AXIS2_PLACEMENT_3D('',#5840,#4637,#4638);
#3883=AXIS2_PLACEMENT_3D('',#5841,#4639,#4640);
#3884=AXIS2_PLACEMENT_3D('',#5843,#4641,#4642);
#3885=AXIS2_PLACEMENT_3D('',#5845,#4644,#4645);
#3886=AXIS2_PLACEMENT_3D('',#5847,#4646,#4647);
#3887=AXIS2_PLACEMENT_3D('',#5848,#4648,#4649);
#3888=AXIS2_PLACEMENT_3D('',#5849,#4650,#4651);
#3889=AXIS2_PLACEMENT_3D('',#5851,#4652,#4653);
#3890=AXIS2_PLACEMENT_3D('',#5852,#4654,#4655);
#3891=AXIS2_PLACEMENT_3D('',#5853,#4656,#4657);
#3892=AXIS2_PLACEMENT_3D('',#5855,#4658,#4659);
#3893=AXIS2_PLACEMENT_3D('',#5856,#4660,#4661);
#3894=AXIS2_PLACEMENT_3D('',#5857,#4662,#4663);
#3895=AXIS2_PLACEMENT_3D('',#5859,#4664,#4665);
#3896=AXIS2_PLACEMENT_3D('',#5861,#4667,#4668);
#3897=AXIS2_PLACEMENT_3D('',#5863,#4669,#4670);
#3898=AXIS2_PLACEMENT_3D('',#5864,#4671,#4672);
#3899=AXIS2_PLACEMENT_3D('',#5865,#4673,#4674);
#3900=AXIS2_PLACEMENT_3D('',#5867,#4675,#4676);
#3901=AXIS2_PLACEMENT_3D('',#5868,#4677,#4678);
#3902=AXIS2_PLACEMENT_3D('',#5869,#4679,#4680);
#3903=AXIS2_PLACEMENT_3D('',#5871,#4681,#4682);
#3904=AXIS2_PLACEMENT_3D('',#5872,#4683,#4684);
#3905=AXIS2_PLACEMENT_3D('',#5873,#4685,#4686);
#3906=AXIS2_PLACEMENT_3D('',#5875,#4687,#4688);
#3907=AXIS2_PLACEMENT_3D('',#5877,#4690,#4691);
#3908=AXIS2_PLACEMENT_3D('',#5879,#4692,#4693);
#3909=AXIS2_PLACEMENT_3D('',#5880,#4694,#4695);
#3910=AXIS2_PLACEMENT_3D('',#5881,#4696,#4697);
#3911=AXIS2_PLACEMENT_3D('',#5883,#4698,#4699);
#3912=AXIS2_PLACEMENT_3D('',#5884,#4700,#4701);
#3913=AXIS2_PLACEMENT_3D('',#5885,#4702,#4703);
#3914=AXIS2_PLACEMENT_3D('',#5887,#4704,#4705);
#3915=AXIS2_PLACEMENT_3D('',#5888,#4706,#4707);
#3916=AXIS2_PLACEMENT_3D('',#5889,#4708,#4709);
#3917=AXIS2_PLACEMENT_3D('',#5891,#4710,#4711);
#3918=AXIS2_PLACEMENT_3D('',#5893,#4713,#4714);
#3919=AXIS2_PLACEMENT_3D('',#5895,#4715,#4716);
#3920=AXIS2_PLACEMENT_3D('',#5896,#4717,#4718);
#3921=AXIS2_PLACEMENT_3D('',#5897,#4719,#4720);
#3922=AXIS2_PLACEMENT_3D('',#5899,#4721,#4722);
#3923=AXIS2_PLACEMENT_3D('',#5900,#4723,#4724);
#3924=AXIS2_PLACEMENT_3D('',#5901,#4725,#4726);
#3925=AXIS2_PLACEMENT_3D('',#5903,#4727,#4728);
#3926=AXIS2_PLACEMENT_3D('',#5904,#4729,#4730);
#3927=AXIS2_PLACEMENT_3D('',#5905,#4731,#4732);
#3928=AXIS2_PLACEMENT_3D('',#5907,#4734,#4735);
#3929=AXIS2_PLACEMENT_3D('',#5911,#4738,#4739);
#3930=AXIS2_PLACEMENT_3D('',#5914,#4741,#4742);
#3931=AXIS2_PLACEMENT_3D('',#5915,#4743,#4744);
#3932=AXIS2_PLACEMENT_3D('',#5918,#4746,#4747);
#3933=AXIS2_PLACEMENT_3D('',#5919,#4748,#4749);
#3934=AXIS2_PLACEMENT_3D('',#5922,#4751,#4752);
#3935=AXIS2_PLACEMENT_3D('',#5923,#4753,#4754);
#3936=AXIS2_PLACEMENT_3D('',#5927,#4757,#4758);
#3937=AXIS2_PLACEMENT_3D('',#5930,#4760,#4761);
#3938=AXIS2_PLACEMENT_3D('',#5931,#4762,#4763);
#3939=AXIS2_PLACEMENT_3D('',#5934,#4765,#4766);
#3940=AXIS2_PLACEMENT_3D('',#5935,#4767,#4768);
#3941=AXIS2_PLACEMENT_3D('',#5938,#4770,#4771);
#3942=AXIS2_PLACEMENT_3D('',#5939,#4772,#4773);
#3943=AXIS2_PLACEMENT_3D('',#5943,#4776,#4777);
#3944=AXIS2_PLACEMENT_3D('',#5946,#4779,#4780);
#3945=AXIS2_PLACEMENT_3D('',#5947,#4781,#4782);
#3946=AXIS2_PLACEMENT_3D('',#5950,#4784,#4785);
#3947=AXIS2_PLACEMENT_3D('',#5951,#4786,#4787);
#3948=AXIS2_PLACEMENT_3D('',#5954,#4789,#4790);
#3949=AXIS2_PLACEMENT_3D('',#5955,#4791,#4792);
#3950=AXIS2_PLACEMENT_3D('',#5959,#4795,#4796);
#3951=AXIS2_PLACEMENT_3D('',#5962,#4798,#4799);
#3952=AXIS2_PLACEMENT_3D('',#5963,#4800,#4801);
#3953=AXIS2_PLACEMENT_3D('',#5966,#4803,#4804);
#3954=AXIS2_PLACEMENT_3D('',#5967,#4805,#4806);
#3955=AXIS2_PLACEMENT_3D('',#5970,#4808,#4809);
#3956=AXIS2_PLACEMENT_3D('',#5971,#4810,#4811);
#3957=AXIS2_PLACEMENT_3D('',#5975,#4814,#4815);
#3958=AXIS2_PLACEMENT_3D('',#5979,#4817,#4818);
#3959=AXIS2_PLACEMENT_3D('',#5980,#4819,#4820);
#3960=AXIS2_PLACEMENT_3D('',#5981,#4821,#4822);
#3961=AXIS2_PLACEMENT_3D('',#5984,#4823,#4824);
#3962=AXIS2_PLACEMENT_3D('',#5985,#4825,#4826);
#3963=AXIS2_PLACEMENT_3D('',#6012,#4828,#4829);
#3964=AXIS2_PLACEMENT_3D('',#6267,#4842,#4843);
#3965=AXIS2_PLACEMENT_3D('',#6366,#4852,#4853);
#3966=AXIS2_PLACEMENT_3D('',#6413,#4859,#4860);
#3967=AXIS2_PLACEMENT_3D('',#6417,#4863,#4864);
#3968=AXIS2_PLACEMENT_3D('',#6421,#4867,#4868);
#3969=AXIS2_PLACEMENT_3D('',#6425,#4871,#4872);
#3970=AXIS2_PLACEMENT_3D('',#6429,#4875,#4876);
#3971=AXIS2_PLACEMENT_3D('',#6433,#4879,#4880);
#3972=AXIS2_PLACEMENT_3D('',#6437,#4883,#4884);
#3973=AXIS2_PLACEMENT_3D('',#6441,#4887,#4888);
#3974=AXIS2_PLACEMENT_3D('',#6445,#4891,#4892);
#3975=AXIS2_PLACEMENT_3D('',#6449,#4895,#4896);
#3976=AXIS2_PLACEMENT_3D('',#6451,#4898,#4899);
#3977=AXIS2_PLACEMENT_3D('',#6452,#4900,#4901);
#3978=AXIS2_PLACEMENT_3D('',#6467,#4909,#4910);
#3979=AXIS2_PLACEMENT_3D('',#6470,#4913,#4914);
#3980=AXIS2_PLACEMENT_3D('',#6472,#4916,#4917);
#3981=AXIS2_PLACEMENT_3D('',#6474,#4919,#4920);
#3982=AXIS2_PLACEMENT_3D('',#6476,#4922,#4923);
#3983=AXIS2_PLACEMENT_3D('',#6478,#4925,#4926);
#3984=AXIS2_PLACEMENT_3D('',#6480,#4928,#4929);
#3985=AXIS2_PLACEMENT_3D('',#6481,#4930,#4931);
#3986=AXIS2_PLACEMENT_3D('',#6487,#4935,#4936);
#3987=AXIS2_PLACEMENT_3D('',#6491,#4939,#4940);
#3988=AXIS2_PLACEMENT_3D('',#6495,#4943,#4944);
#3989=AXIS2_PLACEMENT_3D('',#6499,#4947,#4948);
#3990=AXIS2_PLACEMENT_3D('',#6550,#4954,#4955);
#3991=AXIS2_PLACEMENT_3D('',#6556,#4959,#4960);
#3992=AXIS2_PLACEMENT_3D('',#6560,#4963,#4964);
#3993=AXIS2_PLACEMENT_3D('',#6564,#4967,#4968);
#3994=AXIS2_PLACEMENT_3D('',#6661,#4975,#4976);
#3995=AXIS2_PLACEMENT_3D('',#6667,#4980,#4981);
#3996=AXIS2_PLACEMENT_3D('',#6670,#4984,#4985);
#3997=AXIS2_PLACEMENT_3D('',#6671,#4986,#4987);
#3998=AXIS2_PLACEMENT_3D('',#6672,#4988,#4989);
#3999=AXIS2_PLACEMENT_3D('',#6673,#4990,#4991);
#4000=AXIS2_PLACEMENT_3D('',#6675,#4992,#4993);
#4001=AXIS2_PLACEMENT_3D('',#6677,#4995,#4996);
#4002=AXIS2_PLACEMENT_3D('',#6679,#4997,#4998);
#4003=AXIS2_PLACEMENT_3D('',#6681,#5000,#5001);
#4004=AXIS2_PLACEMENT_3D('',#6683,#5002,#5003);
#4005=AXIS2_PLACEMENT_3D('',#6685,#5005,#5006);
#4006=AXIS2_PLACEMENT_3D('',#6689,#5009,#5010);
#4007=AXIS2_PLACEMENT_3D('',#6691,#5011,#5012);
#4008=AXIS2_PLACEMENT_3D('',#6693,#5014,#5015);
#4009=AXIS2_PLACEMENT_3D('',#6695,#5016,#5017);
#4010=AXIS2_PLACEMENT_3D('',#6697,#5019,#5020);
#4011=AXIS2_PLACEMENT_3D('',#6699,#5021,#5022);
#4012=AXIS2_PLACEMENT_3D('',#6701,#5024,#5025);
#4013=AXIS2_PLACEMENT_3D('',#6705,#5028,#5029);
#4014=AXIS2_PLACEMENT_3D('',#6707,#5030,#5031);
#4015=AXIS2_PLACEMENT_3D('',#6709,#5033,#5034);
#4016=AXIS2_PLACEMENT_3D('',#6711,#5035,#5036);
#4017=AXIS2_PLACEMENT_3D('',#6713,#5038,#5039);
#4018=AXIS2_PLACEMENT_3D('',#6715,#5040,#5041);
#4019=AXIS2_PLACEMENT_3D('',#6717,#5043,#5044);
#4020=AXIS2_PLACEMENT_3D('',#6721,#5047,#5048);
#4021=AXIS2_PLACEMENT_3D('',#6723,#5049,#5050);
#4022=AXIS2_PLACEMENT_3D('',#6725,#5052,#5053);
#4023=AXIS2_PLACEMENT_3D('',#6731,#5056,#5057);
#4024=AXIS2_PLACEMENT_3D('',#6732,#5058,#5059);
#4025=AXIS2_PLACEMENT_3D('',#6733,#5060,#5061);
#4026=AXIS2_PLACEMENT_3D('',#6736,#5064,#5065);
#4027=AXIS2_PLACEMENT_3D('',#6738,#5067,#5068);
#4028=AXIS2_PLACEMENT_3D('',#6740,#5070,#5071);
#4029=AXIS2_PLACEMENT_3D('',#6743,#5072,#5073);
#4030=AXIS2_PLACEMENT_3D('',#6744,#5074,#5075);
#4031=AXIS2_PLACEMENT_3D('',#6745,#5076,#5077);
#4032=AXIS2_PLACEMENT_3D('',#6747,#5079,#5080);
#4033=AXIS2_PLACEMENT_3D('',#6748,#5081,#5082);
#4034=AXIS2_PLACEMENT_3D('',#6749,#5083,#5084);
#4035=AXIS2_PLACEMENT_3D('',#6750,#5085,#5086);
#4036=AXIS2_PLACEMENT_3D('',#6751,#5087,#5088);
#4037=DIRECTION('axis',(0.,0.,1.));
#4038=DIRECTION('refdir',(1.,0.,0.));
#4039=DIRECTION('center_axis',(-1.,0.,0.));
#4040=DIRECTION('ref_axis',(0.,0.,-1.));
#4041=DIRECTION('center_axis',(-9.42972911518629E-16,1.,0.));
#4042=DIRECTION('ref_axis',(1.,9.42972911518629E-16,-5.97919135712068E-17));
#4043=DIRECTION('center_axis',(2.85293942742169E-16,0.,-1.));
#4044=DIRECTION('ref_axis',(0.,-1.,0.));
#4045=DIRECTION('center_axis',(-0.517970855119112,-0.85539826586636,0.));
#4046=DIRECTION('ref_axis',(0.85539826586636,-0.517970855119112,-1.76110132804054E-16));
#4047=DIRECTION('center_axis',(0.,0.,-1.));
#4048=DIRECTION('ref_axis',(-0.4226182617407,-0.90630778703665,0.));
#4049=DIRECTION('center_axis',(0.,0.,-1.));
#4050=DIRECTION('ref_axis',(0.,-1.,0.));
#4051=DIRECTION('',(0.,0.,1.));
#4052=DIRECTION('',(0.,0.,-1.));
#4053=DIRECTION('center_axis',(-1.,0.,0.));
#4054=DIRECTION('ref_axis',(0.,-1.,0.));
#4055=DIRECTION('center_axis',(-0.517970855119112,-0.85539826586636,0.));
#4056=DIRECTION('ref_axis',(0.85539826586636,-0.517970855119112,-3.52220265608108E-16));
#4057=DIRECTION('center_axis',(-9.42972911518629E-16,1.,0.));
#4058=DIRECTION('ref_axis',(1.,9.42972911518629E-16,-4.18543394998447E-16));
#4059=DIRECTION('center_axis',(-1.,-9.42972911518629E-16,-1.73796474085299E-31));
#4060=DIRECTION('ref_axis',(0.,-0.707106781186547,0.707106781186548));
#4061=DIRECTION('center_axis',(-1.,-1.74838271594513E-15,0.));
#4062=DIRECTION('ref_axis',(1.74838271594513E-15,-1.,0.));
#4063=DIRECTION('',(1.,9.42972911518629E-16,1.73796474085299E-31));
#4064=DIRECTION('',(-1.,-9.42972911518629E-16,-1.73796474085299E-31));
#4065=DIRECTION('center_axis',(0.,1.84306963606627E-16,-1.));
#4066=DIRECTION('ref_axis',(-1.,0.,0.));
#4067=DIRECTION('center_axis',(0.,-1.,0.));
#4068=DIRECTION('ref_axis',(1.,0.,0.));
#4069=DIRECTION('center_axis',(0.,1.84306963606627E-16,-1.));
#4070=DIRECTION('ref_axis',(-0.707106781186548,0.707106781186547,1.30324703786148E-16));
#4071=DIRECTION('center_axis',(0.,-1.84306963606627E-16,1.));
#4072=DIRECTION('ref_axis',(-0.707106781186548,0.707106781186547,0.));
#4073=DIRECTION('center_axis',(-3.36227445374064E-16,-1.,-1.84306963606627E-16));
#4074=DIRECTION('ref_axis',(0.707106781186547,-3.86341648298173E-16,0.707106781186548));
#4075=DIRECTION('center_axis',(-4.37095678986282E-16,-1.,-4.37095678986282E-16));
#4076=DIRECTION('ref_axis',(1.,-4.37095678986282E-16,0.));
#4077=DIRECTION('',(3.36227445374064E-16,1.,1.84306963606627E-16));
#4078=DIRECTION('',(-3.36227445374064E-16,-1.,-1.84306963606627E-16));
#4079=DIRECTION('center_axis',(-1.,3.36227445374064E-16,0.));
#4080=DIRECTION('ref_axis',(0.,0.,1.));
#4081=DIRECTION('center_axis',(1.91052632588479E-31,2.18547839493141E-16,
1.));
#4082=DIRECTION('ref_axis',(1.,-8.74191357972566E-16,0.));
#4083=DIRECTION('center_axis',(1.,-3.36227445374064E-16,0.));
#4084=DIRECTION('ref_axis',(0.,-0.707106781186547,-0.707106781186548));
#4085=DIRECTION('center_axis',(-1.,3.36227445374064E-16,0.));
#4086=DIRECTION('ref_axis',(-2.3774870664503E-16,-0.707106781186547,-0.707106781186549));
#4087=DIRECTION('center_axis',(-2.83234619312354E-32,-8.42389945286133E-17,
1.));
#4088=DIRECTION('ref_axis',(0.707106781186547,0.707106781186548,0.));
#4089=DIRECTION('center_axis',(0.,0.,1.));
#4090=DIRECTION('ref_axis',(1.,0.,0.));
#4091=DIRECTION('',(2.83234619312354E-32,8.42389945286133E-17,-1.));
#4092=DIRECTION('',(-2.83234619312354E-32,-8.42389945286133E-17,1.));
#4093=DIRECTION('center_axis',(-1.,3.36227445374064E-16,0.));
#4094=DIRECTION('ref_axis',(0.,0.,1.));
#4095=DIRECTION('center_axis',(4.37095678986283E-16,1.,0.));
#4096=DIRECTION('ref_axis',(1.,-4.37095678986283E-16,0.));
#4097=DIRECTION('center_axis',(1.,-3.36227445374064E-16,0.));
#4098=DIRECTION('ref_axis',(0.,-0.707106781186547,0.707106781186548));
#4099=DIRECTION('center_axis',(-1.,3.36227445374064E-16,0.));
#4100=DIRECTION('ref_axis',(-2.3774870664503E-16,-0.707106781186547,0.707106781186548));
#4101=DIRECTION('center_axis',(3.36227445374064E-16,1.,6.14356545355422E-17));
#4102=DIRECTION('ref_axis',(0.707106781186548,0.,-0.707106781186547));
#4103=DIRECTION('center_axis',(4.37095678986282E-16,1.,0.));
#4104=DIRECTION('ref_axis',(1.,-4.37095678986282E-16,0.));
#4105=DIRECTION('',(-3.36227445374064E-16,-1.,-6.14356545355422E-17));
#4106=DIRECTION('',(3.36227445374064E-16,1.,6.14356545355422E-17));
#4107=DIRECTION('center_axis',(0.,-6.14356545355422E-17,1.));
#4108=DIRECTION('ref_axis',(1.,0.,0.));
#4109=DIRECTION('center_axis',(1.,0.,0.));
#4110=DIRECTION('ref_axis',(0.,-1.,0.));
#4111=DIRECTION('center_axis',(0.,-6.14356545355422E-17,1.));
#4112=DIRECTION('ref_axis',(-0.707106781186549,0.707106781186546,4.34415679287159E-17));
#4113=DIRECTION('center_axis',(0.,6.14356545355422E-17,-1.));
#4114=DIRECTION('ref_axis',(-0.707106781186549,0.707106781186546,0.));
#4115=DIRECTION('center_axis',(1.,9.42972911518629E-16,5.79321580284329E-32));
#4116=DIRECTION('ref_axis',(0.,-0.707106781186547,-0.707106781186547));
#4117=DIRECTION('',(-1.,-9.42972911518629E-16,-5.79321580284329E-32));
#4118=DIRECTION('',(1.,9.42972911518629E-16,5.79321580284329E-32));
#4119=DIRECTION('center_axis',(0.,-1.,-8.42389945286133E-17));
#4120=DIRECTION('ref_axis',(0.,8.42389945286133E-17,-1.));
#4121=DIRECTION('',(1.,0.,0.));
#4122=DIRECTION('center_axis',(0.,-1.,-8.42389945286133E-17));
#4123=DIRECTION('ref_axis',(-0.121158635982399,8.36184191048274E-17,-0.992633157277594));
#4124=DIRECTION('center_axis',(0.,1.,8.42389945286133E-17));
#4125=DIRECTION('ref_axis',(0.,-8.42389945286133E-17,1.));
#4126=DIRECTION('center_axis',(0.,-1.,-8.42389945286133E-17));
#4127=DIRECTION('ref_axis',(0.121158635982399,8.36184191048274E-17,-0.992633157277594));
#4128=DIRECTION('',(1.,0.,0.));
#4129=DIRECTION('center_axis',(0.,-1.,-8.42389945286133E-17));
#4130=DIRECTION('ref_axis',(-0.121158635982399,8.36184191048274E-17,-0.992633157277594));
#4131=DIRECTION('center_axis',(0.,1.,8.42389945286133E-17));
#4132=DIRECTION('ref_axis',(0.,-8.42389945286133E-17,1.));
#4133=DIRECTION('center_axis',(0.,-1.,-8.42389945286133E-17));
#4134=DIRECTION('ref_axis',(0.121158635982399,8.36184191048274E-17,-0.992633157277594));
#4135=DIRECTION('',(1.,0.,0.));
#4136=DIRECTION('center_axis',(0.,-1.,-8.42389945286133E-17));
#4137=DIRECTION('ref_axis',(-0.121158635982399,8.36184191048274E-17,-0.992633157277594));
#4138=DIRECTION('center_axis',(0.,1.,8.42389945286133E-17));
#4139=DIRECTION('ref_axis',(0.,-8.42389945286133E-17,1.));
#4140=DIRECTION('center_axis',(0.,-1.,-8.42389945286133E-17));
#4141=DIRECTION('ref_axis',(0.121158635982399,8.36184191048274E-17,-0.992633157277594));
#4142=DIRECTION('',(1.,0.,0.));
#4143=DIRECTION('center_axis',(0.,-1.,-8.42389945286133E-17));
#4144=DIRECTION('ref_axis',(-0.121158635982399,8.36184191048274E-17,-0.992633157277594));
#4145=DIRECTION('center_axis',(0.,1.,8.42389945286133E-17));
#4146=DIRECTION('ref_axis',(0.,-8.42389945286133E-17,1.));
#4147=DIRECTION('center_axis',(0.,-1.,-8.42389945286133E-17));
#4148=DIRECTION('ref_axis',(0.121158635982401,8.36184191048273E-17,-0.992633157277594));
#4149=DIRECTION('',(1.,0.,0.));
#4150=DIRECTION('',(0.,8.42389945286133E-17,-1.));
#4151=DIRECTION('',(1.,0.,0.));
#4152=DIRECTION('',(0.,-8.42389945286133E-17,1.));
#4153=DIRECTION('',(-1.,0.,0.));
#4154=DIRECTION('',(0.,8.42389945286133E-17,-1.));
#4155=DIRECTION('',(-1.,0.,0.));
#4156=DIRECTION('center_axis',(0.,-1.,-8.42389945286133E-17));
#4157=DIRECTION('ref_axis',(0.121158635982401,-8.36184191048273E-17,0.992633157277594));
#4158=DIRECTION('center_axis',(0.,1.,8.42389945286133E-17));
#4159=DIRECTION('ref_axis',(0.,8.42389945286133E-17,-1.));
#4160=DIRECTION('center_axis',(0.,-1.,-8.42389945286133E-17));
#4161=DIRECTION('ref_axis',(-0.121158635982399,-8.36184191048274E-17,0.992633157277594));
#4162=DIRECTION('',(-1.,0.,0.));
#4163=DIRECTION('center_axis',(0.,-1.,-8.42389945286133E-17));
#4164=DIRECTION('ref_axis',(0.121158635982399,-8.36184191048274E-17,0.992633157277594));
#4165=DIRECTION('center_axis',(0.,1.,8.42389945286133E-17));
#4166=DIRECTION('ref_axis',(0.,8.42389945286133E-17,-1.));
#4167=DIRECTION('center_axis',(0.,-1.,-8.42389945286133E-17));
#4168=DIRECTION('ref_axis',(-0.121158635982399,-8.36184191048274E-17,0.992633157277594));
#4169=DIRECTION('',(-1.,0.,0.));
#4170=DIRECTION('center_axis',(0.,-1.,-8.42389945286133E-17));
#4171=DIRECTION('ref_axis',(0.121158635982399,-8.36184191048274E-17,0.992633157277594));
#4172=DIRECTION('center_axis',(0.,1.,8.42389945286133E-17));
#4173=DIRECTION('ref_axis',(0.,8.42389945286133E-17,-1.));
#4174=DIRECTION('center_axis',(0.,-1.,-8.42389945286133E-17));
#4175=DIRECTION('ref_axis',(-0.121158635982399,-8.36184191048274E-17,0.992633157277594));
#4176=DIRECTION('',(-1.,0.,0.));
#4177=DIRECTION('center_axis',(0.,-1.,-8.42389945286133E-17));
#4178=DIRECTION('ref_axis',(0.121158635982399,-8.36184191048274E-17,0.992633157277594));
#4179=DIRECTION('center_axis',(0.,1.,8.42389945286133E-17));
#4180=DIRECTION('ref_axis',(0.,8.42389945286133E-17,-1.));
#4181=DIRECTION('center_axis',(0.,-1.,-8.42389945286133E-17));
#4182=DIRECTION('ref_axis',(-0.121158635982399,-8.36184191048274E-17,0.992633157277594));
#4183=DIRECTION('',(-1.,0.,0.));
#4184=DIRECTION('center_axis',(1.,0.,0.));
#4185=DIRECTION('ref_axis',(0.,-0.707106781186548,0.707106781186548));
#4186=DIRECTION('',(-1.,0.,0.));
#4187=DIRECTION('center_axis',(-1.,0.,0.));
#4188=DIRECTION('ref_axis',(0.,-1.,0.));
#4189=DIRECTION('center_axis',(0.,-6.14356545355422E-17,1.));
#4190=DIRECTION('ref_axis',(0.,-1.,-6.14356545355422E-17));
#4191=DIRECTION('',(0.64278760968654,-0.766044443118977,-4.70624417663293E-17));
#4192=DIRECTION('',(1.,0.,0.));
#4193=DIRECTION('',(0.,1.,6.14356545355423E-17));
#4194=DIRECTION('center_axis',(0.64278760968654,-0.766044443118977,-4.70624417663293E-17));
#4195=DIRECTION('ref_axis',(0.541675220419699,0.454519477672046,0.707106781186548));
#4196=DIRECTION('',(-0.64278760968654,0.766044443118977,4.70624417663293E-17));
#4197=DIRECTION('center_axis',(0.,1.,0.));
#4198=DIRECTION('ref_axis',(1.,0.,1.04635848749612E-16));
#4199=DIRECTION('center_axis',(0.,0.,1.));
#4200=DIRECTION('ref_axis',(-0.707106781186549,0.707106781186546,0.));
#4201=DIRECTION('',(0.,0.,-1.));
#4202=DIRECTION('center_axis',(0.,0.,-1.));
#4203=DIRECTION('ref_axis',(0.,1.,0.));
#4204=DIRECTION('',(0.,0.,1.));
#4205=DIRECTION('center_axis',(-9.42972911518629E-16,1.,0.));
#4206=DIRECTION('ref_axis',(-1.,-9.42972911518629E-16,0.));
#4207=DIRECTION('',(0.,0.,-1.));
#4208=DIRECTION('',(-1.,-9.42972911518629E-16,0.));
#4209=DIRECTION('',(0.,0.,1.));
#4210=DIRECTION('',(1.,9.42972911518629E-16,0.));
#4211=DIRECTION('center_axis',(1.,0.,0.));
#4212=DIRECTION('ref_axis',(0.,0.332296036318198,0.943175139752536));
#4213=DIRECTION('center_axis',(-1.,0.,0.));
#4214=DIRECTION('ref_axis',(0.,-0.39520277390618,0.91859390782699));
#4215=DIRECTION('',(-1.,0.,0.));
#4216=DIRECTION('',(1.,0.,0.));
#4217=DIRECTION('center_axis',(-0.610487230048138,0.727550349642907,0.313010911443413));
#4218=DIRECTION('ref_axis',(8.74191357972564E-15,-0.395202773906179,0.91859390782699));
#4219=DIRECTION('center_axis',(0.610487230048219,-0.727550349642851,-0.313010911443384));
#4220=DIRECTION('ref_axis',(0.627160515851174,0.202697682516609,0.752052748721581));
#4221=DIRECTION('center_axis',(0.,1.,0.));
#4222=DIRECTION('ref_axis',(0.88985265307273,0.,-0.456248020071785));
#4223=DIRECTION('',(-0.610487230048219,0.727550349642851,0.313010911443384));
#4224=DIRECTION('',(0.610487230048219,-0.727550349642851,-0.313010911443384));
#4225=DIRECTION('center_axis',(0.,-0.39520277390618,0.91859390782699));
#4226=DIRECTION('ref_axis',(0.,-0.91859390782699,-0.39520277390618));
#4227=DIRECTION('',(0.,0.91859390782699,0.39520277390618));
#4228=DIRECTION('',(1.,0.,0.));
#4229=DIRECTION('center_axis',(-0.610487230048219,0.727550349642851,-0.313010911443384));
#4230=DIRECTION('ref_axis',(0.62716051585118,0.202697682516605,-0.752052748721577));
#4231=DIRECTION('center_axis',(0.,1.,0.));
#4232=DIRECTION('ref_axis',(0.88985265307273,0.,0.456248020071785));
#4233=DIRECTION('',(-0.610487230048219,0.727550349642851,-0.313010911443384));
#4234=DIRECTION('center_axis',(0.610487230048219,-0.727550349642852,0.313010911443383));
#4235=DIRECTION('ref_axis',(0.,-0.395202773906179,-0.91859390782699));
#4236=DIRECTION('',(0.610487230048219,-0.727550349642851,0.313010911443384));
#4237=DIRECTION('center_axis',(1.,-1.97593479124555E-15,5.60841048097948E-15));
#4238=DIRECTION('ref_axis',(4.37095678986282E-15,-0.39520277390618,-0.91859390782699));
#4239=DIRECTION('center_axis',(1.,0.,0.));
#4240=DIRECTION('ref_axis',(0.,0.332296036318198,-0.943175139752536));
#4241=DIRECTION('',(1.,0.,0.));
#4242=DIRECTION('',(-1.,0.,0.));
#4243=DIRECTION('center_axis',(0.,-0.39520277390618,-0.91859390782699));
#4244=DIRECTION('ref_axis',(0.,0.91859390782699,-0.39520277390618));
#4245=DIRECTION('',(1.,0.,0.));
#4246=DIRECTION('',(0.,-0.91859390782699,0.39520277390618));
#4247=DIRECTION('center_axis',(-0.64278760968654,0.766044443118977,1.41187325298988E-16));
#4248=DIRECTION('ref_axis',(0.541675220419707,0.454519477672044,-0.707106781186544));
#4249=DIRECTION('',(-0.64278760968654,0.766044443118977,1.41187325298988E-16));
#4250=DIRECTION('center_axis',(0.,1.,0.));
#4251=DIRECTION('ref_axis',(1.,0.,-4.18543394998447E-16));
#4252=DIRECTION('',(0.64278760968654,-0.766044443118977,-1.41187325298988E-16));
#4253=DIRECTION('center_axis',(0.766044443118977,0.64278760968654,0.));
#4254=DIRECTION('ref_axis',(0.,0.,-1.));
#4255=DIRECTION('',(0.,0.,-1.));
#4256=DIRECTION('center_axis',(-0.766044443118977,-0.64278760968654,0.));
#4257=DIRECTION('ref_axis',(-0.64278760968654,0.766044443118977,0.));
#4258=DIRECTION('',(0.,0.,-1.));
#4259=DIRECTION('center_axis',(1.,0.,0.));
#4260=DIRECTION('ref_axis',(0.,0.,-1.));
#4261=DIRECTION('center_axis',(0.,-0.904053480226287,-0.427419354838709));
#4262=DIRECTION('ref_axis',(0.,-0.427419354838709,0.904053480226287));
#4263=DIRECTION('center_axis',(1.,0.,0.));
#4264=DIRECTION('ref_axis',(0.,-0.8448133979876,0.535061045658012));
#4265=DIRECTION('center_axis',(0.,0.,1.));
#4266=DIRECTION('ref_axis',(-1.,0.,0.));
#4267=DIRECTION('center_axis',(-1.,0.,0.));
#4268=DIRECTION('ref_axis',(0.,-0.8448133979876,0.535061045658012));
#4269=DIRECTION('center_axis',(0.,8.42389945286133E-17,-1.));
#4270=DIRECTION('ref_axis',(-0.707106781186548,-0.707106781186547,0.));
#4271=DIRECTION('center_axis',(0.,2.18547839493141E-15,1.));
#4272=DIRECTION('ref_axis',(-1.,0.,0.));
#4273=DIRECTION('',(0.,8.42389945286133E-17,-1.));
#4274=DIRECTION('center_axis',(1.,0.,0.));
#4275=DIRECTION('ref_axis',(0.,0.,-1.));
#4276=DIRECTION('center_axis',(0.,-0.904053480226287,0.42741935483871));
#4277=DIRECTION('ref_axis',(-1.,0.,0.));
#4278=DIRECTION('center_axis',(-1.,0.,0.));
#4279=DIRECTION('ref_axis',(0.,-0.8448133979876,-0.535061045658012));
#4280=DIRECTION('center_axis',(1.,0.,0.));
#4281=DIRECTION('ref_axis',(0.,-0.8448133979876,-0.535061045658012));
#4282=DIRECTION('center_axis',(1.,0.,0.));
#4283=DIRECTION('ref_axis',(0.,1.,1.83697019872103E-16));
#4284=DIRECTION('center_axis',(-1.,0.,0.));
#4285=DIRECTION('ref_axis',(0.,1.,2.22044604925031E-16));
#4286=DIRECTION('center_axis',(1.,0.,0.));
#4287=DIRECTION('ref_axis',(0.,1.,2.22044604925031E-16));
#4288=DIRECTION('center_axis',(1.,0.,0.));
#4289=DIRECTION('ref_axis',(0.,1.,0.));
#4290=DIRECTION('center_axis',(0.890049657586018,0.455863583795649,0.));
#4291=DIRECTION('ref_axis',(-0.455863583795649,0.890049657586018,0.));
#4292=DIRECTION('center_axis',(1.,0.,0.));
#4293=DIRECTION('ref_axis',(0.,0.286934884769598,-0.95795008841915));
#4294=DIRECTION('',(1.,0.,0.));
#4295=DIRECTION('',(-1.,0.,0.));
#4296=DIRECTION('center_axis',(1.,0.,0.));
#4297=DIRECTION('ref_axis',(0.,0.286934884769598,0.95795008841915));
#4298=DIRECTION('center_axis',(1.,0.,0.));
#4299=DIRECTION('ref_axis',(0.,-0.8448133979876,0.535061045658012));
#4300=DIRECTION('center_axis',(1.,0.,0.));
#4301=DIRECTION('ref_axis',(0.,-0.8448133979876,0.535061045658012));
#4302=DIRECTION('center_axis',(1.,0.,0.));
#4303=DIRECTION('ref_axis',(0.,0.,-1.));
#4304=DIRECTION('center_axis',(-1.,0.,0.));
#4305=DIRECTION('ref_axis',(0.,-1.,0.));
#4306=DIRECTION('center_axis',(1.,0.,0.));
#4307=DIRECTION('ref_axis',(0.,0.31557545516785,0.948900485875945));
#4308=DIRECTION('center_axis',(0.,0.904053480226285,0.427419354838714));
#4309=DIRECTION('ref_axis',(0.,-0.427419354838714,0.904053480226285));
#4310=DIRECTION('center_axis',(-1.,0.,0.));
#4311=DIRECTION('ref_axis',(0.,0.286934884769598,0.95795008841915));
#4312=DIRECTION('center_axis',(-1.,0.,0.));
#4313=DIRECTION('ref_axis',(0.,0.,1.));
#4314=DIRECTION('center_axis',(0.,0.,1.));
#4315=DIRECTION('ref_axis',(0.,-1.,0.));
#4316=DIRECTION('center_axis',(-1.,0.,0.));
#4317=DIRECTION('ref_axis',(0.,-0.8448133979876,0.535061045658012));
#4318=DIRECTION('center_axis',(0.,8.42389945286133E-17,-1.));
#4319=DIRECTION('ref_axis',(0.707106781186548,-0.707106781186548,0.));
#4320=DIRECTION('center_axis',(0.707106781186548,0.,-0.707106781186547));
#4321=DIRECTION('ref_axis',(0.707106781186547,0.,0.707106781186548));
#4322=DIRECTION('',(0.,-8.42389945286133E-17,1.));
#4323=DIRECTION('center_axis',(0.,8.42389945286133E-17,-1.));
#4324=DIRECTION('ref_axis',(0.707106781186548,-0.707106781186548,0.));
#4325=DIRECTION('center_axis',(0.,2.18547839493141E-15,1.));
#4326=DIRECTION('ref_axis',(0.,-1.,2.18547839493141E-15));
#4327=DIRECTION('',(0.,-8.42389945286133E-17,1.));
#4328=DIRECTION('center_axis',(0.707106781186548,0.,0.707106781186547));
#4329=DIRECTION('ref_axis',(0.707106781186547,0.,-0.707106781186548));
#4330=DIRECTION('center_axis',(-1.,0.,0.));
#4331=DIRECTION('ref_axis',(0.,0.,1.));
#4332=DIRECTION('center_axis',(0.,-0.904053480226287,0.42741935483871));
#4333=DIRECTION('ref_axis',(0.,-0.42741935483871,-0.904053480226287));
#4334=DIRECTION('center_axis',(-1.,0.,0.));
#4335=DIRECTION('ref_axis',(0.,-0.8448133979876,-0.535061045658012));
#4336=DIRECTION('center_axis',(1.,0.,0.));
#4337=DIRECTION('ref_axis',(0.,-0.8448133979876,-0.535061045658012));
#4338=DIRECTION('center_axis',(1.,0.,0.));
#4339=DIRECTION('ref_axis',(0.,0.,-1.));
#4340=DIRECTION('center_axis',(-1.,0.,0.));
#4341=DIRECTION('ref_axis',(0.,0.286934884769598,-0.95795008841915));
#4342=DIRECTION('center_axis',(1.,0.,0.));
#4343=DIRECTION('ref_axis',(0.,-0.8448133979876,-0.535061045658011));
#4344=DIRECTION('center_axis',(-0.408248290463864,0.408248290463859,-0.816496580927727));
#4345=DIRECTION('ref_axis',(0.577350269189635,-0.577350269189621,-0.577350269189621));
#4346=DIRECTION('center_axis',(0.,-1.,0.));
#4347=DIRECTION('ref_axis',(1.,0.,0.));
#4348=DIRECTION('center_axis',(0.,0.,-1.));
#4349=DIRECTION('ref_axis',(0.,-1.,0.));
#4350=DIRECTION('center_axis',(1.,0.,0.));
#4351=DIRECTION('ref_axis',(0.,0.,-1.));
#4352=DIRECTION('center_axis',(0.408248290463864,-0.408248290463862,-0.816496580927726));
#4353=DIRECTION('ref_axis',(-0.577350269189625,0.577350269189627,-0.577350269189625));
#4354=DIRECTION('center_axis',(0.,1.,1.09273919746571E-15));
#4355=DIRECTION('ref_axis',(-1.,0.,0.));
#4356=DIRECTION('center_axis',(-1.,0.,0.));
#4357=DIRECTION('ref_axis',(0.,0.,-1.));
#4358=DIRECTION('center_axis',(-0.408248290463868,-0.408248290463834,-0.816496580927738));
#4359=DIRECTION('ref_axis',(0.577350269189655,0.577350269189611,-0.577350269189612));
#4360=DIRECTION('center_axis',(1.,0.,3.49676543189026E-14));
#4361=DIRECTION('ref_axis',(0.,1.,0.));
#4362=DIRECTION('center_axis',(0.,0.,-1.));
#4363=DIRECTION('ref_axis',(1.,0.,0.));
#4364=DIRECTION('center_axis',(-2.18547839493138E-15,1.,0.));
#4365=DIRECTION('ref_axis',(0.,0.,-1.));
#4366=DIRECTION('center_axis',(0.408248290463863,-0.816496580927726,0.408248290463863));
#4367=DIRECTION('ref_axis',(-0.577350269189628,-0.577350269189625,-0.577350269189625));
#4368=DIRECTION('center_axis',(-1.,0.,0.));
#4369=DIRECTION('ref_axis',(0.,-1.,0.));
#4370=DIRECTION('center_axis',(0.,0.,-1.));
#4371=DIRECTION('ref_axis',(-1.,0.,0.));
#4372=DIRECTION('center_axis',(0.,-1.,0.));
#4373=DIRECTION('ref_axis',(0.,0.,-1.));
#4374=DIRECTION('center_axis',(0.40824829046386,-0.40824829046386,-0.816496580927729));
#4375=DIRECTION('ref_axis',(0.57735026918963,-0.577350269189624,0.577350269189624));
#4376=DIRECTION('center_axis',(1.,0.,0.));
#4377=DIRECTION('ref_axis',(0.,-1.,0.));
#4378=DIRECTION('center_axis',(0.,0.,1.));
#4379=DIRECTION('ref_axis',(1.,0.,0.));
#4380=DIRECTION('center_axis',(0.,-1.,0.));
#4381=DIRECTION('ref_axis',(0.,0.,1.));
#4382=DIRECTION('center_axis',(0.,0.,1.));
#4383=DIRECTION('ref_axis',(0.70710678118654,-0.707106781186555,0.));
#4384=DIRECTION('',(0.,0.,-1.));
#4385=DIRECTION('',(0.,0.,1.));
#4386=DIRECTION('center_axis',(0.408248290463865,0.408248290463835,-0.816496580927739));
#4387=DIRECTION('ref_axis',(0.577350269189659,0.577350269189609,0.57735026918961));
#4388=DIRECTION('center_axis',(0.,1.,2.18547839493141E-15));
#4389=DIRECTION('ref_axis',(1.,0.,0.));
#4390=DIRECTION('center_axis',(0.,0.,1.));
#4391=DIRECTION('ref_axis',(0.,1.,0.));
#4392=DIRECTION('center_axis',(1.,3.49676543189026E-14,0.));
#4393=DIRECTION('ref_axis',(0.,0.,1.));
#4394=DIRECTION('center_axis',(0.,0.,1.));
#4395=DIRECTION('ref_axis',(0.707106781186565,0.70710678118653,0.));
#4396=DIRECTION('',(0.,0.,-1.));
#4397=DIRECTION('',(0.,0.,1.));
#4398=DIRECTION('center_axis',(-0.816496580927727,0.408248290463863,-0.408248290463862));
#4399=DIRECTION('ref_axis',(0.577350269189623,0.577350269189628,-0.577350269189626));
#4400=DIRECTION('center_axis',(1.,0.,-8.74191357972565E-15));
#4401=DIRECTION('ref_axis',(0.,1.,0.));
#4402=DIRECTION('center_axis',(0.,0.,-1.));
#4403=DIRECTION('ref_axis',(1.,1.0927391974657E-15,0.));
#4404=DIRECTION('center_axis',(-2.18547839493138E-15,1.,0.));
#4405=DIRECTION('ref_axis',(0.,0.,-1.));
#4406=DIRECTION('center_axis',(-0.408248290463864,-0.408248290463862,-0.816496580927726));
#4407=DIRECTION('ref_axis',(-0.577350269189626,-0.577350269189626,0.577350269189626));
#4408=DIRECTION('center_axis',(0.,-1.,0.));
#4409=DIRECTION('ref_axis',(-1.,0.,0.));
#4410=DIRECTION('center_axis',(0.,0.,1.));
#4411=DIRECTION('ref_axis',(0.,-1.,0.));
#4412=DIRECTION('center_axis',(-1.,0.,0.));
#4413=DIRECTION('ref_axis',(0.,0.,1.));
#4414=DIRECTION('center_axis',(0.,0.,1.));
#4415=DIRECTION('ref_axis',(-0.707106781186549,-0.707106781186546,0.));
#4416=DIRECTION('',(0.,0.,-1.));
#4417=DIRECTION('',(0.,0.,1.));
#4418=DIRECTION('center_axis',(1.,3.31397362359911E-16,0.));
#4419=DIRECTION('ref_axis',(0.,-0.707106781186548,0.707106781186548));
#4420=DIRECTION('',(-1.,-3.31397362359911E-16,0.));
#4421=DIRECTION('',(1.,3.31397362359911E-16,0.));
#4422=DIRECTION('center_axis',(-0.816496580927728,0.408248290463862,0.40824829046386));
#4423=DIRECTION('ref_axis',(0.577350269189625,0.577350269189628,0.577350269189625));
#4424=DIRECTION('center_axis',(0.,1.,0.));
#4425=DIRECTION('ref_axis',(1.,0.,0.));
#4426=DIRECTION('center_axis',(0.,0.,1.));
#4427=DIRECTION('ref_axis',(0.,1.,0.));
#4428=DIRECTION('center_axis',(1.,-8.74191357972565E-15,0.));
#4429=DIRECTION('ref_axis',(0.,0.,1.));
#4430=DIRECTION('center_axis',(0.,0.,-1.));
#4431=DIRECTION('ref_axis',(0.707106781186546,0.707106781186549,0.));
#4432=DIRECTION('',(0.,0.,-1.));
#4433=DIRECTION('center_axis',(-0.408248290463864,0.408248290463861,-0.816496580927726));
#4434=DIRECTION('ref_axis',(-0.577350269189626,0.577350269189626,0.577350269189625));
#4435=DIRECTION('center_axis',(-1.,0.,0.));
#4436=DIRECTION('ref_axis',(0.,1.,0.));
#4437=DIRECTION('center_axis',(0.,0.,1.));
#4438=DIRECTION('ref_axis',(-1.,0.,0.));
#4439=DIRECTION('center_axis',(-1.09273919746571E-15,1.,0.));
#4440=DIRECTION('ref_axis',(0.,0.,1.));
#4441=DIRECTION('center_axis',(0.,0.,1.));
#4442=DIRECTION('ref_axis',(-0.707106781186549,0.707106781186546,0.));
#4443=DIRECTION('',(0.,0.,1.));
#4444=DIRECTION('center_axis',(-3.36227445374064E-16,-1.,0.));
#4445=DIRECTION('ref_axis',(-0.707106781186549,2.41463530186358E-16,0.707106781186546));
#4446=DIRECTION('',(3.36227445374064E-16,1.,0.));
#4447=DIRECTION('',(-3.36227445374064E-16,-1.,0.));
#4448=DIRECTION('center_axis',(-1.,-9.42972911518629E-16,0.));
#4449=DIRECTION('ref_axis',(0.,0.707106781186548,0.707106781186548));
#4450=DIRECTION('',(1.,9.42972911518629E-16,0.));
#4451=DIRECTION('center_axis',(-1.,-6.82961998416066E-16,0.));
#4452=DIRECTION('ref_axis',(0.,0.707106781186548,0.707106781186548));
#4453=DIRECTION('center_axis',(1.,0.,0.));
#4454=DIRECTION('ref_axis',(0.,1.,0.));
#4455=DIRECTION('',(1.,6.82961998416066E-16,0.));
#4456=DIRECTION('',(-1.,-6.82961998416066E-16,0.));
#4457=DIRECTION('center_axis',(0.,0.,1.));
#4458=DIRECTION('ref_axis',(1.,0.,0.));
#4459=DIRECTION('center_axis',(2.1854783949314E-15,-1.,0.));
#4460=DIRECTION('ref_axis',(1.,2.1854783949314E-15,0.));
#4461=DIRECTION('center_axis',(0.,0.,1.));
#4462=DIRECTION('ref_axis',(-0.707106781186547,-0.707106781186548,0.));
#4463=DIRECTION('center_axis',(0.,0.,-1.));
#4464=DIRECTION('ref_axis',(-0.707106781186547,-0.707106781186548,0.));
#4465=DIRECTION('center_axis',(-8.5286961753421E-16,1.,0.));
#4466=DIRECTION('ref_axis',(0.707106781186552,0.,0.707106781186543));
#4467=DIRECTION('',(8.5286961753421E-16,-1.,0.));
#4468=DIRECTION('',(-8.5286961753421E-16,1.,0.));
#4469=DIRECTION('center_axis',(8.5286961753421E-16,-1.,0.));
#4470=DIRECTION('ref_axis',(0.707106781186552,0.,-0.707106781186543));
#4471=DIRECTION('center_axis',(0.,1.,0.));
#4472=DIRECTION('ref_axis',(1.,0.,0.));
#4473=DIRECTION('',(-8.5286961753421E-16,1.,0.));
#4474=DIRECTION('',(8.5286961753421E-16,-1.,0.));
#4475=DIRECTION('center_axis',(0.,0.,-1.));
#4476=DIRECTION('ref_axis',(-1.,0.,0.));
#4477=DIRECTION('center_axis',(-1.,0.,0.));
#4478=DIRECTION('ref_axis',(0.,1.,0.));
#4479=DIRECTION('center_axis',(0.,0.,-1.));
#4480=DIRECTION('ref_axis',(-0.707106781186547,-0.707106781186548,0.));
#4481=DIRECTION('center_axis',(0.,0.,1.));
#4482=DIRECTION('ref_axis',(-0.707106781186547,-0.707106781186548,0.));
#4483=DIRECTION('center_axis',(1.,6.82961998416066E-16,0.));
#4484=DIRECTION('ref_axis',(0.,0.707106781186548,-0.707106781186548));
#4485=DIRECTION('',(-1.,-6.82961998416066E-16,0.));
#4486=DIRECTION('',(1.,6.82961998416066E-16,0.));
#4487=DIRECTION('center_axis',(1.,9.42972911518629E-16,0.));
#4488=DIRECTION('ref_axis',(0.,0.707106781186548,-0.707106781186548));
#4489=DIRECTION('',(-1.,-9.42972911518629E-16,0.));
#4490=DIRECTION('center_axis',(0.,1.,0.));
#4491=DIRECTION('ref_axis',(0.70710678118654,0.,0.707106781186555));
#4492=DIRECTION('',(0.,-1.,0.));
#4493=DIRECTION('',(0.,1.,0.));
#4494=DIRECTION('center_axis',(3.36227445374064E-16,1.,0.));
#4495=DIRECTION('ref_axis',(-0.707106781186549,2.41463530186358E-16,-0.707106781186546));
#4496=DIRECTION('',(-3.36227445374064E-16,-1.,0.));
#4497=DIRECTION('',(3.36227445374064E-16,1.,0.));
#4498=DIRECTION('center_axis',(-1.,-3.31397362359911E-16,0.));
#4499=DIRECTION('ref_axis',(0.,-0.707106781186548,-0.707106781186548));
#4500=DIRECTION('',(1.,3.31397362359911E-16,0.));
#4501=DIRECTION('',(-1.,-3.31397362359911E-16,0.));
#4502=DIRECTION('center_axis',(0.,-1.,0.));
#4503=DIRECTION('ref_axis',(0.70710678118654,0.,-0.707106781186555));
#4504=DIRECTION('',(0.,1.,0.));
#4505=DIRECTION('',(0.,-1.,0.));
#4506=DIRECTION('center_axis',(0.,0.,1.));
#4507=DIRECTION('ref_axis',(-0.707106781186547,-0.707106781186548,0.));
#4508=DIRECTION('',(0.,0.,1.));
#4509=DIRECTION('',(0.,0.,-1.));
#4510=DIRECTION('center_axis',(1.,8.5286961753421E-16,0.));
#4511=DIRECTION('ref_axis',(-8.5286961753421E-16,1.,0.));
#4512=DIRECTION('center_axis',(-1.,3.36227445374064E-16,0.));
#4513=DIRECTION('ref_axis',(-3.36227445374064E-16,-1.,0.));
#4514=DIRECTION('center_axis',(1.,0.,0.));
#4515=DIRECTION('ref_axis',(0.,1.,0.));
#4516=DIRECTION('center_axis',(3.31397362359911E-16,-1.,0.));
#4517=DIRECTION('ref_axis',(1.,3.31397362359911E-16,0.));
#4518=DIRECTION('center_axis',(0.,0.,1.));
#4519=DIRECTION('ref_axis',(1.,0.,0.));
#4520=DIRECTION('center_axis',(0.,0.,-1.));
#4521=DIRECTION('ref_axis',(-1.,0.,0.));
#4522=DIRECTION('',(0.,1.,0.));
#4523=DIRECTION('',(-0.774214179185867,0.632923695833514,0.));
#4524=DIRECTION('',(0.,-1.,0.));
#4525=DIRECTION('',(0.783042313268788,-0.621968436201279,0.));
#4526=DIRECTION('',(0.,-1.,0.));
#4527=DIRECTION('',(-1.,1.69003944728351E-15,0.));
#4528=DIRECTION('',(0.,-1.,0.));
#4529=DIRECTION('',(1.,-6.72454917841332E-16,0.));
#4530=DIRECTION('',(0.948590711989459,0.316505388780872,0.));
#4531=DIRECTION('',(0.,1.,0.));
#4532=DIRECTION('',(-0.945495051848977,-0.325636464372621,0.));
#4533=DIRECTION('',(0.,-1.,0.));
#4534=DIRECTION('',(0.945495051848976,-0.325636464372622,0.));
#4535=DIRECTION('',(0.,1.,0.));
#4536=DIRECTION('',(-0.948590711989459,0.316505388780874,0.));
#4537=DIRECTION('',(0.,1.,0.));
#4538=DIRECTION('',(-1.,7.46231446597306E-16,0.));
#4539=DIRECTION('',(0.,1.,0.));
#4540=DIRECTION('',(-1.,0.,0.));
#4541=DIRECTION('',(0.,-1.,0.));
#4542=DIRECTION('',(1.,0.,0.));
#4543=DIRECTION('',(0.,1.,0.));
#4544=DIRECTION('',(1.,-1.00339705999541E-15,0.));
#4545=DIRECTION('',(0.,-1.,0.));
#4546=DIRECTION('',(1.,0.,0.));
#4547=DIRECTION('',(-1.,0.,0.));
#4548=DIRECTION('',(1.,0.,0.));
#4549=DIRECTION('center_axis',(1.,0.,0.));
#4550=DIRECTION('ref_axis',(0.,-0.707106781186548,0.707106781186548));
#4551=DIRECTION('center_axis',(-1.,0.,0.));
#4552=DIRECTION('ref_axis',(0.,-1.,0.));
#4553=DIRECTION('',(-1.,0.,0.));
#4554=DIRECTION('center_axis',(0.,-1.,-8.42389945286133E-17));
#4555=DIRECTION('ref_axis',(0.,0.,-1.));
#4556=DIRECTION('center_axis',(-0.970641169853769,0.,-0.240532158733313));
#4557=DIRECTION('ref_axis',(0.,-1.,0.));
#4558=DIRECTION('center_axis',(0.,1.,8.42389945286133E-17));
#4559=DIRECTION('ref_axis',(0.121158635982401,9.10615997888087E-17,-0.992633157277594));
#4560=DIRECTION('center_axis',(0.,1.,8.42389945286133E-17));
#4561=DIRECTION('ref_axis',(0.,0.,1.));
#4562=DIRECTION('center_axis',(-0.970641169853768,0.,0.240532158733315));
#4563=DIRECTION('ref_axis',(0.,-1.,0.));
#4564=DIRECTION('center_axis',(0.,-1.,-8.42389945286133E-17));
#4565=DIRECTION('ref_axis',(0.,-6.82961998416066E-17,1.));
#4566=DIRECTION('center_axis',(0.,-1.,-8.42389945286133E-17));
#4567=DIRECTION('ref_axis',(0.,0.,-1.));
#4568=DIRECTION('center_axis',(-1.,0.,0.));
#4569=DIRECTION('ref_axis',(0.,-1.,0.));
#4570=DIRECTION('center_axis',(0.,1.,8.42389945286133E-17));
#4571=DIRECTION('ref_axis',(-0.121158635982399,9.10615997888087E-17,-0.992633157277594));
#4572=DIRECTION('center_axis',(1.,0.,0.));
#4573=DIRECTION('ref_axis',(0.,-0.707106781186548,0.707106781186548));
#4574=DIRECTION('center_axis',(-1.,0.,0.));
#4575=DIRECTION('ref_axis',(0.,-1.,0.));
#4576=DIRECTION('',(-1.,0.,0.));
#4577=DIRECTION('center_axis',(0.,-1.,-8.42389945286133E-17));
#4578=DIRECTION('ref_axis',(0.,0.,-1.));
#4579=DIRECTION('center_axis',(-0.970641169853769,0.,-0.240532158733313));
#4580=DIRECTION('ref_axis',(0.,-1.,0.));
#4581=DIRECTION('center_axis',(0.,1.,8.42389945286133E-17));
#4582=DIRECTION('ref_axis',(0.121158635982399,9.10615997888088E-17,-0.992633157277594));
#4583=DIRECTION('center_axis',(0.,1.,8.42389945286133E-17));
#4584=DIRECTION('ref_axis',(0.,0.,1.));
#4585=DIRECTION('center_axis',(-0.970641169853769,0.,0.240532158733313));
#4586=DIRECTION('ref_axis',(0.,-1.,0.));
#4587=DIRECTION('center_axis',(0.,-1.,-8.42389945286133E-17));
#4588=DIRECTION('ref_axis',(0.,-6.82961998416066E-17,1.));
#4589=DIRECTION('center_axis',(0.,-1.,-8.42389945286133E-17));
#4590=DIRECTION('ref_axis',(0.,0.,-1.));
#4591=DIRECTION('center_axis',(-1.,0.,0.));
#4592=DIRECTION('ref_axis',(0.,-1.,0.));
#4593=DIRECTION('center_axis',(0.,1.,8.42389945286133E-17));
#4594=DIRECTION('ref_axis',(-0.121158635982399,9.10615997888088E-17,-0.992633157277594));
#4595=DIRECTION('center_axis',(1.,0.,0.));
#4596=DIRECTION('ref_axis',(0.,-0.707106781186548,0.707106781186548));
#4597=DIRECTION('center_axis',(-1.,0.,0.));
#4598=DIRECTION('ref_axis',(0.,-1.,0.));
#4599=DIRECTION('',(-1.,0.,0.));
#4600=DIRECTION('center_axis',(0.,-1.,-8.42389945286133E-17));
#4601=DIRECTION('ref_axis',(0.,0.,-1.));
#4602=DIRECTION('center_axis',(-0.970641169853769,0.,-0.240532158733313));
#4603=DIRECTION('ref_axis',(0.,-1.,0.));
#4604=DIRECTION('center_axis',(0.,1.,8.42389945286133E-17));
#4605=DIRECTION('ref_axis',(0.121158635982399,9.10615997888087E-17,-0.992633157277594));
#4606=DIRECTION('center_axis',(0.,1.,8.42389945286133E-17));
#4607=DIRECTION('ref_axis',(0.,0.,1.));
#4608=DIRECTION('center_axis',(-0.970641169853769,0.,0.240532158733313));
#4609=DIRECTION('ref_axis',(0.,-1.,0.));
#4610=DIRECTION('center_axis',(0.,-1.,-8.42389945286133E-17));
#4611=DIRECTION('ref_axis',(0.,-6.82961998416066E-17,1.));
#4612=DIRECTION('center_axis',(0.,-1.,-8.42389945286133E-17));
#4613=DIRECTION('ref_axis',(0.,0.,-1.));
#4614=DIRECTION('center_axis',(-1.,0.,0.));
#4615=DIRECTION('ref_axis',(0.,-1.,0.));
#4616=DIRECTION('center_axis',(0.,1.,8.42389945286133E-17));
#4617=DIRECTION('ref_axis',(-0.121158635982399,9.10615997888087E-17,-0.992633157277594));
#4618=DIRECTION('center_axis',(1.,0.,0.));
#4619=DIRECTION('ref_axis',(0.,-0.707106781186548,0.707106781186548));
#4620=DIRECTION('center_axis',(-1.,0.,0.));
#4621=DIRECTION('ref_axis',(0.,-1.,0.));
#4622=DIRECTION('',(-1.,0.,0.));
#4623=DIRECTION('center_axis',(0.,-1.,-8.42389945286133E-17));
#4624=DIRECTION('ref_axis',(0.,0.,-1.));
#4625=DIRECTION('center_axis',(-0.970641169853769,0.,-0.240532158733313));
#4626=DIRECTION('ref_axis',(0.,-1.,0.));
#4627=DIRECTION('center_axis',(0.,1.,8.42389945286133E-17));
#4628=DIRECTION('ref_axis',(0.121158635982399,9.10615997888088E-17,-0.992633157277594));
#4629=DIRECTION('center_axis',(0.,1.,8.42389945286133E-17));
#4630=DIRECTION('ref_axis',(0.,0.,1.));
#4631=DIRECTION('center_axis',(-0.970641169853769,0.,0.240532158733313));
#4632=DIRECTION('ref_axis',(0.,-1.,0.));
#4633=DIRECTION('center_axis',(0.,-1.,-8.42389945286133E-17));
#4634=DIRECTION('ref_axis',(0.,-6.82961998416066E-17,1.));
#4635=DIRECTION('center_axis',(0.,-1.,-8.42389945286133E-17));
#4636=DIRECTION('ref_axis',(0.,0.,-1.));
#4637=DIRECTION('center_axis',(0.,1.,8.42389945286133E-17));
#4638=DIRECTION('ref_axis',(-0.121158635982399,9.10615997888088E-17,-0.992633157277594));
#4639=DIRECTION('center_axis',(1.,0.,0.));
#4640=DIRECTION('ref_axis',(0.,-0.707106781186548,-0.707106781186547));
#4641=DIRECTION('center_axis',(-1.,0.,0.));
#4642=DIRECTION('ref_axis',(0.,0.,-1.));
#4643=DIRECTION('',(1.,0.,0.));
#4644=DIRECTION('center_axis',(0.,-1.,-8.42389945286133E-17));
#4645=DIRECTION('ref_axis',(0.,0.,-1.));
#4646=DIRECTION('center_axis',(-0.970641169853769,0.,0.240532158733313));
#4647=DIRECTION('ref_axis',(-0.240532158733313,0.,-0.970641169853769));
#4648=DIRECTION('center_axis',(0.,1.,8.42389945286133E-17));
#4649=DIRECTION('ref_axis',(0.121158635982401,-9.10615997888087E-17,0.992633157277594));
#4650=DIRECTION('center_axis',(0.,-1.,-8.42389945286133E-17));
#4651=DIRECTION('ref_axis',(0.,0.,-1.));
#4652=DIRECTION('center_axis',(-0.970641169853768,0.,-0.240532158733315));
#4653=DIRECTION('ref_axis',(0.240532158733315,0.,-0.970641169853768));
#4654=DIRECTION('center_axis',(0.,-1.,-8.42389945286133E-17));
#4655=DIRECTION('ref_axis',(0.,6.82961998416066E-17,-1.));
#4656=DIRECTION('center_axis',(0.,-1.,-8.42389945286133E-17));
#4657=DIRECTION('ref_axis',(0.,0.,-1.));
#4658=DIRECTION('center_axis',(-1.,0.,0.));
#4659=DIRECTION('ref_axis',(0.,0.,-1.));
#4660=DIRECTION('center_axis',(0.,1.,8.42389945286133E-17));
#4661=DIRECTION('ref_axis',(-0.121158635982399,-9.10615997888087E-17,0.992633157277594));
#4662=DIRECTION('center_axis',(1.,0.,0.));
#4663=DIRECTION('ref_axis',(0.,-0.707106781186548,-0.707106781186547));
#4664=DIRECTION('center_axis',(-1.,0.,0.));
#4665=DIRECTION('ref_axis',(0.,0.,-1.));
#4666=DIRECTION('',(1.,0.,0.));
#4667=DIRECTION('center_axis',(0.,-1.,-8.42389945286133E-17));
#4668=DIRECTION('ref_axis',(0.,0.,-1.));
#4669=DIRECTION('center_axis',(-0.970641169853769,0.,0.240532158733313));
#4670=DIRECTION('ref_axis',(-0.240532158733313,0.,-0.970641169853769));
#4671=DIRECTION('center_axis',(0.,1.,8.42389945286133E-17));
#4672=DIRECTION('ref_axis',(0.121158635982399,-9.10615997888088E-17,0.992633157277594));
#4673=DIRECTION('center_axis',(0.,-1.,-8.42389945286133E-17));
#4674=DIRECTION('ref_axis',(0.,0.,-1.));
#4675=DIRECTION('center_axis',(-0.970641169853769,0.,-0.240532158733313));
#4676=DIRECTION('ref_axis',(0.240532158733313,0.,-0.970641169853769));
#4677=DIRECTION('center_axis',(0.,-1.,-8.42389945286133E-17));
#4678=DIRECTION('ref_axis',(0.,6.82961998416066E-17,-1.));
#4679=DIRECTION('center_axis',(0.,-1.,-8.42389945286133E-17));
#4680=DIRECTION('ref_axis',(0.,0.,-1.));
#4681=DIRECTION('center_axis',(-1.,0.,0.));
#4682=DIRECTION('ref_axis',(0.,0.,-1.));
#4683=DIRECTION('center_axis',(0.,1.,8.42389945286133E-17));
#4684=DIRECTION('ref_axis',(-0.121158635982399,-9.10615997888088E-17,0.992633157277594));
#4685=DIRECTION('center_axis',(1.,0.,0.));
#4686=DIRECTION('ref_axis',(0.,-0.707106781186548,-0.707106781186547));
#4687=DIRECTION('center_axis',(-1.,0.,0.));
#4688=DIRECTION('ref_axis',(0.,0.,-1.));
#4689=DIRECTION('',(1.,0.,0.));
#4690=DIRECTION('center_axis',(0.,-1.,-8.42389945286133E-17));
#4691=DIRECTION('ref_axis',(0.,0.,-1.));
#4692=DIRECTION('center_axis',(-0.970641169853769,0.,0.240532158733313));
#4693=DIRECTION('ref_axis',(-0.240532158733313,0.,-0.970641169853769));
#4694=DIRECTION('center_axis',(0.,1.,8.42389945286133E-17));
#4695=DIRECTION('ref_axis',(0.121158635982399,-9.10615997888087E-17,0.992633157277594));
#4696=DIRECTION('center_axis',(0.,-1.,-8.42389945286133E-17));
#4697=DIRECTION('ref_axis',(0.,0.,-1.));
#4698=DIRECTION('center_axis',(-0.970641169853769,0.,-0.240532158733313));
#4699=DIRECTION('ref_axis',(0.240532158733313,0.,-0.970641169853769));
#4700=DIRECTION('center_axis',(0.,-1.,-8.42389945286133E-17));
#4701=DIRECTION('ref_axis',(0.,6.82961998416066E-17,-1.));
#4702=DIRECTION('center_axis',(0.,-1.,-8.42389945286133E-17));
#4703=DIRECTION('ref_axis',(0.,0.,-1.));
#4704=DIRECTION('center_axis',(-1.,0.,0.));
#4705=DIRECTION('ref_axis',(0.,0.,-1.));
#4706=DIRECTION('center_axis',(0.,1.,8.42389945286133E-17));
#4707=DIRECTION('ref_axis',(-0.121158635982399,-9.10615997888087E-17,0.992633157277594));
#4708=DIRECTION('center_axis',(1.,0.,0.));
#4709=DIRECTION('ref_axis',(0.,-0.707106781186548,-0.707106781186547));
#4710=DIRECTION('center_axis',(-1.,0.,0.));
#4711=DIRECTION('ref_axis',(0.,0.,-1.));
#4712=DIRECTION('',(1.,0.,0.));
#4713=DIRECTION('center_axis',(0.,-1.,-8.42389945286133E-17));
#4714=DIRECTION('ref_axis',(0.,0.,-1.));
#4715=DIRECTION('center_axis',(-0.970641169853769,0.,0.240532158733313));
#4716=DIRECTION('ref_axis',(-0.240532158733313,0.,-0.970641169853769));
#4717=DIRECTION('center_axis',(0.,1.,8.42389945286133E-17));
#4718=DIRECTION('ref_axis',(0.121158635982399,-9.10615997888088E-17,0.992633157277594));
#4719=DIRECTION('center_axis',(0.,-1.,-8.42389945286133E-17));
#4720=DIRECTION('ref_axis',(0.,0.,-1.));
#4721=DIRECTION('center_axis',(-0.970641169853769,0.,-0.240532158733313));
#4722=DIRECTION('ref_axis',(0.240532158733313,0.,-0.970641169853769));
#4723=DIRECTION('center_axis',(0.,-1.,-8.42389945286133E-17));
#4724=DIRECTION('ref_axis',(0.,6.82961998416066E-17,-1.));
#4725=DIRECTION('center_axis',(0.,-1.,-8.42389945286133E-17));
#4726=DIRECTION('ref_axis',(0.,0.,-1.));
#4727=DIRECTION('center_axis',(-1.,0.,0.));
#4728=DIRECTION('ref_axis',(0.,0.,-1.));
#4729=DIRECTION('center_axis',(0.,1.,8.42389945286133E-17));
#4730=DIRECTION('ref_axis',(-0.121158635982399,-9.10615997888088E-17,0.992633157277594));
#4731=DIRECTION('center_axis',(1.,0.,0.));
#4732=DIRECTION('ref_axis',(0.,-0.707106781186548,-0.707106781186547));
#4733=DIRECTION('',(1.,0.,0.));
#4734=DIRECTION('center_axis',(0.,1.84306963606627E-16,-1.));
#4735=DIRECTION('ref_axis',(0.,1.,1.84306963606627E-16));
#4736=DIRECTION('',(0.,-1.,-1.84306963606627E-16));
#4737=DIRECTION('',(1.,0.,0.));
#4738=DIRECTION('center_axis',(0.,1.,8.19142060473896E-17));
#4739=DIRECTION('ref_axis',(-0.121158635982401,0.,0.992633157277594));
#4740=DIRECTION('',(0.,1.,8.19142060473896E-17));
#4741=DIRECTION('center_axis',(0.,-1.,0.));
#4742=DIRECTION('ref_axis',(-0.121158635982401,0.,0.992633157277594));
#4743=DIRECTION('center_axis',(0.,1.,8.19142060473896E-17));
#4744=DIRECTION('ref_axis',(1.,0.,0.));
#4745=DIRECTION('',(0.,-1.,-8.19142060473896E-17));
#4746=DIRECTION('center_axis',(0.,1.,0.));
#4747=DIRECTION('ref_axis',(1.,0.,0.));
#4748=DIRECTION('center_axis',(0.,-1.,-8.19142060473896E-17));
#4749=DIRECTION('ref_axis',(0.121158635982401,0.,0.992633157277594));
#4750=DIRECTION('',(0.,1.,1.84306963606627E-16));
#4751=DIRECTION('center_axis',(0.,-1.,0.));
#4752=DIRECTION('ref_axis',(0.121158635982401,0.,0.992633157277594));
#4753=DIRECTION('center_axis',(0.,1.84306963606627E-16,-1.));
#4754=DIRECTION('ref_axis',(0.,1.,1.84306963606627E-16));
#4755=DIRECTION('',(0.,-1.,-1.84306963606627E-16));
#4756=DIRECTION('',(1.,0.,0.));
#4757=DIRECTION('center_axis',(0.,1.,8.19142060473896E-17));
#4758=DIRECTION('ref_axis',(-0.1211586359824,0.,0.992633157277594));
#4759=DIRECTION('',(0.,1.,8.19142060473896E-17));
#4760=DIRECTION('center_axis',(0.,-1.,0.));
#4761=DIRECTION('ref_axis',(-0.1211586359824,0.,0.992633157277594));
#4762=DIRECTION('center_axis',(0.,1.,8.19142060473896E-17));
#4763=DIRECTION('ref_axis',(1.,0.,0.));
#4764=DIRECTION('',(0.,-1.,-8.19142060473896E-17));
#4765=DIRECTION('center_axis',(0.,1.,0.));
#4766=DIRECTION('ref_axis',(1.,0.,0.));
#4767=DIRECTION('center_axis',(0.,-1.,-8.19142060473896E-17));
#4768=DIRECTION('ref_axis',(0.1211586359824,0.,0.992633157277594));
#4769=DIRECTION('',(0.,1.,1.84306963606627E-16));
#4770=DIRECTION('center_axis',(0.,-1.,0.));
#4771=DIRECTION('ref_axis',(0.1211586359824,0.,0.992633157277594));
#4772=DIRECTION('center_axis',(0.,1.84306963606627E-16,-1.));
#4773=DIRECTION('ref_axis',(0.,1.,1.84306963606627E-16));
#4774=DIRECTION('',(0.,-1.,-1.84306963606627E-16));
#4775=DIRECTION('',(1.,0.,0.));
#4776=DIRECTION('center_axis',(0.,1.,8.19142060473896E-17));
#4777=DIRECTION('ref_axis',(-0.121158635982401,0.,0.992633157277594));
#4778=DIRECTION('',(0.,1.,8.19142060473896E-17));
#4779=DIRECTION('center_axis',(0.,-1.,0.));
#4780=DIRECTION('ref_axis',(-0.121158635982401,0.,0.992633157277594));
#4781=DIRECTION('center_axis',(0.,1.,8.19142060473896E-17));
#4782=DIRECTION('ref_axis',(1.,0.,0.));
#4783=DIRECTION('',(0.,-1.,-8.19142060473896E-17));
#4784=DIRECTION('center_axis',(0.,1.,0.));
#4785=DIRECTION('ref_axis',(1.,0.,0.));
#4786=DIRECTION('center_axis',(0.,-1.,-8.19142060473896E-17));
#4787=DIRECTION('ref_axis',(0.121158635982401,0.,0.992633157277594));
#4788=DIRECTION('',(0.,1.,1.84306963606627E-16));
#4789=DIRECTION('center_axis',(0.,-1.,0.));
#4790=DIRECTION('ref_axis',(0.121158635982401,0.,0.992633157277594));
#4791=DIRECTION('center_axis',(0.,1.84306963606627E-16,-1.));
#4792=DIRECTION('ref_axis',(0.,1.,1.84306963606627E-16));
#4793=DIRECTION('',(0.,-1.,-1.84306963606627E-16));
#4794=DIRECTION('',(1.,0.,0.));
#4795=DIRECTION('center_axis',(0.,1.,8.19142060473896E-17));
#4796=DIRECTION('ref_axis',(-0.1211586359824,0.,0.992633157277594));
#4797=DIRECTION('',(0.,1.,8.19142060473896E-17));
#4798=DIRECTION('center_axis',(0.,-1.,0.));
#4799=DIRECTION('ref_axis',(-0.1211586359824,0.,0.992633157277594));
#4800=DIRECTION('center_axis',(0.,1.,8.19142060473896E-17));
#4801=DIRECTION('ref_axis',(1.,0.,0.));
#4802=DIRECTION('',(0.,-1.,-8.19142060473896E-17));
#4803=DIRECTION('center_axis',(0.,1.,0.));
#4804=DIRECTION('ref_axis',(1.,0.,0.));
#4805=DIRECTION('center_axis',(0.,-1.,-8.19142060473896E-17));
#4806=DIRECTION('ref_axis',(0.121158635982401,0.,0.992633157277594));
#4807=DIRECTION('',(0.,1.,1.84306963606627E-16));
#4808=DIRECTION('center_axis',(0.,-1.,0.));
#4809=DIRECTION('ref_axis',(0.121158635982401,0.,0.992633157277594));
#4810=DIRECTION('center_axis',(0.,1.84306963606627E-16,-1.));
#4811=DIRECTION('ref_axis',(0.,1.,1.84306963606627E-16));
#4812=DIRECTION('',(0.,-1.,-1.84306963606627E-16));
#4813=DIRECTION('',(1.,0.,0.));
#4814=DIRECTION('center_axis',(-1.,0.,0.));
#4815=DIRECTION('ref_axis',(2.20480003959564E-16,-1.,0.));
#4816=DIRECTION('',(0.70710678118655,-0.707106781186545,8.6595605623549E-17));
#4817=DIRECTION('center_axis',(1.,0.,0.));
#4818=DIRECTION('ref_axis',(4.78294621922947E-16,-1.,0.));
#4819=DIRECTION('center_axis',(1.,0.,0.));
#4820=DIRECTION('ref_axis',(4.78294621922947E-16,-1.,0.));
#4821=DIRECTION('center_axis',(-1.,-5.51091059616309E-16,0.));
#4822=DIRECTION('ref_axis',(-4.78294621922947E-16,1.,0.));
#4823=DIRECTION('center_axis',(-1.,-5.51091059616309E-16,0.));
#4824=DIRECTION('ref_axis',(0.,0.,1.));
#4825=DIRECTION('center_axis',(-1.,-5.51091059616309E-16,0.));
#4826=DIRECTION('ref_axis',(0.,0.,1.));
#4827=DIRECTION('',(-1.,-5.51091059616309E-16,0.));
#4828=DIRECTION('center_axis',(0.,0.,-1.));
#4829=DIRECTION('ref_axis',(-1.,0.,0.));
#4830=DIRECTION('',(-1.,0.,0.));
#4831=DIRECTION('',(1.,0.,0.));
#4832=DIRECTION('',(0.,0.,-1.));
#4833=DIRECTION('',(0.,0.,-1.));
#4834=DIRECTION('',(0.,0.,-1.));
#4835=DIRECTION('',(0.,0.,-1.));
#4836=DIRECTION('',(0.,0.,-1.));
#4837=DIRECTION('',(0.,0.,-1.));
#4838=DIRECTION('',(0.,0.,-1.));
#4839=DIRECTION('',(0.,0.,-1.));
#4840=DIRECTION('',(0.,0.,-1.));
#4841=DIRECTION('',(0.,0.,-1.));
#4842=DIRECTION('center_axis',(0.,1.,0.));
#4843=DIRECTION('ref_axis',(0.,0.,1.));
#4844=DIRECTION('',(0.,0.,-1.));
#4845=DIRECTION('',(0.,0.,-1.));
#4846=DIRECTION('',(0.,0.,-1.));
#4847=DIRECTION('',(0.,0.,-1.));
#4848=DIRECTION('',(0.,0.,-1.));
#4849=DIRECTION('',(0.,0.,-1.));
#4850=DIRECTION('',(0.,0.,-1.));
#4851=DIRECTION('',(0.,0.,-1.));
#4852=DIRECTION('center_axis',(0.,-1.,0.));
#4853=DIRECTION('ref_axis',(0.,0.,-1.));
#4854=DIRECTION('',(0.,0.,-1.));
#4855=DIRECTION('',(0.,0.,-1.));
#4856=DIRECTION('',(0.,0.,-1.));
#4857=DIRECTION('',(0.,0.,-1.));
#4858=DIRECTION('',(0.,0.,-1.));
#4859=DIRECTION('center_axis',(0.,-1.,0.));
#4860=DIRECTION('ref_axis',(0.,0.,-1.));
#4861=DIRECTION('',(0.,0.,-1.));
#4862=DIRECTION('',(1.,0.,0.));
#4863=DIRECTION('center_axis',(-1.,0.,0.));
#4864=DIRECTION('ref_axis',(0.,0.,1.));
#4865=DIRECTION('',(0.,0.,-1.));
#4866=DIRECTION('',(0.,-1.,0.));
#4867=DIRECTION('center_axis',(-1.00339705999541E-15,-1.,0.));
#4868=DIRECTION('ref_axis',(0.,0.,-1.));
#4869=DIRECTION('',(0.,0.,-1.));
#4870=DIRECTION('',(1.,-1.00339705999541E-15,0.));
#4871=DIRECTION('center_axis',(1.,0.,0.));
#4872=DIRECTION('ref_axis',(0.,0.,-1.));
#4873=DIRECTION('',(0.,0.,-1.));
#4874=DIRECTION('',(0.,1.,0.));
#4875=DIRECTION('center_axis',(0.,-1.,0.));
#4876=DIRECTION('ref_axis',(0.,0.,-1.));
#4877=DIRECTION('',(0.,0.,-1.));
#4878=DIRECTION('',(1.,0.,0.));
#4879=DIRECTION('center_axis',(-1.,0.,0.));
#4880=DIRECTION('ref_axis',(0.,0.,1.));
#4881=DIRECTION('',(0.,0.,-1.));
#4882=DIRECTION('',(0.,-1.,0.));
#4883=DIRECTION('center_axis',(0.,1.,0.));
#4884=DIRECTION('ref_axis',(0.,0.,1.));
#4885=DIRECTION('',(0.,0.,-1.));
#4886=DIRECTION('',(-1.,0.,0.));
#4887=DIRECTION('center_axis',(1.,0.,0.));
#4888=DIRECTION('ref_axis',(0.,0.,-1.));
#4889=DIRECTION('',(0.,0.,-1.));
#4890=DIRECTION('',(0.,1.,0.));
#4891=DIRECTION('center_axis',(7.46231446597306E-16,1.,0.));
#4892=DIRECTION('ref_axis',(0.,0.,1.));
#4893=DIRECTION('',(0.,0.,-1.));
#4894=DIRECTION('',(-1.,7.46231446597306E-16,0.));
#4895=DIRECTION('center_axis',(1.,0.,0.));
#4896=DIRECTION('ref_axis',(0.,0.,-1.));
#4897=DIRECTION('',(0.,1.,0.));
#4898=DIRECTION('center_axis',(0.,0.,-1.));
#4899=DIRECTION('ref_axis',(-1.,0.,0.));
#4900=DIRECTION('center_axis',(0.,0.,-1.));
#4901=DIRECTION('ref_axis',(-1.,0.,0.));
#4902=DIRECTION('',(0.,-1.,0.));
#4903=DIRECTION('',(-0.945495051848977,-0.325636464372621,0.));
#4904=DIRECTION('',(0.,1.,0.));
#4905=DIRECTION('',(0.948590711989459,0.316505388780872,0.));
#4906=DIRECTION('',(-0.948590711989459,0.316505388780874,0.));
#4907=DIRECTION('',(0.,1.,0.));
#4908=DIRECTION('',(0.945495051848976,-0.325636464372622,0.));
#4909=DIRECTION('center_axis',(0.316505388780872,-0.948590711989459,0.));
#4910=DIRECTION('ref_axis',(0.,0.,-1.));
#4911=DIRECTION('',(0.,0.,-1.));
#4912=DIRECTION('',(0.,0.,-1.));
#4913=DIRECTION('center_axis',(1.,0.,0.));
#4914=DIRECTION('ref_axis',(0.,0.,-1.));
#4915=DIRECTION('',(0.,0.,-1.));
#4916=DIRECTION('center_axis',(-0.325636464372621,0.945495051848977,0.));
#4917=DIRECTION('ref_axis',(0.,0.,1.));
#4918=DIRECTION('',(0.,0.,-1.));
#4919=DIRECTION('center_axis',(-1.,0.,0.));
#4920=DIRECTION('ref_axis',(0.,0.,1.));
#4921=DIRECTION('',(0.,0.,-1.));
#4922=DIRECTION('center_axis',(-0.325636464372622,-0.945495051848976,0.));
#4923=DIRECTION('ref_axis',(0.,0.,-1.));
#4924=DIRECTION('',(0.,0.,-1.));
#4925=DIRECTION('center_axis',(1.,0.,0.));
#4926=DIRECTION('ref_axis',(0.,0.,-1.));
#4927=DIRECTION('',(0.,0.,-1.));
#4928=DIRECTION('center_axis',(0.316505388780874,0.948590711989459,0.));
#4929=DIRECTION('ref_axis',(0.,0.,1.));
#4930=DIRECTION('center_axis',(1.,0.,0.));
#4931=DIRECTION('ref_axis',(0.,0.,-1.));
#4932=DIRECTION('',(0.,0.,-1.));
#4933=DIRECTION('',(0.,1.,0.));
#4934=DIRECTION('',(0.,0.,-1.));
#4935=DIRECTION('center_axis',(-6.72454917841332E-16,-1.,0.));
#4936=DIRECTION('ref_axis',(0.,0.,-1.));
#4937=DIRECTION('',(0.,0.,-1.));
#4938=DIRECTION('',(1.,-6.72454917841332E-16,0.));
#4939=DIRECTION('center_axis',(-1.,0.,0.));
#4940=DIRECTION('ref_axis',(0.,0.,1.));
#4941=DIRECTION('',(0.,0.,-1.));
#4942=DIRECTION('',(0.,-1.,0.));
#4943=DIRECTION('center_axis',(1.69003944728351E-15,1.,0.));
#4944=DIRECTION('ref_axis',(0.,0.,1.));
#4945=DIRECTION('',(0.,0.,-1.));
#4946=DIRECTION('',(-1.,1.69003944728351E-15,0.));
#4947=DIRECTION('center_axis',(-1.,0.,0.));
#4948=DIRECTION('ref_axis',(0.,0.,1.));
#4949=DIRECTION('',(0.,0.,-1.));
#4950=DIRECTION('',(0.,-1.,0.));
#4951=DIRECTION('',(0.,0.,-1.));
#4952=DIRECTION('',(0.,0.,-1.));
#4953=DIRECTION('',(0.,0.,-1.));
#4954=DIRECTION('center_axis',(1.,0.,0.));
#4955=DIRECTION('ref_axis',(0.,0.,-1.));
#4956=DIRECTION('',(0.,-1.,0.));
#4957=DIRECTION('',(0.,-1.,0.));
#4958=DIRECTION('',(0.,0.,-1.));
#4959=DIRECTION('center_axis',(-0.621968436201279,-0.783042313268788,0.));
#4960=DIRECTION('ref_axis',(0.,0.,1.));
#4961=DIRECTION('',(0.,0.,-1.));
#4962=DIRECTION('',(0.783042313268788,-0.621968436201279,0.));
#4963=DIRECTION('center_axis',(-1.,0.,0.));
#4964=DIRECTION('ref_axis',(0.,0.,1.));
#4965=DIRECTION('',(0.,0.,-1.));
#4966=DIRECTION('',(0.,-1.,0.));
#4967=DIRECTION('center_axis',(0.632923695833514,0.774214179185867,0.));
#4968=DIRECTION('ref_axis',(0.,0.,-1.));
#4969=DIRECTION('',(0.,0.,-1.));
#4970=DIRECTION('',(-0.774214179185867,0.632923695833514,0.));
#4971=DIRECTION('',(0.,0.,-1.));
#4972=DIRECTION('',(0.,0.,-1.));
#4973=DIRECTION('',(0.,0.,-1.));
#4974=DIRECTION('',(0.,0.,-1.));
#4975=DIRECTION('center_axis',(-1.,0.,0.));
#4976=DIRECTION('ref_axis',(0.,0.,1.));
#4977=DIRECTION('',(0.,1.,0.));
#4978=DIRECTION('',(0.,0.,-1.));
#4979=DIRECTION('',(0.,1.,0.));
#4980=DIRECTION('center_axis',(0.,-1.,0.));
#4981=DIRECTION('ref_axis',(0.,0.,-1.));
#4982=DIRECTION('',(-1.,0.,0.));
#4983=DIRECTION('',(-1.,0.,0.));
#4984=DIRECTION('center_axis',(0.,0.,-1.));
#4985=DIRECTION('ref_axis',(-1.,0.,0.));
#4986=DIRECTION('center_axis',(0.,0.,-1.));
#4987=DIRECTION('ref_axis',(-1.,0.,0.));
#4988=DIRECTION('center_axis',(0.,0.,-1.));
#4989=DIRECTION('ref_axis',(-1.,0.,0.));
#4990=DIRECTION('center_axis',(0.,-1.,8.19142060473896E-17));
#4991=DIRECTION('ref_axis',(-0.121158635982401,0.,-0.992633157277594));
#4992=DIRECTION('center_axis',(0.,-1.,0.));
#4993=DIRECTION('ref_axis',(-0.121158635982401,0.,-0.992633157277594));
#4994=DIRECTION('',(0.,-1.,8.19142060473896E-17));
#4995=DIRECTION('center_axis',(0.,-1.,8.19142060473896E-17));
#4996=DIRECTION('ref_axis',(1.,0.,0.));
#4997=DIRECTION('center_axis',(0.,1.,0.));
#4998=DIRECTION('ref_axis',(1.,0.,0.));
#4999=DIRECTION('',(0.,1.,-8.19142060473896E-17));
#5000=DIRECTION('center_axis',(0.,1.,-8.19142060473896E-17));
#5001=DIRECTION('ref_axis',(0.121158635982401,0.,-0.992633157277594));
#5002=DIRECTION('center_axis',(0.,-1.,0.));
#5003=DIRECTION('ref_axis',(0.121158635982401,0.,-0.992633157277594));
#5004=DIRECTION('',(0.,-1.,-6.14356545355423E-17));
#5005=DIRECTION('center_axis',(0.,-6.14356545355422E-17,1.));
#5006=DIRECTION('ref_axis',(0.,-1.,-6.14356545355422E-17));
#5007=DIRECTION('',(1.,0.,0.));
#5008=DIRECTION('',(0.,1.,6.14356545355423E-17));
#5009=DIRECTION('center_axis',(0.,-1.,8.19142060473896E-17));
#5010=DIRECTION('ref_axis',(-0.1211586359824,0.,-0.992633157277594));
#5011=DIRECTION('center_axis',(0.,-1.,0.));
#5012=DIRECTION('ref_axis',(-0.1211586359824,0.,-0.992633157277594));
#5013=DIRECTION('',(0.,-1.,8.19142060473896E-17));
#5014=DIRECTION('center_axis',(0.,-1.,8.19142060473896E-17));
#5015=DIRECTION('ref_axis',(1.,0.,0.));
#5016=DIRECTION('center_axis',(0.,1.,0.));
#5017=DIRECTION('ref_axis',(1.,0.,0.));
#5018=DIRECTION('',(0.,1.,-8.19142060473896E-17));
#5019=DIRECTION('center_axis',(0.,1.,-8.19142060473896E-17));
#5020=DIRECTION('ref_axis',(0.1211586359824,0.,-0.992633157277594));
#5021=DIRECTION('center_axis',(0.,-1.,0.));
#5022=DIRECTION('ref_axis',(0.1211586359824,0.,-0.992633157277594));
#5023=DIRECTION('',(0.,-1.,-6.14356545355423E-17));
#5024=DIRECTION('center_axis',(0.,-6.14356545355422E-17,1.));
#5025=DIRECTION('ref_axis',(0.,-1.,-6.14356545355422E-17));
#5026=DIRECTION('',(1.,0.,0.));
#5027=DIRECTION('',(0.,1.,6.14356545355423E-17));
#5028=DIRECTION('center_axis',(0.,-1.,8.19142060473896E-17));
#5029=DIRECTION('ref_axis',(-0.121158635982401,0.,-0.992633157277594));
#5030=DIRECTION('center_axis',(0.,-1.,0.));
#5031=DIRECTION('ref_axis',(-0.121158635982401,0.,-0.992633157277594));
#5032=DIRECTION('',(0.,-1.,8.19142060473896E-17));
#5033=DIRECTION('center_axis',(0.,-1.,8.19142060473896E-17));
#5034=DIRECTION('ref_axis',(1.,0.,0.));
#5035=DIRECTION('center_axis',(0.,1.,0.));
#5036=DIRECTION('ref_axis',(1.,0.,0.));
#5037=DIRECTION('',(0.,1.,-8.19142060473896E-17));
#5038=DIRECTION('center_axis',(0.,1.,-8.19142060473896E-17));
#5039=DIRECTION('ref_axis',(0.121158635982401,0.,-0.992633157277594));
#5040=DIRECTION('center_axis',(0.,-1.,0.));
#5041=DIRECTION('ref_axis',(0.121158635982401,0.,-0.992633157277594));
#5042=DIRECTION('',(0.,-1.,-6.14356545355423E-17));
#5043=DIRECTION('center_axis',(0.,-6.14356545355422E-17,1.));
#5044=DIRECTION('ref_axis',(0.,-1.,-6.14356545355422E-17));
#5045=DIRECTION('',(1.,0.,0.));
#5046=DIRECTION('',(0.,1.,6.14356545355423E-17));
#5047=DIRECTION('center_axis',(0.,-1.,8.19142060473896E-17));
#5048=DIRECTION('ref_axis',(-0.1211586359824,0.,-0.992633157277594));
#5049=DIRECTION('center_axis',(0.,-1.,0.));
#5050=DIRECTION('ref_axis',(-0.1211586359824,0.,-0.992633157277594));
#5051=DIRECTION('',(0.,-1.,8.19142060473896E-17));
#5052=DIRECTION('center_axis',(0.,-1.,0.));
#5053=DIRECTION('ref_axis',(0.,0.,-1.));
#5054=DIRECTION('',(0.,0.,1.));
#5055=DIRECTION('',(1.,0.,0.));
#5056=DIRECTION('center_axis',(0.,-1.,0.));
#5057=DIRECTION('ref_axis',(0.121158635982401,0.,-0.992633157277594));
#5058=DIRECTION('center_axis',(0.,1.,0.));
#5059=DIRECTION('ref_axis',(1.,0.,0.));
#5060=DIRECTION('center_axis',(0.,1.,-8.19142060473896E-17));
#5061=DIRECTION('ref_axis',(0.121158635982401,0.,-0.992633157277594));
#5062=DIRECTION('',(0.,1.,-8.19142060473896E-17));
#5063=DIRECTION('',(0.,-1.,-6.14356545355423E-17));
#5064=DIRECTION('center_axis',(0.,-6.14356545355422E-17,1.));
#5065=DIRECTION('ref_axis',(0.,-1.,-6.14356545355422E-17));
#5066=DIRECTION('',(0.,1.,6.14356545355422E-17));
#5067=DIRECTION('center_axis',(0.,-1.,0.));
#5068=DIRECTION('ref_axis',(0.,0.,-1.));
#5069=DIRECTION('',(0.,0.,1.));
#5070=DIRECTION('center_axis',(1.,5.51091059616309E-16,0.));
#5071=DIRECTION('ref_axis',(0.,0.,-1.));
#5072=DIRECTION('center_axis',(-1.,-5.51091059616309E-16,0.));
#5073=DIRECTION('ref_axis',(0.,0.,1.));
#5074=DIRECTION('center_axis',(-1.,-5.51091059616309E-16,0.));
#5075=DIRECTION('ref_axis',(0.,0.,1.));
#5076=DIRECTION('center_axis',(-1.,-5.51091059616309E-16,0.));
#5077=DIRECTION('ref_axis',(-4.78294621922947E-16,1.,0.));
#5078=DIRECTION('',(-0.948683298050514,-0.316227766016838,3.87267321454039E-17));
#5079=DIRECTION('center_axis',(0.,-1.,8.19142060473896E-17));
#5080=DIRECTION('ref_axis',(1.,0.,0.));
#5081=DIRECTION('center_axis',(0.,0.,-1.));
#5082=DIRECTION('ref_axis',(-1.,0.,0.));
#5083=DIRECTION('center_axis',(-6.82961998416066E-16,1.,0.));
#5084=DIRECTION('ref_axis',(-1.,-6.82961998416066E-16,0.));
#5085=DIRECTION('center_axis',(1.,0.,0.));
#5086=DIRECTION('ref_axis',(0.,0.,-1.));
#5087=DIRECTION('center_axis',(1.,0.,0.));
#5088=DIRECTION('ref_axis',(0.,0.,-1.));
#5089=CARTESIAN_POINT('',(0.,0.,0.));
#5090=CARTESIAN_POINT('Ctrl Pts',(0.417968436327245,0.0919999999999994,
0.0585));
#5091=CARTESIAN_POINT('Ctrl Pts',(0.423923581926042,0.0883939699421248,
0.0585));
#5092=CARTESIAN_POINT('Ctrl Pts',(0.437852336591593,0.0799596660011973,
0.0566766374635211));
#5093=CARTESIAN_POINT('Ctrl Pts',(0.4445065803759,0.075930309757836,0.0514919930034187));
#5094=CARTESIAN_POINT('Ctrl Pts',(0.4445065803759,0.075930309757836,0.0484999999999999));
#5095=CARTESIAN_POINT('Ctrl Pts',(0.417968436327245,0.0845200174914523,
0.0585));
#5096=CARTESIAN_POINT('Ctrl Pts',(0.423909847793319,0.0816042130517422,
0.0596119004128347));
#5097=CARTESIAN_POINT('Ctrl Pts',(0.439220132719942,0.0753756749329264,
0.0594271963382694));
#5098=CARTESIAN_POINT('Ctrl Pts',(0.447177713752104,0.0727469769604473,
0.0525333209611857));
#5099=CARTESIAN_POINT('Ctrl Pts',(0.447177713752104,0.0727469769604473,
0.0484999999999999));
#5100=CARTESIAN_POINT('Ctrl Pts',(0.417968436327245,0.0715646800170608,
0.0647737941924173));
#5101=CARTESIAN_POINT('Ctrl Pts',(0.425006799092473,0.070686393928509,0.0664883115027667));
#5102=CARTESIAN_POINT('Ctrl Pts',(0.443560091193877,0.0690017806069981,
0.0659316967356069));
#5103=CARTESIAN_POINT('Ctrl Pts',(0.453266761362464,0.0683723561893752,
0.0549141903676597));
#5104=CARTESIAN_POINT('Ctrl Pts',(0.453266761362464,0.0683723561893752,
0.0484999999999999));
#5105=CARTESIAN_POINT('Ctrl Pts',(0.417968436327245,0.0669999999999994,
0.0778900131185897));
#5106=CARTESIAN_POINT('Ctrl Pts',(0.427258697278112,0.0670092983668311,
0.0784006968328964));
#5107=CARTESIAN_POINT('Ctrl Pts',(0.449610186586471,0.0669998387189779,
0.0737624473021119));
#5108=CARTESIAN_POINT('Ctrl Pts',(0.460541032075314,0.0669999999999994,
0.0577549829431799));
#5109=CARTESIAN_POINT('Ctrl Pts',(0.460541032075314,0.0669999999999994,
0.0484999999999999));
#5110=CARTESIAN_POINT('Ctrl Pts',(0.417968436327245,0.0669999999999994,
0.0835));
#5111=CARTESIAN_POINT('Ctrl Pts',(0.428221081202517,0.0669999999999994,
0.0835));
#5112=CARTESIAN_POINT('Ctrl Pts',(0.452201447890699,0.0669999999999995,
0.0771182311223238));
#5113=CARTESIAN_POINT('Ctrl Pts',(0.463657691453875,0.0669999999999994,
0.0589719755119659));
#5114=CARTESIAN_POINT('Ctrl Pts',(0.463657691453875,0.0669999999999994,
0.0484999999999999));
#5115=CARTESIAN_POINT('',(0.417968436327245,0.0919999999999994,0.0585));
#5116=CARTESIAN_POINT('',(0.417968436327245,0.0669999999999994,0.0835));
#5117=CARTESIAN_POINT('Origin',(0.417968436327245,0.0919999999999994,0.0835));
#5118=CARTESIAN_POINT('',(0.463657691453875,0.0669999999999995,0.0485));
#5119=CARTESIAN_POINT('Origin',(0.417968436327245,0.0669999999999994,0.0485));
#5120=CARTESIAN_POINT('',(0.444506580375901,0.0759303097578359,0.0485));
#5121=CARTESIAN_POINT('Origin',(0.463657691453875,0.0919999999999995,0.0485));
#5122=CARTESIAN_POINT('Origin',(0.417968436327245,0.0919999999999994,0.0485));
#5123=CARTESIAN_POINT('Origin',(0.463657691453875,0.0919999999999995,0.));
#5124=CARTESIAN_POINT('',(0.463657691453875,0.0669999999999995,-0.0485));
#5125=CARTESIAN_POINT('',(0.444506580375901,0.075930309757836,-0.0485));
#5126=CARTESIAN_POINT('Origin',(0.463657691453875,0.0919999999999995,-0.0485));
#5127=CARTESIAN_POINT('',(0.444506580375901,0.075930309757836,0.));
#5128=CARTESIAN_POINT('',(0.463657691453875,0.0669999999999995,0.));
#5129=CARTESIAN_POINT('Ctrl Pts',(0.444506580375901,0.0759303097578359,
-0.0485));
#5130=CARTESIAN_POINT('Ctrl Pts',(0.444506580375901,0.0759303097578359,
-0.0507439947525641));
#5131=CARTESIAN_POINT('Ctrl Pts',(0.439667714611301,0.0788603968738741,
-0.0559925737941176));
#5132=CARTESIAN_POINT('Ctrl Pts',(0.425908630458975,0.0871919599228332,
-0.0585));
#5133=CARTESIAN_POINT('Ctrl Pts',(0.417968436327245,0.0919999999999993,
-0.0585));
#5134=CARTESIAN_POINT('Ctrl Pts',(0.447177713752104,0.0727469769604472,
-0.0485));
#5135=CARTESIAN_POINT('Ctrl Pts',(0.447177713752104,0.0727469769604472,
-0.0515249907208893));
#5136=CARTESIAN_POINT('Ctrl Pts',(0.441427299979888,0.0746656369563893,
-0.0586248977062281));
#5137=CARTESIAN_POINT('Ctrl Pts',(0.42589031828201,0.0806322782385054,-0.0599825338837797));
#5138=CARTESIAN_POINT('Ctrl Pts',(0.417968436327245,0.0845200174914522,
-0.0585));
#5139=CARTESIAN_POINT('Ctrl Pts',(0.453266761362464,0.0683723561893752,
-0.0485));
#5140=CARTESIAN_POINT('Ctrl Pts',(0.453266761362464,0.0683723561893752,
-0.0533106427757448));
#5141=CARTESIAN_POINT('Ctrl Pts',(0.446274130946596,0.0688396459694248,
-0.0646182390990047));
#5142=CARTESIAN_POINT('Ctrl Pts',(0.427352920014216,0.0703936318989916,
-0.0670598172728832));
#5143=CARTESIAN_POINT('Ctrl Pts',(0.417968436327245,0.0715646800170608,
-0.0647737941924173));
#5144=CARTESIAN_POINT('Ctrl Pts',(0.460541032075314,0.0669999999999995,
-0.0485));
#5145=CARTESIAN_POINT('Ctrl Pts',(0.460541032075314,0.0669999999999995,
-0.055441237207385));
#5146=CARTESIAN_POINT('Ctrl Pts',(0.452611734341402,0.066997128896781,-0.0716927087714099));
#5147=CARTESIAN_POINT('Ctrl Pts',(0.430355450928401,0.0670123978224416,
-0.0785709247376653));
#5148=CARTESIAN_POINT('Ctrl Pts',(0.417968436327245,0.0669999999999994,
-0.0778900131185896));
#5149=CARTESIAN_POINT('Ctrl Pts',(0.463657691453875,0.0669999999999995,
-0.0485));
#5150=CARTESIAN_POINT('Ctrl Pts',(0.463657691453875,0.0669999999999995,
-0.0563539816339744));
#5151=CARTESIAN_POINT('Ctrl Pts',(0.455326883842123,0.0669999999999994,
-0.0747240082794116));
#5152=CARTESIAN_POINT('Ctrl Pts',(0.431638629494275,0.0669999999999994,
-0.0835));
#5153=CARTESIAN_POINT('Ctrl Pts',(0.417968436327245,0.0669999999999994,
-0.0835));
#5154=CARTESIAN_POINT('',(0.417968436327245,0.0669999999999994,-0.0835));
#5155=CARTESIAN_POINT('',(0.417968436327245,0.0919999999999994,-0.0585));
#5156=CARTESIAN_POINT('Origin',(0.417968436327245,0.0919999999999994,-0.0835));
#5157=CARTESIAN_POINT('Origin',(0.417968436327245,0.0919999999999994,-0.0485));
#5158=CARTESIAN_POINT('Origin',(0.417968436327245,0.0669999999999994,-0.0485));
#5159=CARTESIAN_POINT('Origin',(0.352,0.0919999999999994,-0.0835));
#5160=CARTESIAN_POINT('',(0.362,0.0669999999999994,-0.0835));
#5161=CARTESIAN_POINT('',(0.362,0.0919999999999994,-0.0585));
#5162=CARTESIAN_POINT('Origin',(0.362,0.0919999999999994,-0.0835));
#5163=CARTESIAN_POINT('',(0.352,0.0919999999999994,-0.0585));
#5164=CARTESIAN_POINT('',(0.352,0.0669999999999994,-0.0835));
#5165=CARTESIAN_POINT('Origin',(0.362,0.0569999999999994,-0.0835));
#5166=CARTESIAN_POINT('',(0.352,0.0569999999999994,-0.0835));
#5167=CARTESIAN_POINT('',(0.327,0.0569999999999994,-0.0585));
#5168=CARTESIAN_POINT('Origin',(0.327,0.0569999999999994,-0.0835));
#5169=CARTESIAN_POINT('Origin',(0.362,0.0569999999999994,-0.0585));
#5170=CARTESIAN_POINT('Origin',(0.362,0.0569999999999994,-0.0835));
#5171=CARTESIAN_POINT('Origin',(0.327,-0.00800000000000033,-0.0835));
#5172=CARTESIAN_POINT('',(0.352,-0.073,-0.0835));
#5173=CARTESIAN_POINT('',(0.327,-0.073,-0.0585));
#5174=CARTESIAN_POINT('Origin',(0.327,-0.073,-0.0835));
#5175=CARTESIAN_POINT('',(0.327,-0.00800000000000034,-0.0585));
#5176=CARTESIAN_POINT('',(0.352,-0.00800000000000034,-0.0835));
#5177=CARTESIAN_POINT('Origin',(0.327,-0.073,-0.0485));
#5178=CARTESIAN_POINT('',(0.352,-0.108,-0.0485));
#5179=CARTESIAN_POINT('',(0.327,-0.083,-0.0485));
#5180=CARTESIAN_POINT('Origin',(0.327,-0.108,-0.0485));
#5181=CARTESIAN_POINT('Origin',(0.327,-0.073,-0.0485));
#5182=CARTESIAN_POINT('Origin',(0.352,-0.073,-0.0485));
#5183=CARTESIAN_POINT('Origin',(0.327,-0.108,0.0648594634575402));
#5184=CARTESIAN_POINT('',(0.352,-0.108,0.0485));
#5185=CARTESIAN_POINT('',(0.327,-0.083,0.0485));
#5186=CARTESIAN_POINT('Origin',(0.327,-0.108,0.0485));
#5187=CARTESIAN_POINT('',(0.327,-0.083,0.0648594634575402));
#5188=CARTESIAN_POINT('',(0.352,-0.108,0.0648594634575402));
#5189=CARTESIAN_POINT('Origin',(0.327,-0.073,0.0485));
#5190=CARTESIAN_POINT('',(0.352,-0.073,0.0835));
#5191=CARTESIAN_POINT('',(0.327,-0.073,0.0585));
#5192=CARTESIAN_POINT('Origin',(0.327,-0.073,0.0835));
#5193=CARTESIAN_POINT('Origin',(0.327,-0.073,0.0485));
#5194=CARTESIAN_POINT('Origin',(0.352,-0.073,0.0485));
#5195=CARTESIAN_POINT('Origin',(0.327,0.0809336335493521,0.0835));
#5196=CARTESIAN_POINT('',(0.352,0.0569999999999994,0.0835));
#5197=CARTESIAN_POINT('',(0.327,0.0569999999999994,0.0585));
#5198=CARTESIAN_POINT('Origin',(0.327,0.0569999999999994,0.0835));
#5199=CARTESIAN_POINT('',(0.327,0.0809336335493521,0.0585));
#5200=CARTESIAN_POINT('',(0.352,0.0809336335493521,0.0835));
#5201=CARTESIAN_POINT('Origin',(0.362,0.0569999999999994,0.0835));
#5202=CARTESIAN_POINT('',(0.362,0.0669999999999994,0.0835));
#5203=CARTESIAN_POINT('',(0.362,0.0919999999999994,0.0585));
#5204=CARTESIAN_POINT('Origin',(0.362,0.0919999999999994,0.0835));
#5205=CARTESIAN_POINT('Origin',(0.362,0.0569999999999994,0.0585));
#5206=CARTESIAN_POINT('Origin',(0.362,0.0569999999999994,0.0835));
#5207=CARTESIAN_POINT('Origin',(0.352,0.0919999999999994,0.0835));
#5208=CARTESIAN_POINT('',(0.352,0.0919999999999994,0.0585));
#5209=CARTESIAN_POINT('',(0.352,0.0669999999999994,0.0835));
#5210=CARTESIAN_POINT('Origin',(0.,-0.083,0.12971892691508));
#5211=CARTESIAN_POINT('',(0.321837251111332,-0.083,0.0485));
#5212=CARTESIAN_POINT('',(0.0775,-0.083,0.0485));
#5213=CARTESIAN_POINT('',(0.312215964761999,-0.083,0.0496743532058493));
#5214=CARTESIAN_POINT('Origin',(0.321837251111332,-0.083,0.0885));
#5215=CARTESIAN_POINT('',(0.297784035238001,-0.083,0.0496743532058493));
#5216=CARTESIAN_POINT('Origin',(0.305,-0.083,0.0205551181102362));
#5217=CARTESIAN_POINT('',(0.288162748888668,-0.083,0.0485));
#5218=CARTESIAN_POINT('Origin',(0.288162748888668,-0.083,0.0885));
#5219=CARTESIAN_POINT('',(0.281837251111332,-0.083,0.0485));
#5220=CARTESIAN_POINT('',(0.0775,-0.083,0.0485));
#5221=CARTESIAN_POINT('',(0.272215964761999,-0.083,0.0496743532058493));
#5222=CARTESIAN_POINT('Origin',(0.281837251111332,-0.083,0.0885));
#5223=CARTESIAN_POINT('',(0.257784035238001,-0.083,0.0496743532058493));
#5224=CARTESIAN_POINT('Origin',(0.265,-0.083,0.0205551181102362));
#5225=CARTESIAN_POINT('',(0.248162748888668,-0.083,0.0485));
#5226=CARTESIAN_POINT('Origin',(0.248162748888668,-0.083,0.0885));
#5227=CARTESIAN_POINT('',(0.241837251111332,-0.083,0.0485));
#5228=CARTESIAN_POINT('',(0.0775,-0.083,0.0485));
#5229=CARTESIAN_POINT('',(0.232215964761999,-0.083,0.0496743532058493));
#5230=CARTESIAN_POINT('Origin',(0.241837251111332,-0.083,0.0885));
#5231=CARTESIAN_POINT('',(0.217784035238001,-0.083,0.0496743532058493));
#5232=CARTESIAN_POINT('Origin',(0.225,-0.083,0.0205551181102362));
#5233=CARTESIAN_POINT('',(0.208162748888668,-0.083,0.0485));
#5234=CARTESIAN_POINT('Origin',(0.208162748888668,-0.083,0.0885));
#5235=CARTESIAN_POINT('',(0.201837251111332,-0.083,0.0485));
#5236=CARTESIAN_POINT('',(0.0775,-0.083,0.0485));
#5237=CARTESIAN_POINT('',(0.192215964761999,-0.083,0.0496743532058493));
#5238=CARTESIAN_POINT('Origin',(0.201837251111332,-0.083,0.0885));
#5239=CARTESIAN_POINT('',(0.177784035238001,-0.083,0.0496743532058493));
#5240=CARTESIAN_POINT('Origin',(0.185,-0.083,0.0205551181102362));
#5241=CARTESIAN_POINT('',(0.168162748888668,-0.083,0.0485));
#5242=CARTESIAN_POINT('Origin',(0.168162748888668,-0.083,0.0885));
#5243=CARTESIAN_POINT('',(0.145,-0.083,0.0485));
#5244=CARTESIAN_POINT('',(0.0775,-0.083,0.0485));
#5245=CARTESIAN_POINT('',(0.145,-0.083,0.11210263154806));
#5246=CARTESIAN_POINT('',(0.145,-0.083,0.0648594634575402));
#5247=CARTESIAN_POINT('',(0.01,-0.083,0.11210263154806));
#5248=CARTESIAN_POINT('',(0.,-0.083,0.11210263154806));
#5249=CARTESIAN_POINT('',(0.01,-0.083,-0.11210263154806));
#5250=CARTESIAN_POINT('',(0.01,-0.083,0.0648594634575402));
#5251=CARTESIAN_POINT('',(0.145,-0.083,-0.11210263154806));
#5252=CARTESIAN_POINT('',(0.,-0.083,-0.11210263154806));
#5253=CARTESIAN_POINT('',(0.145,-0.083,-0.0485));
#5254=CARTESIAN_POINT('',(0.145,-0.083,0.0648594634575402));
#5255=CARTESIAN_POINT('',(0.168162748888668,-0.083,-0.0485));
#5256=CARTESIAN_POINT('',(0.0775,-0.083,-0.0485));
#5257=CARTESIAN_POINT('',(0.177784035238001,-0.083,-0.0496743532058493));
#5258=CARTESIAN_POINT('Origin',(0.168162748888668,-0.083,-0.0885));
#5259=CARTESIAN_POINT('',(0.192215964761999,-0.083,-0.0496743532058493));
#5260=CARTESIAN_POINT('Origin',(0.185,-0.083,-0.0205551181102362));
#5261=CARTESIAN_POINT('',(0.201837251111332,-0.083,-0.0485));
#5262=CARTESIAN_POINT('Origin',(0.201837251111332,-0.083,-0.0885));
#5263=CARTESIAN_POINT('',(0.208162748888668,-0.083,-0.0485));
#5264=CARTESIAN_POINT('',(0.0775,-0.083,-0.0485));
#5265=CARTESIAN_POINT('',(0.217784035238001,-0.083,-0.0496743532058493));
#5266=CARTESIAN_POINT('Origin',(0.208162748888668,-0.083,-0.0885));
#5267=CARTESIAN_POINT('',(0.232215964761999,-0.083,-0.0496743532058493));
#5268=CARTESIAN_POINT('Origin',(0.225,-0.083,-0.0205551181102362));
#5269=CARTESIAN_POINT('',(0.241837251111332,-0.083,-0.0485));
#5270=CARTESIAN_POINT('Origin',(0.241837251111332,-0.083,-0.0885));
#5271=CARTESIAN_POINT('',(0.248162748888668,-0.083,-0.0485));
#5272=CARTESIAN_POINT('',(0.0775,-0.083,-0.0485));
#5273=CARTESIAN_POINT('',(0.257784035238001,-0.083,-0.0496743532058493));
#5274=CARTESIAN_POINT('Origin',(0.248162748888668,-0.083,-0.0885));
#5275=CARTESIAN_POINT('',(0.272215964761999,-0.083,-0.0496743532058493));
#5276=CARTESIAN_POINT('Origin',(0.265,-0.083,-0.0205551181102362));
#5277=CARTESIAN_POINT('',(0.281837251111332,-0.083,-0.0485));
#5278=CARTESIAN_POINT('Origin',(0.281837251111332,-0.083,-0.0885));
#5279=CARTESIAN_POINT('',(0.288162748888668,-0.083,-0.0485));
#5280=CARTESIAN_POINT('',(0.0775,-0.083,-0.0485));
#5281=CARTESIAN_POINT('',(0.297784035238001,-0.083,-0.0496743532058493));
#5282=CARTESIAN_POINT('Origin',(0.288162748888668,-0.083,-0.0885));
#5283=CARTESIAN_POINT('',(0.312215964761999,-0.083,-0.0496743532058493));
#5284=CARTESIAN_POINT('Origin',(0.305,-0.083,-0.0205551181102362));
#5285=CARTESIAN_POINT('',(0.321837251111332,-0.083,-0.0485));
#5286=CARTESIAN_POINT('Origin',(0.321837251111332,-0.083,-0.0885));
#5287=CARTESIAN_POINT('',(0.0775,-0.083,-0.0485));
#5288=CARTESIAN_POINT('Origin',(0.0775,-0.073,0.0485));
#5289=CARTESIAN_POINT('',(0.321837251111332,-0.073,0.0585));
#5290=CARTESIAN_POINT('',(0.0775,-0.073,0.0585));
#5291=CARTESIAN_POINT('Origin',(0.321837251111332,-0.073,0.0485));
#5292=CARTESIAN_POINT('Origin',(0.155,0.0948672670987049,0.0585));
#5293=CARTESIAN_POINT('',(0.415562513562235,0.0948672670987049,0.0585));
#5294=CARTESIAN_POINT('',(0.39574830944859,0.118480916035536,0.0585));
#5295=CARTESIAN_POINT('',(0.321837251111332,0.0948672670987049,0.0585));
#5296=CARTESIAN_POINT('',(0.155,0.0948672670987049,0.0585));
#5297=CARTESIAN_POINT('',(0.321837251111332,-0.083,0.0585));
#5298=CARTESIAN_POINT('Origin',(0.39574830944859,0.118480916035536,0.0485));
#5299=CARTESIAN_POINT('',(0.428616586455558,0.0948672670987049,0.0485));
#5300=CARTESIAN_POINT('',(0.403408753879779,0.124908792132402,0.0485));
#5301=CARTESIAN_POINT('Origin',(0.415562513562235,0.0948672670987049,0.0485));
#5302=CARTESIAN_POINT('Origin',(0.362,0.0569999999999994,0.));
#5303=CARTESIAN_POINT('',(0.362,0.0669999999999994,-0.108110236220472));
#5304=CARTESIAN_POINT('',(0.362,0.0669999999999994,0.));
#5305=CARTESIAN_POINT('',(0.352,0.0569999999999994,-0.108110236220472));
#5306=CARTESIAN_POINT('Origin',(0.362,0.0569999999999994,-0.108110236220472));
#5307=CARTESIAN_POINT('',(0.352,0.0569999999999994,0.));
#5308=CARTESIAN_POINT('Origin',(0.549,0.0669999999999995,0.));
#5309=CARTESIAN_POINT('',(0.362,0.0669999999999994,0.108110236220472));
#5310=CARTESIAN_POINT('',(0.362,0.0669999999999994,0.));
#5311=CARTESIAN_POINT('',(0.539,0.0669999999999995,0.108110236220472));
#5312=CARTESIAN_POINT('',(0.76375,0.0669999999999998,0.108110236220472));
#5313=CARTESIAN_POINT('',(0.539,0.0669999999999995,-0.108110236220472));
#5314=CARTESIAN_POINT('',(0.539,0.0669999999999995,0.));
#5315=CARTESIAN_POINT('',(0.76375,0.0669999999999998,-0.108110236220472));
#5316=CARTESIAN_POINT('Origin',(0.,0.127256383032216,0.067392974244783));
#5317=CARTESIAN_POINT('',(0.360191114996128,0.123304355293154,0.0765789133230529));
#5318=CARTESIAN_POINT('',(0.360191114996128,0.136093631853897,0.0720730419006707));
#5319=CARTESIAN_POINT('Origin',(0.360191114996128,0.127256383032216,0.067392974244783));
#5320=CARTESIAN_POINT('',(0.145,0.136093631853897,0.0720730419006707));
#5321=CARTESIAN_POINT('',(0.,0.136093631853897,0.0720730419006707));
#5322=CARTESIAN_POINT('',(0.154933746006972,0.123304355297782,0.0765789133250441));
#5323=CARTESIAN_POINT('Ctrl Pts',(0.154933746007541,0.123304355297842,0.0765789133250698));
#5324=CARTESIAN_POINT('Ctrl Pts',(0.154912906829845,0.123471690069894,0.076650905056595));
#5325=CARTESIAN_POINT('Ctrl Pts',(0.154887225314628,0.123640686842426,0.0767181929921346));
#5326=CARTESIAN_POINT('Ctrl Pts',(0.154680950993336,0.124796451552103,0.0771423513975019));
#5327=CARTESIAN_POINT('Ctrl Pts',(0.154353228678393,0.125796791363296,0.0773337305540869));
#5328=CARTESIAN_POINT('Ctrl Pts',(0.153459306072881,0.127803500058268,0.0774314840832774));
#5329=CARTESIAN_POINT('Ctrl Pts',(0.152886215498203,0.128792137487617,0.077319161098036));
#5330=CARTESIAN_POINT('Ctrl Pts',(0.151383288958608,0.130959324881366,0.07677168781492));
#5331=CARTESIAN_POINT('Ctrl Pts',(0.15039361417437,0.132082132160668,0.0762304181713104));
#5332=CARTESIAN_POINT('Ctrl Pts',(0.147988702145716,0.134329484099274,0.0746358485442332));
#5333=CARTESIAN_POINT('Ctrl Pts',(0.146516079195762,0.135351893887447,0.0734543501481719));
#5334=CARTESIAN_POINT('Ctrl Pts',(0.145037840005162,0.136075267139916,0.0721075968092503));
#5335=CARTESIAN_POINT('Ctrl Pts',(0.145018919987289,0.136084474877685,0.0720903327783238));
#5336=CARTESIAN_POINT('Ctrl Pts',(0.145,0.136093631853897,0.0720730419006708));
#5337=CARTESIAN_POINT('',(0.,0.123304355293154,0.0765789133230529));
#5338=CARTESIAN_POINT('Ctrl Pts',(0.360191114996128,0.123304355293154,0.0765789133230529));
#5339=CARTESIAN_POINT('Ctrl Pts',(0.378001412515588,0.123304355293154,0.0765789133230529));
#5340=CARTESIAN_POINT('Ctrl Pts',(0.395399898248147,0.114944108596302,0.0729821197269012));
#5341=CARTESIAN_POINT('Ctrl Pts',(0.406272857447137,0.101986220408776,0.0674073022672576));
#5342=CARTESIAN_POINT('Ctrl Pts',(0.360191114996128,0.125585608207623,0.0775603671211873));
#5343=CARTESIAN_POINT('Ctrl Pts',(0.378808924170999,0.125712094415944,0.0776189600770745));
#5344=CARTESIAN_POINT('Ctrl Pts',(0.397075927504464,0.117161231727471,0.0739222537684275));
#5345=CARTESIAN_POINT('Ctrl Pts',(0.408685425040014,0.103694426010257,0.0681422163422969));
#5346=CARTESIAN_POINT('Ctrl Pts',(0.360191114996128,0.130900823683767,0.0777372018164738));
#5347=CARTESIAN_POINT('Ctrl Pts',(0.380412575531392,0.131365621321443,0.0776891712265993));
#5348=CARTESIAN_POINT('Ctrl Pts',(0.40044436739656,0.122534587532272,0.0735583749470478));
#5349=CARTESIAN_POINT('Ctrl Pts',(0.413475795806939,0.108266230978295,0.0668586888104992));
#5350=CARTESIAN_POINT('Ctrl Pts',(0.360191114996128,0.13493137529102,0.0742677004389625));
#5351=CARTESIAN_POINT('Ctrl Pts',(0.381178042749782,0.135440812720961,0.0737548082118527));
#5352=CARTESIAN_POINT('Ctrl Pts',(0.401714954045944,0.126212204755776,0.0687970090278873));
#5353=CARTESIAN_POINT('Ctrl Pts',(0.414546169913436,0.111635736562075,0.061114367521759));
#5354=CARTESIAN_POINT('Ctrl Pts',(0.360191114996128,0.136093631853897,0.0720730419006707));
#5355=CARTESIAN_POINT('Ctrl Pts',(0.381237679555166,0.13648189619368,0.0713398925465301));
#5356=CARTESIAN_POINT('Ctrl Pts',(0.401646842892375,0.127008555881471,0.0660608612265143));
#5357=CARTESIAN_POINT('Ctrl Pts',(0.413933301878326,0.112366124244703,0.058221363188988));
#5358=CARTESIAN_POINT('',(0.406272857447137,0.101986220408776,0.0674073022672576));
#5359=CARTESIAN_POINT('',(0.413933301878327,0.112366124244702,0.0582213631889872));
#5360=CARTESIAN_POINT('Origin',(0.406272857447137,0.105938248147838,0.0582213631889877));
#5361=CARTESIAN_POINT('Ctrl Pts',(0.413933301878326,0.112366124244703,0.058221363188988));
#5362=CARTESIAN_POINT('Ctrl Pts',(0.401646842892375,0.127008555881471,0.0660608612265143));
#5363=CARTESIAN_POINT('Ctrl Pts',(0.381237679555166,0.13648189619368,0.0713398925465301));
#5364=CARTESIAN_POINT('Ctrl Pts',(0.360191114996128,0.136093631853897,0.0720730419006707));
#5365=CARTESIAN_POINT('Ctrl Pts',(0.360191114996128,0.123304355293154,0.0765789133230529));
#5366=CARTESIAN_POINT('Ctrl Pts',(0.378001412515588,0.123304355293154,0.0765789133230529));
#5367=CARTESIAN_POINT('Ctrl Pts',(0.395399898248147,0.114944108596302,0.0729821197269012));
#5368=CARTESIAN_POINT('Ctrl Pts',(0.406272857447137,0.101986220408776,0.0674073022672576));
#5369=CARTESIAN_POINT('Origin',(0.39211042775565,0.122816374612529,0.0654827681910788));
#5370=CARTESIAN_POINT('',(0.412246368543985,0.0948672670987049,0.0643445450777351));
#5371=CARTESIAN_POINT('',(0.428616586455558,0.0948672670987049,0.0506929038498158));
#5372=CARTESIAN_POINT('Origin',(0.415562513562235,0.0948672670987049,0.0534583418112059));
#5373=CARTESIAN_POINT('',(0.39977087218684,0.129244250709395,0.0654827681910788));
#5374=CARTESIAN_POINT('',(0.39211042775565,0.118864346873467,0.0746687072693487));
#5375=CARTESIAN_POINT('Origin',(0.155,0.131520956253526,0.0801139068212143));
#5376=CARTESIAN_POINT('',(0.155,0.122236695605062,0.0761195786086305));
#5377=CARTESIAN_POINT('Ctrl Pts',(0.154933746007541,0.123304355297842,0.0765789133250698));
#5378=CARTESIAN_POINT('Ctrl Pts',(0.15497923735887,0.122939068096309,0.0764217573564875));
#5379=CARTESIAN_POINT('Ctrl Pts',(0.155,0.122578590673489,0.0762666706786695));
#5380=CARTESIAN_POINT('Ctrl Pts',(0.155,0.122236695605062,0.0761195786086305));
#5381=CARTESIAN_POINT('',(0.155,0.0948672670987049,0.0643445450777351));
#5382=CARTESIAN_POINT('',(0.155,0.0764670955512571,0.0564283170536423));
#5383=CARTESIAN_POINT('',(0.155,0.0948672670987049,0.0643445450777351));
#5384=CARTESIAN_POINT('Origin',(0.401757159744463,0.111319847108068,-0.0605366657606809));
#5385=CARTESIAN_POINT('',(0.428616586455558,0.0948672670987049,-0.0506929038498158));
#5386=CARTESIAN_POINT('',(0.412246368543985,0.0948672670987049,-0.0643445450777351));
#5387=CARTESIAN_POINT('Origin',(0.415562513562235,0.0948672670987049,-0.0534583418112059));
#5388=CARTESIAN_POINT('',(0.406272857447138,0.101986220408774,-0.0674073022672567));
#5389=CARTESIAN_POINT('',(0.401757159744463,0.107367819369006,-0.0697226048389508));
#5390=CARTESIAN_POINT('',(0.413933301878328,0.112366124244701,-0.0582213631889868));
#5391=CARTESIAN_POINT('Origin',(0.406272857447138,0.105938248147836,-0.0582213631889868));
#5392=CARTESIAN_POINT('',(0.409417604175653,0.117747723204933,-0.0605366657606809));
#5393=CARTESIAN_POINT('Ctrl Pts',(0.406272857447138,0.101986220408774,-0.0674073022672567));
#5394=CARTESIAN_POINT('Ctrl Pts',(0.395399861697688,0.114944152155443,-0.0729821384671665));
#5395=CARTESIAN_POINT('Ctrl Pts',(0.378001472386554,0.123304355293154,-0.0765789133230529));
#5396=CARTESIAN_POINT('Ctrl Pts',(0.360191114996128,0.123304355293154,-0.0765789133230529));
#5397=CARTESIAN_POINT('Ctrl Pts',(0.408685425040016,0.103694426010255,-0.068142216342296));
#5398=CARTESIAN_POINT('Ctrl Pts',(0.397075888478064,0.117161276997385,-0.0739222731985585));
#5399=CARTESIAN_POINT('Ctrl Pts',(0.378808986756492,0.125712094841139,-0.0776189602740402));
#5400=CARTESIAN_POINT('Ctrl Pts',(0.360191114996128,0.125585608207623,-0.0775603671211873));
#5401=CARTESIAN_POINT('Ctrl Pts',(0.413475795806887,0.108266230978275,-0.0668586888104341));
#5402=CARTESIAN_POINT('Ctrl Pts',(0.400444323590155,0.122534635496656,-0.0735583974685987));
#5403=CARTESIAN_POINT('Ctrl Pts',(0.38041264350771,0.13136562288389,-0.0776891710651027));
#5404=CARTESIAN_POINT('Ctrl Pts',(0.360191114996128,0.130900823683753,-0.0777372018164365));
#5405=CARTESIAN_POINT('Ctrl Pts',(0.414546169913438,0.111635736562073,-0.0611143675217578));
#5406=CARTESIAN_POINT('Ctrl Pts',(0.401714910912625,0.126212253755922,-0.0687970348537978));
#5407=CARTESIAN_POINT('Ctrl Pts',(0.38117811329929,0.135440814433483,-0.0737548064877179));
#5408=CARTESIAN_POINT('Ctrl Pts',(0.360191114996128,0.13493137529102,-0.0742677004389625));
#5409=CARTESIAN_POINT('Ctrl Pts',(0.413933301878328,0.112366124244701,-0.0582213631889869));
#5410=CARTESIAN_POINT('Ctrl Pts',(0.401646801590307,0.12700860510336,-0.0660608875797126));
#5411=CARTESIAN_POINT('Ctrl Pts',(0.381237750305148,0.136481897498867,-0.0713398900819806));
#5412=CARTESIAN_POINT('Ctrl Pts',(0.360191114996128,0.136093631853897,-0.0720730419006707));
#5413=CARTESIAN_POINT('',(0.360191114996128,0.123304355293154,-0.0765789133230529));
#5414=CARTESIAN_POINT('',(0.360191114996128,0.136093631853897,-0.0720730419006707));
#5415=CARTESIAN_POINT('Origin',(0.360191114996128,0.127256383032216,-0.067392974244783));
#5416=CARTESIAN_POINT('Ctrl Pts',(0.360191114996128,0.136093631853897,-0.0720730419006707));
#5417=CARTESIAN_POINT('Ctrl Pts',(0.381237750305148,0.136481897498867,-0.0713398900819806));
#5418=CARTESIAN_POINT('Ctrl Pts',(0.401646801590307,0.12700860510336,-0.0660608875797126));
#5419=CARTESIAN_POINT('Ctrl Pts',(0.413933301878328,0.112366124244701,-0.0582213631889869));
#5420=CARTESIAN_POINT('Ctrl Pts',(0.406272857447138,0.101986220408774,-0.0674073022672567));
#5421=CARTESIAN_POINT('Ctrl Pts',(0.395399861697688,0.114944152155443,-0.0729821384671665));
#5422=CARTESIAN_POINT('Ctrl Pts',(0.378001472386554,0.123304355293154,-0.0765789133230529));
#5423=CARTESIAN_POINT('Ctrl Pts',(0.360191114996128,0.123304355293154,-0.0765789133230529));
#5424=CARTESIAN_POINT('Origin',(0.,0.127256383032216,-0.067392974244783));
#5425=CARTESIAN_POINT('',(0.154933746006972,0.123304355297782,-0.0765789133250441));
#5426=CARTESIAN_POINT('',(0.145,0.136093631853897,-0.0720730419006708));
#5427=CARTESIAN_POINT('Ctrl Pts',(0.145,0.136093631853897,-0.0720730419006708));
#5428=CARTESIAN_POINT('Ctrl Pts',(0.145018919987289,0.136084474877685,-0.072090332778324));
#5429=CARTESIAN_POINT('Ctrl Pts',(0.145037840005162,0.136075267139916,-0.07210759680925));
#5430=CARTESIAN_POINT('Ctrl Pts',(0.146516079195764,0.135351893887444,-0.0734543501481762));
#5431=CARTESIAN_POINT('Ctrl Pts',(0.147988702145716,0.134329484099273,-0.0746358485442336));
#5432=CARTESIAN_POINT('Ctrl Pts',(0.15039361417437,0.132082132160668,-0.0762304181713104));
#5433=CARTESIAN_POINT('Ctrl Pts',(0.151383288958608,0.130959324881366,-0.07677168781492));
#5434=CARTESIAN_POINT('Ctrl Pts',(0.152886215498202,0.128792137487617,-0.0773191610980359));
#5435=CARTESIAN_POINT('Ctrl Pts',(0.153459306072881,0.127803500058269,-0.0774314840832774));
#5436=CARTESIAN_POINT('Ctrl Pts',(0.154353228678393,0.125796791363296,-0.077333730554087));
#5437=CARTESIAN_POINT('Ctrl Pts',(0.154680950993336,0.124796451552103,-0.0771423513975019));
#5438=CARTESIAN_POINT('Ctrl Pts',(0.154887225314628,0.123640686842426,-0.0767181929921346));
#5439=CARTESIAN_POINT('Ctrl Pts',(0.154912906829845,0.123471690069894,-0.076650905056595));
#5440=CARTESIAN_POINT('Ctrl Pts',(0.154933746007541,0.123304355297842,-0.0765789133250698));
#5441=CARTESIAN_POINT('',(0.,0.136093631853897,-0.0720730419006708));
#5442=CARTESIAN_POINT('',(0.,0.123304355293154,-0.0765789133230529));
#5443=CARTESIAN_POINT('Origin',(0.155,0.0948672670987049,-0.0643445450777351));
#5444=CARTESIAN_POINT('',(0.155,0.0948672670987049,-0.0643445450777351));
#5445=CARTESIAN_POINT('',(0.155,0.0948672670987049,-0.0643445450777351));
#5446=CARTESIAN_POINT('',(0.155,0.122236695605062,-0.0761195786086305));
#5447=CARTESIAN_POINT('',(0.155,0.0581402509738468,-0.0485436361819027));
#5448=CARTESIAN_POINT('Ctrl Pts',(0.155,0.122236695605062,-0.0761195786086305));
#5449=CARTESIAN_POINT('Ctrl Pts',(0.155,0.122578590673489,-0.0762666706786695));
#5450=CARTESIAN_POINT('Ctrl Pts',(0.15497923735887,0.122939068096309,-0.0764217573564875));
#5451=CARTESIAN_POINT('Ctrl Pts',(0.154933746007541,0.123304355297842,-0.0765789133250698));
#5452=CARTESIAN_POINT('Origin',(0.439539575360064,0.0662925175612883,-0.0485));
#5453=CARTESIAN_POINT('',(0.415562513562235,0.0948672670987049,-0.0585));
#5454=CARTESIAN_POINT('',(0.439539575360064,0.0662925175612883,-0.0585));
#5455=CARTESIAN_POINT('',(0.428616586455558,0.0948672670987049,-0.0485));
#5456=CARTESIAN_POINT('Origin',(0.415562513562235,0.0948672670987049,-0.0485));
#5457=CARTESIAN_POINT('',(0.447200019791254,0.0727203936581537,-0.0485));
#5458=CARTESIAN_POINT('Origin',(0.491252703723054,0.0202204493190142,0.));
#5459=CARTESIAN_POINT('',(0.428616586455558,0.0948672670987049,-0.02925));
#5460=CARTESIAN_POINT('Origin',(0.475857904516079,0.0385672565811924,0.));
#5461=CARTESIAN_POINT('',(0.428616586455558,0.0948672670987049,0.0321722725388675));
#5462=CARTESIAN_POINT('Origin',(0.01,-0.053,0.11210263154806));
#5463=CARTESIAN_POINT('',(0.01,-0.0658225806451613,0.139224235954848));
#5464=CARTESIAN_POINT('',(0.,-0.0615483870967742,0.130183701152585));
#5465=CARTESIAN_POINT('Origin',(0.01,-0.0615483870967742,0.130183701152585));
#5466=CARTESIAN_POINT('',(0.,-0.073,0.11210263154806));
#5467=CARTESIAN_POINT('Origin',(0.,-0.053,0.11210263154806));
#5468=CARTESIAN_POINT('Origin',(0.01,-0.073,0.11210263154806));
#5469=CARTESIAN_POINT('Origin',(0.01,-0.053,0.11210263154806));
#5470=CARTESIAN_POINT('Origin',(0.01,-0.073,0.0648594634575402));
#5471=CARTESIAN_POINT('',(0.,-0.073,-0.11210263154806));
#5472=CARTESIAN_POINT('Origin',(0.01,-0.073,-0.11210263154806));
#5473=CARTESIAN_POINT('',(0.,-0.073,0.0648594634575402));
#5474=CARTESIAN_POINT('Origin',(0.01,-0.053,-0.11210263154806));
#5475=CARTESIAN_POINT('',(0.,-0.0615483870967742,-0.130183701152585));
#5476=CARTESIAN_POINT('',(0.01,-0.0658225806451612,-0.139224235954848));
#5477=CARTESIAN_POINT('Origin',(0.01,-0.0615483870967742,-0.130183701152585));
#5478=CARTESIAN_POINT('Origin',(0.01,-0.053,-0.11210263154806));
#5479=CARTESIAN_POINT('Origin',(0.,-0.053,-0.11210263154806));
#5480=CARTESIAN_POINT('Origin',(0.01,0.,0.));
#5481=CARTESIAN_POINT('Origin',(0.01,0.,0.));
#5482=CARTESIAN_POINT('Origin',(0.,0.,0.));
#5483=CARTESIAN_POINT('Origin',(0.,0.,0.));
#5484=CARTESIAN_POINT('Origin',(0.429895237928941,0.,0.));
#5485=CARTESIAN_POINT('',(0.145,-0.0658225806451612,-0.139224235954848));
#5486=CARTESIAN_POINT('Origin',(0.145,0.,0.));
#5487=CARTESIAN_POINT('',(0.,-0.0658225806451612,-0.139224235954848));
#5488=CARTESIAN_POINT('',(0.145,-0.0658225806451613,0.139224235954848));
#5489=CARTESIAN_POINT('',(0.,-0.0658225806451613,0.139224235954848));
#5490=CARTESIAN_POINT('Origin',(0.145,0.,0.));
#5491=CARTESIAN_POINT('Origin',(0.,-0.053,0.11210263154806));
#5492=CARTESIAN_POINT('Origin',(0.145,-0.053,0.11210263154806));
#5493=CARTESIAN_POINT('Origin',(0.,0.0355,0.));
#5494=CARTESIAN_POINT('',(0.,0.0690551181102362,-8.45681293584432E-18));
#5495=CARTESIAN_POINT('Origin',(0.,5.51091059616313E-18,0.));
#5496=CARTESIAN_POINT('Origin',(0.145,0.,0.));
#5497=CARTESIAN_POINT('',(0.155,-0.0615483870967742,0.130183701152585));
#5498=CARTESIAN_POINT('Origin',(0.145,-0.0615483870967742,0.130183701152585));
#5499=CARTESIAN_POINT('Origin',(0.155,0.,0.));
#5500=CARTESIAN_POINT('Origin',(0.145,-0.053,0.11210263154806));
#5501=CARTESIAN_POINT('',(0.155,-0.073,0.11210263154806));
#5502=CARTESIAN_POINT('Origin',(0.145,-0.073,0.11210263154806));
#5503=CARTESIAN_POINT('Origin',(0.155,-0.053,0.11210263154806));
#5504=CARTESIAN_POINT('Origin',(0.145,-0.073,0.0648594634575402));
#5505=CARTESIAN_POINT('',(0.155,-0.073,0.0585));
#5506=CARTESIAN_POINT('Origin',(0.145,-0.073,0.0485));
#5507=CARTESIAN_POINT('',(0.155,-0.073,0.0648594634575402));
#5508=CARTESIAN_POINT('Origin',(0.145,-0.073,0.0648594634575402));
#5509=CARTESIAN_POINT('',(0.155,-0.073,-0.11210263154806));
#5510=CARTESIAN_POINT('Origin',(0.145,-0.073,-0.11210263154806));
#5511=CARTESIAN_POINT('',(0.155,-0.073,-0.0585));
#5512=CARTESIAN_POINT('',(0.155,-0.073,0.0648594634575402));
#5513=CARTESIAN_POINT('Origin',(0.145,-0.073,-0.0485));
#5514=CARTESIAN_POINT('Origin',(0.145,-0.053,-0.11210263154806));
#5515=CARTESIAN_POINT('',(0.155,-0.0615483870967742,-0.130183701152585));
#5516=CARTESIAN_POINT('Origin',(0.145,-0.0615483870967742,-0.130183701152585));
#5517=CARTESIAN_POINT('Origin',(0.155,-0.053,-0.11210263154806));
#5518=CARTESIAN_POINT('Origin',(0.145,-0.053,-0.11210263154806));
#5519=CARTESIAN_POINT('Origin',(0.145,0.,0.));
#5520=CARTESIAN_POINT('Origin',(0.155,0.,0.));
#5521=CARTESIAN_POINT('Origin',(0.,-0.053,-0.11210263154806));
#5522=CARTESIAN_POINT('Origin',(1.595,-0.183,-0.108110236220472));
#5523=CARTESIAN_POINT('',(1.605,-0.183,-0.108110236220472));
#5524=CARTESIAN_POINT('',(1.595,-0.183,-0.118110236220472));
#5525=CARTESIAN_POINT('Origin',(1.595,-0.183,-0.108110236220472));
#5526=CARTESIAN_POINT('',(1.595,-0.193,-0.108110236220472));
#5527=CARTESIAN_POINT('Origin',(1.595,-0.183,-0.108110236220472));
#5528=CARTESIAN_POINT('Origin',(1.595,-0.183,-0.108110236220472));
#5529=CARTESIAN_POINT('Origin',(0.362,0.0569999999999994,-0.108110236220472));
#5530=CARTESIAN_POINT('',(0.362,0.0569999999999994,-0.118110236220472));
#5531=CARTESIAN_POINT('Origin',(0.362,0.0569999999999994,-0.108110236220472));
#5532=CARTESIAN_POINT('Origin',(0.362,0.0569999999999994,-0.108110236220472));
#5533=CARTESIAN_POINT('Origin',(1.595,-0.148,-0.108110236220472));
#5534=CARTESIAN_POINT('',(1.595,-0.138,-0.108110236220472));
#5535=CARTESIAN_POINT('',(1.595,-0.148,-0.118110236220472));
#5536=CARTESIAN_POINT('Origin',(1.595,-0.148,-0.108110236220472));
#5537=CARTESIAN_POINT('',(1.605,-0.148,-0.108110236220472));
#5538=CARTESIAN_POINT('Origin',(1.595,-0.148,-0.108110236220472));
#5539=CARTESIAN_POINT('Origin',(1.595,-0.148,-0.108110236220472));
#5540=CARTESIAN_POINT('Origin',(0.362,-0.183,-0.108110236220472));
#5541=CARTESIAN_POINT('',(0.362,-0.193,-0.108110236220472));
#5542=CARTESIAN_POINT('',(0.362,-0.183,-0.118110236220472));
#5543=CARTESIAN_POINT('Origin',(0.362,-0.183,-0.108110236220472));
#5544=CARTESIAN_POINT('',(0.352,-0.183,-0.108110236220472));
#5545=CARTESIAN_POINT('Origin',(0.362,-0.183,-0.108110236220472));
#5546=CARTESIAN_POINT('Origin',(0.362,-0.183,-0.108110236220472));
#5547=CARTESIAN_POINT('Origin',(1.595,-0.183,0.108110236220472));
#5548=CARTESIAN_POINT('',(1.595,-0.193,0.108110236220472));
#5549=CARTESIAN_POINT('',(1.595,-0.183,0.118110236220472));
#5550=CARTESIAN_POINT('Origin',(1.595,-0.183,0.108110236220472));
#5551=CARTESIAN_POINT('',(1.605,-0.183,0.108110236220472));
#5552=CARTESIAN_POINT('Origin',(1.595,-0.183,0.108110236220472));
#5553=CARTESIAN_POINT('Origin',(1.595,-0.183,0.108110236220472));
#5554=CARTESIAN_POINT('Origin',(1.595,-0.183,0.));
#5555=CARTESIAN_POINT('',(1.595,-0.193,0.));
#5556=CARTESIAN_POINT('',(1.605,-0.183,0.));
#5557=CARTESIAN_POINT('Origin',(1.595,-0.148,0.108110236220472));
#5558=CARTESIAN_POINT('',(1.605,-0.148,0.108110236220472));
#5559=CARTESIAN_POINT('',(1.595,-0.148,0.118110236220472));
#5560=CARTESIAN_POINT('Origin',(1.595,-0.148,0.108110236220472));
#5561=CARTESIAN_POINT('',(1.595,-0.138,0.108110236220472));
#5562=CARTESIAN_POINT('Origin',(1.595,-0.148,0.108110236220472));
#5563=CARTESIAN_POINT('Origin',(1.595,-0.148,0.108110236220472));
#5564=CARTESIAN_POINT('Origin',(1.595,-0.148,0.));
#5565=CARTESIAN_POINT('',(1.605,-0.148,0.));
#5566=CARTESIAN_POINT('',(1.595,-0.138,0.));
#5567=CARTESIAN_POINT('Origin',(0.539,0.0569999999999995,-0.108110236220472));
#5568=CARTESIAN_POINT('',(0.539,0.0569999999999996,-0.118110236220472));
#5569=CARTESIAN_POINT('Origin',(0.539,0.0569999999999996,-0.108110236220472));
#5570=CARTESIAN_POINT('',(0.549,0.0569999999999996,-0.108110236220472));
#5571=CARTESIAN_POINT('Origin',(0.539,0.0569999999999995,-0.108110236220472));
#5572=CARTESIAN_POINT('Origin',(0.539,0.0569999999999995,-0.108110236220472));
#5573=CARTESIAN_POINT('Origin',(0.362,-0.183,0.108110236220472));
#5574=CARTESIAN_POINT('',(0.352,-0.183,0.108110236220472));
#5575=CARTESIAN_POINT('',(0.362,-0.183,0.118110236220472));
#5576=CARTESIAN_POINT('Origin',(0.362,-0.183,0.108110236220472));
#5577=CARTESIAN_POINT('',(0.362,-0.193,0.108110236220472));
#5578=CARTESIAN_POINT('Origin',(0.362,-0.183,0.108110236220472));
#5579=CARTESIAN_POINT('Origin',(0.362,-0.183,0.108110236220472));
#5580=CARTESIAN_POINT('Origin',(0.362,-0.183,0.));
#5581=CARTESIAN_POINT('',(0.352,-0.183,0.));
#5582=CARTESIAN_POINT('',(0.362,-0.193,0.));
#5583=CARTESIAN_POINT('Origin',(0.66525,-0.183,0.108110236220472));
#5584=CARTESIAN_POINT('',(0.66525,-0.183,0.118110236220472));
#5585=CARTESIAN_POINT('',(0.66525,-0.193,0.108110236220472));
#5586=CARTESIAN_POINT('Origin',(0.539,0.0569999999999995,0.108110236220472));
#5587=CARTESIAN_POINT('',(0.549,0.0569999999999996,0.108110236220472));
#5588=CARTESIAN_POINT('',(0.539,0.0569999999999996,0.118110236220472));
#5589=CARTESIAN_POINT('Origin',(0.539,0.0569999999999996,0.108110236220472));
#5590=CARTESIAN_POINT('Origin',(0.539,0.0569999999999995,0.108110236220472));
#5591=CARTESIAN_POINT('Origin',(0.539,0.0569999999999996,0.108110236220472));
#5592=CARTESIAN_POINT('Origin',(0.539,0.0569999999999995,0.));
#5593=CARTESIAN_POINT('',(0.549,0.0569999999999996,0.));
#5594=CARTESIAN_POINT('Origin',(0.362,0.0569999999999994,0.108110236220472));
#5595=CARTESIAN_POINT('',(0.362,0.0569999999999994,0.118110236220472));
#5596=CARTESIAN_POINT('Origin',(0.362,0.0569999999999994,0.108110236220472));
#5597=CARTESIAN_POINT('',(0.352,0.0569999999999994,0.108110236220472));
#5598=CARTESIAN_POINT('Origin',(0.362,0.0569999999999994,0.108110236220472));
#5599=CARTESIAN_POINT('Origin',(0.362,0.0569999999999994,0.108110236220472));
#5600=CARTESIAN_POINT('Origin',(0.362,0.0569999999999994,0.));
#5601=CARTESIAN_POINT('',(0.352,0.0569999999999994,0.));
#5602=CARTESIAN_POINT('Origin',(0.362,0.00199999999999968,0.108110236220472));
#5603=CARTESIAN_POINT('',(0.362,0.00199999999999968,0.118110236220472));
#5604=CARTESIAN_POINT('',(0.352,0.00199999999999969,0.108110236220472));
#5605=CARTESIAN_POINT('Origin',(0.76375,0.0569999999999998,0.108110236220472));
#5606=CARTESIAN_POINT('',(0.76375,0.0569999999999998,0.118110236220472));
#5607=CARTESIAN_POINT('Origin',(1.29175,-0.148,0.108110236220472));
#5608=CARTESIAN_POINT('',(0.574,-0.138,0.108110236220472));
#5609=CARTESIAN_POINT('',(0.574,-0.148,0.118110236220472));
#5610=CARTESIAN_POINT('Origin',(0.574,-0.148,0.108110236220472));
#5611=CARTESIAN_POINT('',(1.29175,-0.148,0.118110236220472));
#5612=CARTESIAN_POINT('',(1.29175,-0.138,0.108110236220472));
#5613=CARTESIAN_POINT('Origin',(0.574,-0.113,0.108110236220472));
#5614=CARTESIAN_POINT('',(0.549,-0.113,0.108110236220472));
#5615=CARTESIAN_POINT('',(0.539,-0.113,0.118110236220472));
#5616=CARTESIAN_POINT('Origin',(0.539,-0.113,0.108110236220472));
#5617=CARTESIAN_POINT('Origin',(0.574,-0.113,0.118110236220472));
#5618=CARTESIAN_POINT('Origin',(0.574,-0.113,0.108110236220472));
#5619=CARTESIAN_POINT('Origin',(0.539,-0.1005,0.108110236220472));
#5620=CARTESIAN_POINT('',(0.539,-0.1005,0.118110236220472));
#5621=CARTESIAN_POINT('',(0.549,-0.1005,0.108110236220472));
#5622=CARTESIAN_POINT('Origin',(0.539,-0.1005,-0.108110236220472));
#5623=CARTESIAN_POINT('',(0.549,-0.113,-0.108110236220472));
#5624=CARTESIAN_POINT('',(0.539,-0.113,-0.118110236220472));
#5625=CARTESIAN_POINT('Origin',(0.539,-0.113,-0.108110236220472));
#5626=CARTESIAN_POINT('',(0.539,-0.1005,-0.118110236220472));
#5627=CARTESIAN_POINT('',(0.549,-0.1005,-0.108110236220472));
#5628=CARTESIAN_POINT('Origin',(0.574,-0.113,-0.108110236220472));
#5629=CARTESIAN_POINT('',(0.574,-0.138,-0.108110236220472));
#5630=CARTESIAN_POINT('',(0.574,-0.148,-0.118110236220472));
#5631=CARTESIAN_POINT('Origin',(0.574,-0.148,-0.108110236220472));
#5632=CARTESIAN_POINT('Origin',(0.574,-0.113,-0.118110236220472));
#5633=CARTESIAN_POINT('Origin',(0.574,-0.113,-0.108110236220472));
#5634=CARTESIAN_POINT('Origin',(1.29175,-0.148,-0.108110236220472));
#5635=CARTESIAN_POINT('',(1.29175,-0.148,-0.118110236220472));
#5636=CARTESIAN_POINT('',(1.29175,-0.138,-0.108110236220472));
#5637=CARTESIAN_POINT('Origin',(0.76375,0.0569999999999998,-0.108110236220472));
#5638=CARTESIAN_POINT('',(0.76375,0.0569999999999998,-0.118110236220472));
#5639=CARTESIAN_POINT('Origin',(1.595,-0.128,0.108110236220472));
#5640=CARTESIAN_POINT('',(1.595,-0.128,0.118110236220472));
#5641=CARTESIAN_POINT('',(1.605,-0.128,0.108110236220472));
#5642=CARTESIAN_POINT('Origin',(0.362,0.00199999999999968,-0.108110236220472));
#5643=CARTESIAN_POINT('',(0.362,0.00199999999999968,-0.118110236220472));
#5644=CARTESIAN_POINT('',(0.352,0.00199999999999969,-0.108110236220472));
#5645=CARTESIAN_POINT('Origin',(0.66525,-0.183,-0.108110236220472));
#5646=CARTESIAN_POINT('',(0.66525,-0.183,-0.118110236220472));
#5647=CARTESIAN_POINT('',(0.66525,-0.193,-0.108110236220472));
#5648=CARTESIAN_POINT('Origin',(1.595,-0.128,-0.108110236220472));
#5649=CARTESIAN_POINT('',(1.595,-0.128,-0.118110236220472));
#5650=CARTESIAN_POINT('',(1.605,-0.128,-0.108110236220472));
#5651=CARTESIAN_POINT('Origin',(0.574,-0.113,0.));
#5652=CARTESIAN_POINT('',(0.549,-0.113,0.));
#5653=CARTESIAN_POINT('',(0.574,-0.138,0.));
#5654=CARTESIAN_POINT('Origin',(0.549,-0.138,0.));
#5655=CARTESIAN_POINT('Origin',(0.352,0.0669999999999994,0.));
#5656=CARTESIAN_POINT('Origin',(1.605,-0.193,0.));
#5657=CARTESIAN_POINT('Origin',(0.352,-0.193,0.));
#5658=CARTESIAN_POINT('Origin',(0.9785,-0.0630000000000002,0.118110236220472));
#5659=CARTESIAN_POINT('Origin',(0.9785,-0.0630000000000002,-0.118110236220472));
#5660=CARTESIAN_POINT('',(0.483000000523887,-0.00869286296349086,-0.118110236220472));
#5661=CARTESIAN_POINT('',(0.483000000523887,0.00805754154802111,-0.118110236220472));
#5662=CARTESIAN_POINT('',(0.483000000523887,-0.0358464314817455,-0.118110236220473));
#5663=CARTESIAN_POINT('',(0.479576175702352,0.0245972491474386,-0.118110236220472));
#5664=CARTESIAN_POINT('Ctrl Pts',(0.483000000523887,0.00805754154802111,
-0.118110236220472));
#5665=CARTESIAN_POINT('Ctrl Pts',(0.483000000523887,0.0136410097185251,
-0.118110236220472));
#5666=CARTESIAN_POINT('Ctrl Pts',(0.481788493279344,0.0211734243259031,
-0.118110236220472));
#5667=CARTESIAN_POINT('Ctrl Pts',(0.479576175702352,0.0245972491474386,
-0.118110236220472));
#5668=CARTESIAN_POINT('',(0.465354134135974,0.0319716410707458,-0.118110236220472));
#5669=CARTESIAN_POINT('Ctrl Pts',(0.479576175702352,0.0245972491474386,
-0.118110236220472));
#5670=CARTESIAN_POINT('Ctrl Pts',(0.47736385812536,0.0280210739689741,-0.118110236220472));
#5671=CARTESIAN_POINT('Ctrl Pts',(0.470463534254265,0.0319716410707458,
-0.118110236220472));
#5672=CARTESIAN_POINT('Ctrl Pts',(0.465354134135974,0.0319716410707458,
-0.118110236220472));
#5673=CARTESIAN_POINT('',(0.446286063591422,0.0184870386966983,-0.118110236220472));
#5674=CARTESIAN_POINT('Ctrl Pts',(0.465354134135974,0.0319716410707458,
-0.118110236220473));
#5675=CARTESIAN_POINT('Ctrl Pts',(0.458243113352785,0.0319716410707458,
-0.118110236220473));
#5676=CARTESIAN_POINT('Ctrl Pts',(0.448603729624462,0.0247025976034858,
-0.118110236220473));
#5677=CARTESIAN_POINT('Ctrl Pts',(0.446286063591422,0.0184870386966984,
-0.118110236220473));
#5678=CARTESIAN_POINT('',(0.418000003142737,0.0416110247990687,-0.118110236220472));
#5679=CARTESIAN_POINT('',(0.625757679704499,-0.128231843004682,-0.118110236220473));
#5680=CARTESIAN_POINT('',(0.418000003142737,0.0303914142300371,-0.118110236220472));
#5681=CARTESIAN_POINT('',(0.418000003142737,-0.0106944876004657,-0.118110236220473));
#5682=CARTESIAN_POINT('',(0.443863049102336,0.00984846530082426,-0.118110236220472));
#5683=CARTESIAN_POINT('',(0.61257886332832,-0.124162059237127,-0.118110236220473));
#5684=CARTESIAN_POINT('',(0.443863049102336,-5.42895676167668E-5,-0.118110236220472));
#5685=CARTESIAN_POINT('',(0.443863049102336,-0.026575767349588,-0.118110236220473));
#5686=CARTESIAN_POINT('',(0.418000003142737,-5.42895676167231E-5,-0.118110236220472));
#5687=CARTESIAN_POINT('',(0.711181524551168,-5.42895676172203E-5,-0.118110236220473));
#5688=CARTESIAN_POINT('',(0.418000003142737,-0.00869286296349082,-0.118110236220472));
#5689=CARTESIAN_POINT('',(0.418000003142737,-0.0315271447838085,-0.118110236220473));
#5690=CARTESIAN_POINT('',(0.698250001571369,-0.008692862963491,-0.118110236220473));
#5691=CARTESIAN_POINT('',(0.429008916799674,-0.139272274234051,-0.118110236220472));
#5692=CARTESIAN_POINT('',(0.483000000523887,-0.121257688249972,-0.118110236220472));
#5693=CARTESIAN_POINT('',(0.687681409868763,-0.052963988741731,-0.118110236220473));
#5694=CARTESIAN_POINT('',(0.483000000523887,-0.112461092170027,-0.118110236220472));
#5695=CARTESIAN_POINT('',(0.483000000523887,-0.0921288441249862,-0.118110236220473));
#5696=CARTESIAN_POINT('',(0.418000003142737,-0.134847639080067,-0.118110236220472));
#5697=CARTESIAN_POINT('',(0.712093041655266,-0.0335595180364489,-0.118110236220473));
#5698=CARTESIAN_POINT('',(0.418000003142737,-0.144170977440248,-0.118110236220472));
#5699=CARTESIAN_POINT('',(0.418000003142737,-0.0989238195400335,-0.118110236220473));
#5700=CARTESIAN_POINT('',(0.483000000523887,-0.166557524350288,-0.118110236220472));
#5701=CARTESIAN_POINT('',(0.656036770635107,-0.226152846309176,-0.118110236220472));
#5702=CARTESIAN_POINT('',(0.483000000523887,-0.15728686021813,-0.118110236220472));
#5703=CARTESIAN_POINT('',(0.483000000523887,-0.114778762175144,-0.118110236220473));
#5704=CARTESIAN_POINT('',(0.691777416249851,-0.22694722722133,-0.118110236220473));
#5705=CARTESIAN_POINT('',(0.474150730215919,-0.102979731125775,-0.118110236220472));
#5706=CARTESIAN_POINT('',(0.483210697435982,-0.0895478029797515,-0.118110236220472));
#5707=CARTESIAN_POINT('Ctrl Pts',(0.474150730215919,-0.102979731125775,
-0.118110236220472));
#5708=CARTESIAN_POINT('Ctrl Pts',(0.474150730215919,-0.0962901041667752,
-0.118110236220472));
#5709=CARTESIAN_POINT('Ctrl Pts',(0.47794327463362,-0.0899691968039405,
-0.118110236220472));
#5710=CARTESIAN_POINT('Ctrl Pts',(0.483210697435982,-0.0895478029797515,
-0.118110236220472));
#5711=CARTESIAN_POINT('',(0.483210697435982,-0.0828055017927278,-0.118110236220472));
#5712=CARTESIAN_POINT('',(0.483210697435982,-0.0762739014898759,-0.118110236220473));
#5713=CARTESIAN_POINT('',(0.424636955873713,-0.0828055017927278,-0.118110236220472));
#5714=CARTESIAN_POINT('',(0.730855348717991,-0.082805501792728,-0.118110236220473));
#5715=CARTESIAN_POINT('',(0.424636955873713,-0.0712698458555545,-0.118110236220472));
#5716=CARTESIAN_POINT('',(0.424636955873713,-0.072902750896364,-0.118110236220473));
#5717=CARTESIAN_POINT('',(0.418000003142737,-0.0712698458555545,-0.118110236220472));
#5718=CARTESIAN_POINT('',(0.701568477936857,-0.0712698458555545,-0.118110236220473));
#5719=CARTESIAN_POINT('',(0.418000003142737,-0.102979731125775,-0.118110236220472));
#5720=CARTESIAN_POINT('',(0.418000003142737,-0.0671349229277773,-0.118110236220473));
#5721=CARTESIAN_POINT('',(0.424636955873713,-0.102979731125775,-0.118110236220472));
#5722=CARTESIAN_POINT('',(0.698250001571369,-0.102979731125775,-0.118110236220473));
#5723=CARTESIAN_POINT('',(0.424636955873713,-0.0911807040484838,-0.118110236220472));
#5724=CARTESIAN_POINT('',(0.424636955873713,-0.0829898655628877,-0.118110236220473));
#5725=CARTESIAN_POINT('',(0.468198542449249,-0.0911807040484838,-0.118110236220472));
#5726=CARTESIAN_POINT('',(0.701568477936857,-0.0911807040484841,-0.118110236220473));
#5727=CARTESIAN_POINT('',(0.468198542449249,-0.102979731125775,-0.118110236220472));
#5728=CARTESIAN_POINT('',(0.46819854244925,-0.077090352024242,-0.118110236220473));
#5729=CARTESIAN_POINT('',(0.723349271224625,-0.102979731125775,-0.118110236220473));
#5730=CARTESIAN_POINT('',(0.467935171309131,-0.020123170444617,-0.118110236220472));
#5731=CARTESIAN_POINT('',(0.452606970954257,-0.030025925313058,-0.118110236220472));
#5732=CARTESIAN_POINT('Ctrl Pts',(0.467935171309131,-0.020123170444617,
-0.118110236220473));
#5733=CARTESIAN_POINT('Ctrl Pts',(0.463563210383171,-0.020123170444617,
-0.118110236220473));
#5734=CARTESIAN_POINT('Ctrl Pts',(0.455029985443344,-0.0252325705629084,
-0.118110236220473));
#5735=CARTESIAN_POINT('Ctrl Pts',(0.452606970954257,-0.030025925313058,
-0.118110236220473));
#5736=CARTESIAN_POINT('',(0.452343599814139,-0.030025925313058,-0.118110236220472));
#5737=CARTESIAN_POINT('',(0.715553485477128,-0.030025925313058,-0.118110236220473));
#5738=CARTESIAN_POINT('',(0.436119937582863,-0.0184902693758846,-0.118110236220472));
#5739=CARTESIAN_POINT('Ctrl Pts',(0.452343599814139,-0.030025925313058,
-0.118110236220473));
#5740=CARTESIAN_POINT('Ctrl Pts',(0.449709888412958,-0.0243371086865068,
-0.118110236220473));
#5741=CARTESIAN_POINT('Ctrl Pts',(0.442124799577556,-0.0184902693758847,
-0.118110236220473));
#5742=CARTESIAN_POINT('Ctrl Pts',(0.436119937582863,-0.0184902693758846,
-0.118110236220473));
#5743=CARTESIAN_POINT('',(0.416525124758076,-0.0396653090413809,-0.118110236220472));
#5744=CARTESIAN_POINT('Ctrl Pts',(0.436119937582863,-0.0184902693758846,
-0.118110236220473));
#5745=CARTESIAN_POINT('Ctrl Pts',(0.427797409555131,-0.0184902693758846,
-0.118110236220473));
#5746=CARTESIAN_POINT('Ctrl Pts',(0.416525124758076,-0.0306053418213178,
-0.118110236220473));
#5747=CARTESIAN_POINT('Ctrl Pts',(0.416525124758076,-0.0396653090413809,
-0.118110236220473));
#5748=CARTESIAN_POINT('',(0.42210859292858,-0.0552568805363732,-0.118110236220472));
#5749=CARTESIAN_POINT('Ctrl Pts',(0.416525124758076,-0.0396653090413809,
-0.118110236220472));
#5750=CARTESIAN_POINT('Ctrl Pts',(0.416525124758076,-0.0445113380195542,
-0.118110236220472));
#5751=CARTESIAN_POINT('Ctrl Pts',(0.419422207299375,-0.0524651464511212,
-0.118110236220472));
#5752=CARTESIAN_POINT('Ctrl Pts',(0.42210859292858,-0.0552568805363732,
-0.118110236220472));
#5753=CARTESIAN_POINT('',(0.435961914898792,-0.0608403487068772,-0.118110236220472));
#5754=CARTESIAN_POINT('Ctrl Pts',(0.42210859292858,-0.0552568805363732,
-0.118110236220472));
#5755=CARTESIAN_POINT('Ctrl Pts',(0.424742304329761,-0.0579959403936016,
-0.118110236220472));
#5756=CARTESIAN_POINT('Ctrl Pts',(0.431905999340973,-0.0608403487068772,
-0.118110236220472));
#5757=CARTESIAN_POINT('Ctrl Pts',(0.435961914898792,-0.0608403487068772,
-0.118110236220472));
#5758=CARTESIAN_POINT('',(0.452712319410304,-0.0498314350499401,-0.118110236220472));
#5759=CARTESIAN_POINT('Ctrl Pts',(0.435961914898792,-0.0608403487068772,
-0.118110236220472));
#5760=CARTESIAN_POINT('Ctrl Pts',(0.441229337701155,-0.0608403487068772,
-0.118110236220472));
#5761=CARTESIAN_POINT('Ctrl Pts',(0.450078608009123,-0.0552042063083496,
-0.118110236220472));
#5762=CARTESIAN_POINT('Ctrl Pts',(0.452712319410304,-0.0498314350499401,
-0.118110236220472));
#5763=CARTESIAN_POINT('',(0.452975690550422,-0.0498314350499401,-0.118110236220472));
#5764=CARTESIAN_POINT('',(0.715606159705152,-0.0498314350499401,-0.118110236220473));
#5765=CARTESIAN_POINT('',(0.467355754800871,-0.0592601218661686,-0.118110236220472));
#5766=CARTESIAN_POINT('Ctrl Pts',(0.452975690550422,-0.0498314350499401,
-0.118110236220472));
#5767=CARTESIAN_POINT('Ctrl Pts',(0.455767424635675,-0.0546247898000898,
-0.118110236220472));
#5768=CARTESIAN_POINT('Ctrl Pts',(0.462404377366651,-0.0592601218661686,
-0.118110236220472));
#5769=CARTESIAN_POINT('Ctrl Pts',(0.467355754800871,-0.0592601218661686,
-0.118110236220472));
#5770=CARTESIAN_POINT('',(0.484474878908549,-0.039665309041381,-0.118110236220472));
#5771=CARTESIAN_POINT('Ctrl Pts',(0.467355754800871,-0.0592601218661686,
-0.118110236220472));
#5772=CARTESIAN_POINT('Ctrl Pts',(0.474677472496155,-0.0592601218661686,
-0.118110236220472));
#5773=CARTESIAN_POINT('Ctrl Pts',(0.484474878908549,-0.0481985339812078,
-0.118110236220472));
#5774=CARTESIAN_POINT('Ctrl Pts',(0.484474878908549,-0.039665309041381,
-0.118110236220472));
#5775=CARTESIAN_POINT('Ctrl Pts',(0.484474878908549,-0.039665309041381,
-0.118110236220473));
#5776=CARTESIAN_POINT('Ctrl Pts',(0.484474878908549,-0.0308160387334124,
-0.118110236220473));
#5777=CARTESIAN_POINT('Ctrl Pts',(0.475204214776391,-0.020123170444617,
-0.118110236220473));
#5778=CARTESIAN_POINT('Ctrl Pts',(0.467935171309131,-0.020123170444617,
-0.118110236220473));
#5779=CARTESIAN_POINT('Origin',(0.0775,-0.073,0.0485));
#5780=CARTESIAN_POINT('',(0.168162748888668,-0.073,0.0585));
#5781=CARTESIAN_POINT('Origin',(0.168162748888668,-0.073,0.0485));
#5782=CARTESIAN_POINT('',(0.0775,-0.073,0.0585));
#5783=CARTESIAN_POINT('Origin',(0.168162748888668,-0.073,0.0885));
#5784=CARTESIAN_POINT('',(0.175378713650667,-0.073,0.059380764904387));
#5785=CARTESIAN_POINT('Origin',(0.177784035238001,-0.073,0.0496743532058493));
#5786=CARTESIAN_POINT('Origin',(0.168162748888668,-0.073,0.0885));
#5787=CARTESIAN_POINT('Origin',(0.185,-0.073,0.0205551181102362));
#5788=CARTESIAN_POINT('',(0.194621286349333,-0.073,0.059380764904387));
#5789=CARTESIAN_POINT('Origin',(0.192215964761999,-0.073,0.0496743532058493));
#5790=CARTESIAN_POINT('Origin',(0.185,-0.073,0.0205551181102362));
#5791=CARTESIAN_POINT('Origin',(0.201837251111332,-0.073,0.0885));
#5792=CARTESIAN_POINT('',(0.201837251111332,-0.073,0.0585));
#5793=CARTESIAN_POINT('Origin',(0.201837251111332,-0.073,0.0485));
#5794=CARTESIAN_POINT('Origin',(0.201837251111332,-0.073,0.0885));
#5795=CARTESIAN_POINT('Origin',(0.0775,-0.073,0.0485));
#5796=CARTESIAN_POINT('',(0.208162748888668,-0.073,0.0585));
#5797=CARTESIAN_POINT('Origin',(0.208162748888668,-0.073,0.0485));
#5798=CARTESIAN_POINT('',(0.0775,-0.073,0.0585));
#5799=CARTESIAN_POINT('Origin',(0.208162748888668,-0.073,0.0885));
#5800=CARTESIAN_POINT('',(0.215378713650667,-0.073,0.059380764904387));
#5801=CARTESIAN_POINT('Origin',(0.217784035238001,-0.073,0.0496743532058493));
#5802=CARTESIAN_POINT('Origin',(0.208162748888668,-0.073,0.0885));
#5803=CARTESIAN_POINT('Origin',(0.225,-0.073,0.0205551181102362));
#5804=CARTESIAN_POINT('',(0.234621286349333,-0.073,0.059380764904387));
#5805=CARTESIAN_POINT('Origin',(0.232215964761999,-0.073,0.0496743532058493));
#5806=CARTESIAN_POINT('Origin',(0.225,-0.073,0.0205551181102362));
#5807=CARTESIAN_POINT('Origin',(0.241837251111332,-0.073,0.0885));
#5808=CARTESIAN_POINT('',(0.241837251111332,-0.073,0.0585));
#5809=CARTESIAN_POINT('Origin',(0.241837251111332,-0.073,0.0485));
#5810=CARTESIAN_POINT('Origin',(0.241837251111332,-0.073,0.0885));
#5811=CARTESIAN_POINT('Origin',(0.0775,-0.073,0.0485));
#5812=CARTESIAN_POINT('',(0.248162748888668,-0.073,0.0585));
#5813=CARTESIAN_POINT('Origin',(0.248162748888668,-0.073,0.0485));
#5814=CARTESIAN_POINT('',(0.0775,-0.073,0.0585));
#5815=CARTESIAN_POINT('Origin',(0.248162748888668,-0.073,0.0885));
#5816=CARTESIAN_POINT('',(0.255378713650667,-0.073,0.059380764904387));
#5817=CARTESIAN_POINT('Origin',(0.257784035238001,-0.073,0.0496743532058493));
#5818=CARTESIAN_POINT('Origin',(0.248162748888668,-0.073,0.0885));
#5819=CARTESIAN_POINT('Origin',(0.265,-0.073,0.0205551181102362));
#5820=CARTESIAN_POINT('',(0.274621286349333,-0.073,0.059380764904387));
#5821=CARTESIAN_POINT('Origin',(0.272215964761999,-0.073,0.0496743532058493));
#5822=CARTESIAN_POINT('Origin',(0.265,-0.073,0.0205551181102362));
#5823=CARTESIAN_POINT('Origin',(0.281837251111332,-0.073,0.0885));
#5824=CARTESIAN_POINT('',(0.281837251111332,-0.073,0.0585));
#5825=CARTESIAN_POINT('Origin',(0.281837251111332,-0.073,0.0485));
#5826=CARTESIAN_POINT('Origin',(0.281837251111332,-0.073,0.0885));
#5827=CARTESIAN_POINT('Origin',(0.0775,-0.073,0.0485));
#5828=CARTESIAN_POINT('',(0.288162748888668,-0.073,0.0585));
#5829=CARTESIAN_POINT('Origin',(0.288162748888668,-0.073,0.0485));
#5830=CARTESIAN_POINT('',(0.0775,-0.073,0.0585));
#5831=CARTESIAN_POINT('Origin',(0.288162748888668,-0.073,0.0885));
#5832=CARTESIAN_POINT('',(0.295378713650667,-0.073,0.059380764904387));
#5833=CARTESIAN_POINT('Origin',(0.297784035238001,-0.073,0.0496743532058493));
#5834=CARTESIAN_POINT('Origin',(0.288162748888668,-0.073,0.0885));
#5835=CARTESIAN_POINT('Origin',(0.305,-0.073,0.0205551181102362));
#5836=CARTESIAN_POINT('',(0.314621286349333,-0.073,0.059380764904387));
#5837=CARTESIAN_POINT('Origin',(0.312215964761999,-0.073,0.0496743532058493));
#5838=CARTESIAN_POINT('Origin',(0.305,-0.073,0.0205551181102362));
#5839=CARTESIAN_POINT('Origin',(0.321837251111332,-0.073,0.0885));
#5840=CARTESIAN_POINT('Origin',(0.321837251111332,-0.073,0.0885));
#5841=CARTESIAN_POINT('Origin',(0.0775,-0.073,-0.0485));
#5842=CARTESIAN_POINT('',(0.168162748888668,-0.073,-0.0585));
#5843=CARTESIAN_POINT('Origin',(0.168162748888668,-0.073,-0.0485));
#5844=CARTESIAN_POINT('',(0.0775,-0.073,-0.0585));
#5845=CARTESIAN_POINT('Origin',(0.168162748888668,-0.073,-0.0885));
#5846=CARTESIAN_POINT('',(0.175378713650667,-0.073,-0.059380764904387));
#5847=CARTESIAN_POINT('Origin',(0.177784035238001,-0.073,-0.0496743532058493));
#5848=CARTESIAN_POINT('Origin',(0.168162748888668,-0.073,-0.0885));
#5849=CARTESIAN_POINT('Origin',(0.185,-0.073,-0.0205551181102362));
#5850=CARTESIAN_POINT('',(0.194621286349333,-0.073,-0.059380764904387));
#5851=CARTESIAN_POINT('Origin',(0.192215964761999,-0.073,-0.0496743532058493));
#5852=CARTESIAN_POINT('Origin',(0.185,-0.073,-0.0205551181102362));
#5853=CARTESIAN_POINT('Origin',(0.201837251111332,-0.073,-0.0885));
#5854=CARTESIAN_POINT('',(0.201837251111332,-0.073,-0.0585));
#5855=CARTESIAN_POINT('Origin',(0.201837251111332,-0.073,-0.0485));
#5856=CARTESIAN_POINT('Origin',(0.201837251111332,-0.073,-0.0885));
#5857=CARTESIAN_POINT('Origin',(0.0775,-0.073,-0.0485));
#5858=CARTESIAN_POINT('',(0.208162748888668,-0.073,-0.0585));
#5859=CARTESIAN_POINT('Origin',(0.208162748888668,-0.073,-0.0485));
#5860=CARTESIAN_POINT('',(0.0775,-0.073,-0.0585));
#5861=CARTESIAN_POINT('Origin',(0.208162748888668,-0.073,-0.0885));
#5862=CARTESIAN_POINT('',(0.215378713650667,-0.073,-0.059380764904387));
#5863=CARTESIAN_POINT('Origin',(0.217784035238001,-0.073,-0.0496743532058493));
#5864=CARTESIAN_POINT('Origin',(0.208162748888668,-0.073,-0.0885));
#5865=CARTESIAN_POINT('Origin',(0.225,-0.073,-0.0205551181102362));
#5866=CARTESIAN_POINT('',(0.234621286349333,-0.073,-0.059380764904387));
#5867=CARTESIAN_POINT('Origin',(0.232215964761999,-0.073,-0.0496743532058493));
#5868=CARTESIAN_POINT('Origin',(0.225,-0.073,-0.0205551181102362));
#5869=CARTESIAN_POINT('Origin',(0.241837251111332,-0.073,-0.0885));
#5870=CARTESIAN_POINT('',(0.241837251111332,-0.073,-0.0585));
#5871=CARTESIAN_POINT('Origin',(0.241837251111332,-0.073,-0.0485));
#5872=CARTESIAN_POINT('Origin',(0.241837251111332,-0.073,-0.0885));
#5873=CARTESIAN_POINT('Origin',(0.0775,-0.073,-0.0485));
#5874=CARTESIAN_POINT('',(0.248162748888668,-0.073,-0.0585));
#5875=CARTESIAN_POINT('Origin',(0.248162748888668,-0.073,-0.0485));
#5876=CARTESIAN_POINT('',(0.0775,-0.073,-0.0585));
#5877=CARTESIAN_POINT('Origin',(0.248162748888668,-0.073,-0.0885));
#5878=CARTESIAN_POINT('',(0.255378713650667,-0.073,-0.059380764904387));
#5879=CARTESIAN_POINT('Origin',(0.257784035238001,-0.073,-0.0496743532058493));
#5880=CARTESIAN_POINT('Origin',(0.248162748888668,-0.073,-0.0885));
#5881=CARTESIAN_POINT('Origin',(0.265,-0.073,-0.0205551181102362));
#5882=CARTESIAN_POINT('',(0.274621286349333,-0.073,-0.059380764904387));
#5883=CARTESIAN_POINT('Origin',(0.272215964761999,-0.073,-0.0496743532058493));
#5884=CARTESIAN_POINT('Origin',(0.265,-0.073,-0.0205551181102362));
#5885=CARTESIAN_POINT('Origin',(0.281837251111332,-0.073,-0.0885));
#5886=CARTESIAN_POINT('',(0.281837251111332,-0.073,-0.0585));
#5887=CARTESIAN_POINT('Origin',(0.281837251111332,-0.073,-0.0485));
#5888=CARTESIAN_POINT('Origin',(0.281837251111332,-0.073,-0.0885));
#5889=CARTESIAN_POINT('Origin',(0.0775,-0.073,-0.0485));
#5890=CARTESIAN_POINT('',(0.288162748888668,-0.073,-0.0585));
#5891=CARTESIAN_POINT('Origin',(0.288162748888668,-0.073,-0.0485));
#5892=CARTESIAN_POINT('',(0.0775,-0.073,-0.0585));
#5893=CARTESIAN_POINT('Origin',(0.288162748888668,-0.073,-0.0885));
#5894=CARTESIAN_POINT('',(0.295378713650667,-0.073,-0.059380764904387));
#5895=CARTESIAN_POINT('Origin',(0.297784035238001,-0.073,-0.0496743532058493));
#5896=CARTESIAN_POINT('Origin',(0.288162748888668,-0.073,-0.0885));
#5897=CARTESIAN_POINT('Origin',(0.305,-0.073,-0.0205551181102362));
#5898=CARTESIAN_POINT('',(0.314621286349333,-0.073,-0.059380764904387));
#5899=CARTESIAN_POINT('Origin',(0.312215964761999,-0.073,-0.0496743532058493));
#5900=CARTESIAN_POINT('Origin',(0.305,-0.073,-0.0205551181102362));
#5901=CARTESIAN_POINT('Origin',(0.321837251111332,-0.073,-0.0885));
#5902=CARTESIAN_POINT('',(0.321837251111332,-0.073,-0.0585));
#5903=CARTESIAN_POINT('Origin',(0.321837251111332,-0.073,-0.0485));
#5904=CARTESIAN_POINT('Origin',(0.321837251111332,-0.073,-0.0885));
#5905=CARTESIAN_POINT('Origin',(0.0775,-0.073,-0.0485));
#5906=CARTESIAN_POINT('',(0.0775,-0.073,-0.0585));
#5907=CARTESIAN_POINT('Origin',(0.155,-0.083,-0.0585));
#5908=CARTESIAN_POINT('',(0.321837251111332,0.0948672670987049,-0.0585));
#5909=CARTESIAN_POINT('',(0.321837251111332,-0.083,-0.0585));
#5910=CARTESIAN_POINT('',(0.155,0.0948672670987049,-0.0585));
#5911=CARTESIAN_POINT('Origin',(0.321837251111332,-0.083,-0.0885));
#5912=CARTESIAN_POINT('',(0.314621286349333,0.0948672670987049,-0.0593807649043869));
#5913=CARTESIAN_POINT('',(0.314621286349333,-0.083,-0.059380764904387));
#5914=CARTESIAN_POINT('Origin',(0.321837251111332,0.0948672670987049,-0.0885));
#5915=CARTESIAN_POINT('Origin',(0.305,-0.083,-0.0205551181102362));
#5916=CARTESIAN_POINT('',(0.295378713650667,0.0948672670987049,-0.0593807649043869));
#5917=CARTESIAN_POINT('',(0.295378713650667,-0.083,-0.059380764904387));
#5918=CARTESIAN_POINT('Origin',(0.305,0.0948672670987049,-0.0205551181102362));
#5919=CARTESIAN_POINT('Origin',(0.288162748888668,-0.083,-0.0885));
#5920=CARTESIAN_POINT('',(0.288162748888668,0.0948672670987049,-0.0585));
#5921=CARTESIAN_POINT('',(0.288162748888668,-0.083,-0.0585));
#5922=CARTESIAN_POINT('Origin',(0.288162748888668,0.0948672670987049,-0.0885));
#5923=CARTESIAN_POINT('Origin',(0.155,-0.083,-0.0585));
#5924=CARTESIAN_POINT('',(0.281837251111332,0.0948672670987049,-0.0585));
#5925=CARTESIAN_POINT('',(0.281837251111332,-0.083,-0.0585));
#5926=CARTESIAN_POINT('',(0.155,0.0948672670987049,-0.0585));
#5927=CARTESIAN_POINT('Origin',(0.281837251111332,-0.083,-0.0885));
#5928=CARTESIAN_POINT('',(0.274621286349333,0.0948672670987049,-0.0593807649043869));
#5929=CARTESIAN_POINT('',(0.274621286349333,-0.083,-0.059380764904387));
#5930=CARTESIAN_POINT('Origin',(0.281837251111332,0.0948672670987049,-0.0885));
#5931=CARTESIAN_POINT('Origin',(0.265,-0.083,-0.0205551181102362));
#5932=CARTESIAN_POINT('',(0.255378713650667,0.0948672670987049,-0.0593807649043869));
#5933=CARTESIAN_POINT('',(0.255378713650667,-0.083,-0.059380764904387));
#5934=CARTESIAN_POINT('Origin',(0.265,0.0948672670987049,-0.0205551181102362));
#5935=CARTESIAN_POINT('Origin',(0.248162748888668,-0.083,-0.0885));
#5936=CARTESIAN_POINT('',(0.248162748888668,0.0948672670987049,-0.0585));
#5937=CARTESIAN_POINT('',(0.248162748888668,-0.083,-0.0585));
#5938=CARTESIAN_POINT('Origin',(0.248162748888668,0.0948672670987049,-0.0885));
#5939=CARTESIAN_POINT('Origin',(0.155,-0.083,-0.0585));
#5940=CARTESIAN_POINT('',(0.241837251111332,0.0948672670987049,-0.0585));
#5941=CARTESIAN_POINT('',(0.241837251111332,-0.083,-0.0585));
#5942=CARTESIAN_POINT('',(0.155,0.0948672670987049,-0.0585));
#5943=CARTESIAN_POINT('Origin',(0.241837251111332,-0.083,-0.0885));
#5944=CARTESIAN_POINT('',(0.234621286349333,0.0948672670987049,-0.0593807649043869));
#5945=CARTESIAN_POINT('',(0.234621286349333,-0.083,-0.059380764904387));
#5946=CARTESIAN_POINT('Origin',(0.241837251111332,0.0948672670987049,-0.0885));
#5947=CARTESIAN_POINT('Origin',(0.225,-0.083,-0.0205551181102362));
#5948=CARTESIAN_POINT('',(0.215378713650667,0.0948672670987049,-0.0593807649043869));
#5949=CARTESIAN_POINT('',(0.215378713650667,-0.083,-0.059380764904387));
#5950=CARTESIAN_POINT('Origin',(0.225,0.0948672670987049,-0.0205551181102362));
#5951=CARTESIAN_POINT('Origin',(0.208162748888668,-0.083,-0.0885));
#5952=CARTESIAN_POINT('',(0.208162748888668,0.0948672670987049,-0.0585));
#5953=CARTESIAN_POINT('',(0.208162748888668,-0.083,-0.0585));
#5954=CARTESIAN_POINT('Origin',(0.208162748888668,0.0948672670987049,-0.0885));
#5955=CARTESIAN_POINT('Origin',(0.155,-0.083,-0.0585));
#5956=CARTESIAN_POINT('',(0.201837251111332,0.0948672670987049,-0.0585));
#5957=CARTESIAN_POINT('',(0.201837251111332,-0.083,-0.0585));
#5958=CARTESIAN_POINT('',(0.155,0.0948672670987049,-0.0585));
#5959=CARTESIAN_POINT('Origin',(0.201837251111332,-0.083,-0.0885));
#5960=CARTESIAN_POINT('',(0.194621286349333,0.0948672670987049,-0.059380764904387));
#5961=CARTESIAN_POINT('',(0.194621286349333,-0.083,-0.059380764904387));
#5962=CARTESIAN_POINT('Origin',(0.201837251111332,0.0948672670987049,-0.0885));
#5963=CARTESIAN_POINT('Origin',(0.185,-0.083,-0.0205551181102362));
#5964=CARTESIAN_POINT('',(0.175378713650667,0.0948672670987049,-0.059380764904387));
#5965=CARTESIAN_POINT('',(0.175378713650667,-0.083,-0.059380764904387));
#5966=CARTESIAN_POINT('Origin',(0.185,0.0948672670987049,-0.0205551181102362));
#5967=CARTESIAN_POINT('Origin',(0.168162748888668,-0.083,-0.0885));
#5968=CARTESIAN_POINT('',(0.168162748888668,0.0948672670987049,-0.0585));
#5969=CARTESIAN_POINT('',(0.168162748888668,-0.083,-0.0585));
#5970=CARTESIAN_POINT('Origin',(0.168162748888668,0.0948672670987049,-0.0885));
#5971=CARTESIAN_POINT('Origin',(0.155,-0.083,-0.0585));
#5972=CARTESIAN_POINT('',(0.155,0.0948672670987049,-0.0585));
#5973=CARTESIAN_POINT('',(0.155,-0.02375,-0.0585));
#5974=CARTESIAN_POINT('',(0.155,0.0948672670987049,-0.0585));
#5975=CARTESIAN_POINT('Origin',(0.00500000000000004,5.51091059616313E-18,
0.));
#5976=CARTESIAN_POINT('',(0.01,0.0590551181102362,7.23216613669697E-18));
#5977=CARTESIAN_POINT('',(0.00500000000000002,0.0640551181102362,-7.84448953627065E-18));
#5978=CARTESIAN_POINT('',(0.0100000000000001,-0.0590551181102362,7.23216613669697E-18));
#5979=CARTESIAN_POINT('Origin',(0.0100000000000001,5.51091059616313E-18,
0.));
#5980=CARTESIAN_POINT('Origin',(0.0100000000000001,5.51091059616313E-18,
0.));
#5981=CARTESIAN_POINT('Origin',(0.0480669291338582,2.648925490888E-17,0.));
#5982=CARTESIAN_POINT('',(0.0961338582677164,0.0590551181102362,0.));
#5983=CARTESIAN_POINT('',(0.0961338582677165,-0.0590551181102362,7.23216613669697E-18));
#5984=CARTESIAN_POINT('Origin',(0.0961338582677164,5.29785098177599E-17,
0.));
#5985=CARTESIAN_POINT('Origin',(0.0961338582677164,5.29785098177599E-17,
0.));
#5986=CARTESIAN_POINT('',(0.0480669291338583,-0.0590551181102362,7.23216613669697E-18));
#5987=CARTESIAN_POINT('Ctrl Pts',(0.367970635291189,0.120904527874259,-0.0953839354372763));
#5988=CARTESIAN_POINT('Ctrl Pts',(0.358647318359462,0.139107813544847,-0.0723102422658522));
#5989=CARTESIAN_POINT('Ctrl Pts',(0.344942523810324,0.165865703688612,-0.0059513522916649));
#5990=CARTESIAN_POINT('Ctrl Pts',(0.355539546048886,0.145175575435043,0.0646190112087102));
#5991=CARTESIAN_POINT('Ctrl Pts',(0.367970635291189,0.12090452787426,0.0953839354372757));
#5992=CARTESIAN_POINT('Ctrl Pts',(0.377214912465941,0.123880271562608,-0.0916120121667045));
#5993=CARTESIAN_POINT('Ctrl Pts',(0.367585098793507,0.140541164794207,-0.0689993918243282));
#5994=CARTESIAN_POINT('Ctrl Pts',(0.353508057137651,0.164681800041508,-0.00556110911211975));
#5995=CARTESIAN_POINT('Ctrl Pts',(0.364375160902695,0.146094795871407,0.0614618517102021));
#5996=CARTESIAN_POINT('Ctrl Pts',(0.377214912465941,0.123880271562608,0.0916120121667039));
#5997=CARTESIAN_POINT('Ctrl Pts',(0.395691966512665,0.125470528153371,-0.0806351187613216));
#5998=CARTESIAN_POINT('Ctrl Pts',(0.385460450851286,0.139164813690821,-0.0603967379373741));
#5999=CARTESIAN_POINT('Ctrl Pts',(0.3706341521505,0.158826780660868,-0.00478111757268755));
#6000=CARTESIAN_POINT('Ctrl Pts',(0.382049945630827,0.143729575536637,0.0536506109960578));
#6001=CARTESIAN_POINT('Ctrl Pts',(0.395691966512665,0.125470528153371,0.0806351187613211));
#6002=CARTESIAN_POINT('Ctrl Pts',(0.409268187458388,0.117925791114528,-0.0656957145245131));
#6003=CARTESIAN_POINT('Ctrl Pts',(0.399390687588922,0.129684636450126,-0.0495553037370522));
#6004=CARTESIAN_POINT('Ctrl Pts',(0.384991921363242,0.146858259904246,-0.00401436378440395));
#6005=CARTESIAN_POINT('Ctrl Pts',(0.396098187632433,0.133604251561992,0.044175166807898));
#6006=CARTESIAN_POINT('Ctrl Pts',(0.409268187458388,0.117925791114528,0.0656957145245127));
#6007=CARTESIAN_POINT('Ctrl Pts',(0.413933301878328,0.112366124244701,-0.0582213631889868));
#6008=CARTESIAN_POINT('Ctrl Pts',(0.4046099849466,0.123477220692982,-0.0441374206038319));
#6009=CARTESIAN_POINT('Ctrl Pts',(0.390905190397462,0.139809958832683,-0.00363264360660065));
#6010=CARTESIAN_POINT('Ctrl Pts',(0.401502212636025,0.127180919509076,0.0394427730754465));
#6011=CARTESIAN_POINT('Ctrl Pts',(0.413933301878328,0.112366124244701,0.0582213631889865));
#6012=CARTESIAN_POINT('Origin',(0.9785,-0.0630000000000002,-0.103110236220472));
#6013=CARTESIAN_POINT('',(0.42210859292858,-0.0552568805363732,-0.103110236220472));
#6014=CARTESIAN_POINT('',(0.435961914898792,-0.0608403487068772,-0.103110236220472));
#6015=CARTESIAN_POINT('Ctrl Pts',(0.42210859292858,-0.0552568805363732,
-0.103110236220472));
#6016=CARTESIAN_POINT('Ctrl Pts',(0.423864400529367,-0.0570829204411921,
-0.103110236220472));
#6017=CARTESIAN_POINT('Ctrl Pts',(0.425936253498296,-0.0584700084458142,
-0.103110236220472));
#6018=CARTESIAN_POINT('Ctrl Pts',(0.428324151835367,-0.0594181445502394,
-0.103110236220472));
#6019=CARTESIAN_POINT('Ctrl Pts',(0.430712050172438,-0.0603662806546646,
-0.103110236220472));
#6020=CARTESIAN_POINT('Ctrl Pts',(0.43325797119358,-0.0608403487068772,
-0.103110236220472));
#6021=CARTESIAN_POINT('Ctrl Pts',(0.435961914898792,-0.0608403487068772,
-0.103110236220472));
#6022=CARTESIAN_POINT('',(0.416525124758076,-0.0396653090413809,-0.103110236220472));
#6023=CARTESIAN_POINT('Ctrl Pts',(0.416525124758076,-0.0396653090413809,
-0.103110236220472));
#6024=CARTESIAN_POINT('Ctrl Pts',(0.416525124758076,-0.0428959950268298,
-0.103110236220472));
#6025=CARTESIAN_POINT('Ctrl Pts',(0.417007971848292,-0.0458369727581487,
-0.103110236220472));
#6026=CARTESIAN_POINT('Ctrl Pts',(0.417973666028725,-0.0484882422353377,
-0.103110236220472));
#6027=CARTESIAN_POINT('Ctrl Pts',(0.418939360209158,-0.0511395117125267,
-0.103110236220472));
#6028=CARTESIAN_POINT('Ctrl Pts',(0.420317669175777,-0.0533957244795385,
-0.103110236220472));
#6029=CARTESIAN_POINT('Ctrl Pts',(0.42210859292858,-0.0552568805363732,
-0.103110236220472));
#6030=CARTESIAN_POINT('',(0.436119937582863,-0.0184902693758846,-0.103110236220472));
#6031=CARTESIAN_POINT('Ctrl Pts',(0.436119937582863,-0.0184902693758846,
-0.103110236220472));
#6032=CARTESIAN_POINT('Ctrl Pts',(0.430571585564375,-0.0184902693758846,
-0.103110236220472));
#6033=CARTESIAN_POINT('Ctrl Pts',(0.425918695422288,-0.0205094481167902,
-0.103110236220472));
#6034=CARTESIAN_POINT('Ctrl Pts',(0.422161267156603,-0.0245478055986012,
-0.103110236220472));
#6035=CARTESIAN_POINT('Ctrl Pts',(0.418403838890918,-0.0285861630804123,
-0.103110236220472));
#6036=CARTESIAN_POINT('Ctrl Pts',(0.416525124758076,-0.0336253308946722,
-0.103110236220472));
#6037=CARTESIAN_POINT('Ctrl Pts',(0.416525124758076,-0.0396653090413809,
-0.103110236220472));
#6038=CARTESIAN_POINT('',(0.452343599814139,-0.030025925313058,-0.103110236220472));
#6039=CARTESIAN_POINT('Ctrl Pts',(0.452343599814139,-0.030025925313058,
-0.103110236220472));
#6040=CARTESIAN_POINT('Ctrl Pts',(0.450587792213352,-0.0262333808953572,
-0.103110236220472));
#6041=CARTESIAN_POINT('Ctrl Pts',(0.448445706940391,-0.0233626354680698,
-0.103110236220472));
#6042=CARTESIAN_POINT('Ctrl Pts',(0.445917343995257,-0.0214136890311957,
-0.103110236220472));
#6043=CARTESIAN_POINT('Ctrl Pts',(0.443388981050123,-0.0194647425943217,
-0.103110236220472));
#6044=CARTESIAN_POINT('Ctrl Pts',(0.440123178912659,-0.0184902693758847,
-0.103110236220472));
#6045=CARTESIAN_POINT('Ctrl Pts',(0.436119937582863,-0.0184902693758846,
-0.103110236220472));
#6046=CARTESIAN_POINT('',(0.452606970954257,-0.030025925313058,-0.103110236220472));
#6047=CARTESIAN_POINT('',(0.715553485477128,-0.030025925313058,-0.103110236220472));
#6048=CARTESIAN_POINT('',(0.467935171309131,-0.020123170444617,-0.103110236220472));
#6049=CARTESIAN_POINT('Ctrl Pts',(0.467935171309131,-0.020123170444617,
-0.103110236220472));
#6050=CARTESIAN_POINT('Ctrl Pts',(0.465020530691824,-0.020123170444617,
-0.103110236220472));
#6051=CARTESIAN_POINT('Ctrl Pts',(0.462141006226533,-0.0209747371309989,
-0.103110236220472));
#6052=CARTESIAN_POINT('Ctrl Pts',(0.459296597913257,-0.0226778705037627,
-0.103110236220472));
#6053=CARTESIAN_POINT('Ctrl Pts',(0.456452189599982,-0.0243810038765265,
-0.103110236220472));
#6054=CARTESIAN_POINT('Ctrl Pts',(0.454222313946982,-0.0268303554796249,
-0.103110236220472));
#6055=CARTESIAN_POINT('Ctrl Pts',(0.452606970954257,-0.030025925313058,
-0.103110236220472));
#6056=CARTESIAN_POINT('',(0.484474878908549,-0.039665309041381,-0.103110236220472));
#6057=CARTESIAN_POINT('Ctrl Pts',(0.484474878908549,-0.039665309041381,
-0.103110236220472));
#6058=CARTESIAN_POINT('Ctrl Pts',(0.484474878908549,-0.0337657955027352,
-0.103110236220472));
#6059=CARTESIAN_POINT('Ctrl Pts',(0.482929768219856,-0.0290338940186131,
-0.103110236220472));
#6060=CARTESIAN_POINT('Ctrl Pts',(0.47983954684247,-0.0254696045890147,
-0.103110236220472));
#6061=CARTESIAN_POINT('Ctrl Pts',(0.476749325465084,-0.0219053151594162,
-0.103110236220472));
#6062=CARTESIAN_POINT('Ctrl Pts',(0.472781200287305,-0.020123170444617,
-0.103110236220472));
#6063=CARTESIAN_POINT('Ctrl Pts',(0.467935171309131,-0.020123170444617,
-0.103110236220472));
#6064=CARTESIAN_POINT('',(0.467355754800871,-0.0592601218661686,-0.103110236220472));
#6065=CARTESIAN_POINT('Ctrl Pts',(0.467355754800871,-0.0592601218661686,
-0.103110236220472));
#6066=CARTESIAN_POINT('Ctrl Pts',(0.47223689993106,-0.0592601218661686,
-0.103110236220472));
#6067=CARTESIAN_POINT('Ctrl Pts',(0.476310373564887,-0.0574165238853418,
-0.103110236220472));
#6068=CARTESIAN_POINT('Ctrl Pts',(0.479576175702352,-0.0537293279236882,
-0.103110236220472));
#6069=CARTESIAN_POINT('Ctrl Pts',(0.482841977839817,-0.0500421319620346,
-0.103110236220472));
#6070=CARTESIAN_POINT('Ctrl Pts',(0.484474878908549,-0.0453541256679322,
-0.103110236220472));
#6071=CARTESIAN_POINT('Ctrl Pts',(0.484474878908549,-0.039665309041381,
-0.103110236220472));
#6072=CARTESIAN_POINT('',(0.452975690550422,-0.0498314350499401,-0.103110236220472));
#6073=CARTESIAN_POINT('Ctrl Pts',(0.452975690550422,-0.0498314350499401,
-0.103110236220472));
#6074=CARTESIAN_POINT('Ctrl Pts',(0.454836846607257,-0.0530270048833732,
-0.103110236220472));
#6075=CARTESIAN_POINT('Ctrl Pts',(0.456873583424171,-0.0553973451444362,
-0.103110236220472));
#6076=CARTESIAN_POINT('Ctrl Pts',(0.459085901001163,-0.0569424558331292,
-0.103110236220472));
#6077=CARTESIAN_POINT('Ctrl Pts',(0.461298218578155,-0.0584875665218221,
-0.103110236220472));
#6078=CARTESIAN_POINT('Ctrl Pts',(0.464054836511391,-0.0592601218661686,
-0.103110236220472));
#6079=CARTESIAN_POINT('Ctrl Pts',(0.467355754800871,-0.0592601218661686,
-0.103110236220472));
#6080=CARTESIAN_POINT('',(0.452712319410304,-0.0498314350499401,-0.103110236220472));
#6081=CARTESIAN_POINT('',(0.715606159705152,-0.0498314350499401,-0.103110236220472));
#6082=CARTESIAN_POINT('Ctrl Pts',(0.435961914898792,-0.0608403487068772,
-0.103110236220472));
#6083=CARTESIAN_POINT('Ctrl Pts',(0.439473530100367,-0.0608403487068772,
-0.103110236220472));
#6084=CARTESIAN_POINT('Ctrl Pts',(0.442704216085816,-0.0599009916404559,
-0.103110236220472));
#6085=CARTESIAN_POINT('Ctrl Pts',(0.445653972855139,-0.0580222775076134,
-0.103110236220472));
#6086=CARTESIAN_POINT('Ctrl Pts',(0.448603729624462,-0.0561435633747709,
-0.103110236220472));
#6087=CARTESIAN_POINT('Ctrl Pts',(0.450956511809517,-0.0534132825555465,
-0.103110236220472));
#6088=CARTESIAN_POINT('Ctrl Pts',(0.452712319410304,-0.0498314350499401,
-0.103110236220472));
#6089=CARTESIAN_POINT('',(0.423004054804981,-0.0395599605853337,-0.103110236220472));
#6090=CARTESIAN_POINT('',(0.435277149934485,-0.0274448881399005,-0.103110236220472));
#6091=CARTESIAN_POINT('Ctrl Pts',(0.423004054804981,-0.0395599605853337,
-0.103110236220472));
#6092=CARTESIAN_POINT('Ctrl Pts',(0.423004054804981,-0.0359078807756958,
-0.103110236220472));
#6093=CARTESIAN_POINT('Ctrl Pts',(0.424101434555473,-0.0329756820823809,
-0.103110236220472));
#6094=CARTESIAN_POINT('Ctrl Pts',(0.426296194056458,-0.0307633645053887,
-0.103110236220472));
#6095=CARTESIAN_POINT('Ctrl Pts',(0.428490953557442,-0.0285510469283965,
-0.103110236220472));
#6096=CARTESIAN_POINT('Ctrl Pts',(0.431484605516784,-0.0274448881399005,
-0.103110236220472));
#6097=CARTESIAN_POINT('Ctrl Pts',(0.435277149934485,-0.0274448881399005,
-0.103110236220472));
#6098=CARTESIAN_POINT('',(0.436594005635076,-0.0520437526269322,-0.103110236220472));
#6099=CARTESIAN_POINT('Ctrl Pts',(0.436594005635076,-0.0520437526269322,
-0.103110236220472));
#6100=CARTESIAN_POINT('Ctrl Pts',(0.432660996609312,-0.0520437526269322,
-0.103110236220472));
#6101=CARTESIAN_POINT('Ctrl Pts',(0.429412752547855,-0.0508585824964007,
-0.103110236220472));
#6102=CARTESIAN_POINT('Ctrl Pts',(0.426849273450706,-0.0484882422353377,
-0.103110236220472));
#6103=CARTESIAN_POINT('Ctrl Pts',(0.424285794353556,-0.0461179019742747,
-0.103110236220472));
#6104=CARTESIAN_POINT('Ctrl Pts',(0.423004054804981,-0.04314180809094,-0.103110236220472));
#6105=CARTESIAN_POINT('Ctrl Pts',(0.423004054804981,-0.0395599605853337,
-0.103110236220472));
#6106=CARTESIAN_POINT('',(0.450500001833312,-0.0446166864756015,-0.103110236220472));
#6107=CARTESIAN_POINT('Ctrl Pts',(0.450500001833312,-0.0446166864756015,
-0.103110236220472));
#6108=CARTESIAN_POINT('Ctrl Pts',(0.448919774992603,-0.0470045848126724,
-0.103110236220472));
#6109=CARTESIAN_POINT('Ctrl Pts',(0.446953270479722,-0.0488394037554952,
-0.103110236220472));
#6110=CARTESIAN_POINT('Ctrl Pts',(0.444600488294666,-0.05012114330407,-0.103110236220472));
#6111=CARTESIAN_POINT('Ctrl Pts',(0.442247706109611,-0.0514028828526448,
-0.103110236220472));
#6112=CARTESIAN_POINT('Ctrl Pts',(0.439578878556415,-0.0520437526269322,
-0.103110236220472));
#6113=CARTESIAN_POINT('Ctrl Pts',(0.436594005635076,-0.0520437526269322,
-0.103110236220472));
#6114=CARTESIAN_POINT('',(0.446444086275493,-0.0350826512033258,-0.103110236220472));
#6115=CARTESIAN_POINT('Ctrl Pts',(0.446444086275493,-0.0350826512033258,
-0.103110236220472));
#6116=CARTESIAN_POINT('Ctrl Pts',(0.447005944707745,-0.0360659034597667,
-0.103110236220472));
#6117=CARTESIAN_POINT('Ctrl Pts',(0.447611698330017,-0.0373827591603573,
-0.103110236220472));
#6118=CARTESIAN_POINT('Ctrl Pts',(0.448261347142308,-0.0390332183050975,
-0.103110236220472));
#6119=CARTESIAN_POINT('Ctrl Pts',(0.4489109959546,-0.0406836774498376,-0.103110236220472));
#6120=CARTESIAN_POINT('Ctrl Pts',(0.449657214184934,-0.0425448335066723,
-0.103110236220472));
#6121=CARTESIAN_POINT('Ctrl Pts',(0.450500001833312,-0.0446166864756015,
-0.103110236220472));
#6122=CARTESIAN_POINT('Ctrl Pts',(0.435277149934485,-0.0274448881399005,
-0.103110236220472));
#6123=CARTESIAN_POINT('Ctrl Pts',(0.437945977487682,-0.0274448881399005,
-0.103110236220472));
#6124=CARTESIAN_POINT('Ctrl Pts',(0.440070504684635,-0.0279716304201367,
-0.103110236220472));
#6125=CARTESIAN_POINT('Ctrl Pts',(0.441650731525344,-0.0290251149806092,
-0.103110236220472));
#6126=CARTESIAN_POINT('Ctrl Pts',(0.443230958366052,-0.0300785995410817,
-0.103110236220472));
#6127=CARTESIAN_POINT('Ctrl Pts',(0.444828743282769,-0.0320977782819872,
-0.103110236220472));
#6128=CARTESIAN_POINT('Ctrl Pts',(0.446444086275493,-0.0350826512033258,
-0.103110236220472));
#6129=CARTESIAN_POINT('',(0.454819288531249,-0.0351353254313494,-0.103110236220472));
#6130=CARTESIAN_POINT('',(0.467829822853084,-0.0286563953844438,-0.103110236220472));
#6131=CARTESIAN_POINT('Ctrl Pts',(0.454819288531249,-0.0351353254313494,
-0.103110236220472));
#6132=CARTESIAN_POINT('Ctrl Pts',(0.456750676892115,-0.0326069624862155,
-0.103110236220472));
#6133=CARTESIAN_POINT('Ctrl Pts',(0.458743518519009,-0.0308950500754478,
-0.103110236220472));
#6134=CARTESIAN_POINT('Ctrl Pts',(0.46079781341193,-0.0299995881990462,
-0.103110236220472));
#6135=CARTESIAN_POINT('Ctrl Pts',(0.462852108304852,-0.0291041263226446,
-0.103110236220472));
#6136=CARTESIAN_POINT('Ctrl Pts',(0.465196111451903,-0.0286563953844438,
-0.103110236220472));
#6137=CARTESIAN_POINT('Ctrl Pts',(0.467829822853084,-0.0286563953844438,
-0.103110236220472));
#6138=CARTESIAN_POINT('',(0.458875204089068,-0.0443006411074597,-0.103110236220472));
#6139=CARTESIAN_POINT('Ctrl Pts',(0.458875204089068,-0.0443006411074597,
-0.103110236220472));
#6140=CARTESIAN_POINT('Ctrl Pts',(0.458383577960848,-0.043422737307066,
-0.103110236220472));
#6141=CARTESIAN_POINT('Ctrl Pts',(0.457707592034545,-0.0420532073784518,
-0.103110236220472));
#6142=CARTESIAN_POINT('Ctrl Pts',(0.456847246310159,-0.0401920513216172,
-0.103110236220472));
#6143=CARTESIAN_POINT('Ctrl Pts',(0.455986900585773,-0.0383308952647825,
-0.103110236220472));
#6144=CARTESIAN_POINT('Ctrl Pts',(0.45531091465947,-0.0366453199680266,
-0.103110236220472));
#6145=CARTESIAN_POINT('Ctrl Pts',(0.454819288531249,-0.0351353254313494,
-0.103110236220472));
#6146=CARTESIAN_POINT('',(0.46835656513332,-0.0505162000142472,-0.103110236220472));
#6147=CARTESIAN_POINT('Ctrl Pts',(0.46835656513332,-0.0505162000142472,
-0.103110236220472));
#6148=CARTESIAN_POINT('Ctrl Pts',(0.46621447986036,-0.0505162000142472,
-0.103110236220472));
#6149=CARTESIAN_POINT('Ctrl Pts',(0.464397218993545,-0.0499982367720149,
-0.103110236220472));
#6150=CARTESIAN_POINT('Ctrl Pts',(0.462904782532875,-0.0489623102875503,
-0.103110236220472));
#6151=CARTESIAN_POINT('Ctrl Pts',(0.461412346072206,-0.0479263838030858,
-0.103110236220472));
#6152=CARTESIAN_POINT('Ctrl Pts',(0.460069153257604,-0.0463724940763889,
-0.103110236220472));
#6153=CARTESIAN_POINT('Ctrl Pts',(0.458875204089068,-0.0443006411074597,
-0.103110236220472));
#6154=CARTESIAN_POINT('',(0.478048623089667,-0.0397179832694046,-0.103110236220472));
#6155=CARTESIAN_POINT('Ctrl Pts',(0.478048623089667,-0.0397179832694046,
-0.103110236220472));
#6156=CARTESIAN_POINT('Ctrl Pts',(0.478048623089667,-0.0428784369508219,
-0.103110236220472));
#6157=CARTESIAN_POINT('Ctrl Pts',(0.477179498327277,-0.0454682531619834,
-0.103110236220472));
#6158=CARTESIAN_POINT('Ctrl Pts',(0.475441248802498,-0.0474874319028889,
-0.103110236220472));
#6159=CARTESIAN_POINT('Ctrl Pts',(0.473702999277718,-0.0495066106437944,
-0.103110236220472));
#6160=CARTESIAN_POINT('Ctrl Pts',(0.471341438054659,-0.0505162000142472,
-0.103110236220472));
#6161=CARTESIAN_POINT('Ctrl Pts',(0.46835656513332,-0.0505162000142472,
-0.103110236220472));
#6162=CARTESIAN_POINT('Ctrl Pts',(0.467829822853084,-0.0286563953844438,
-0.103110236220472));
#6163=CARTESIAN_POINT('Ctrl Pts',(0.470744463470391,-0.0286563953844438,
-0.103110236220472));
#6164=CARTESIAN_POINT('Ctrl Pts',(0.473176256997482,-0.0296308686028808,
-0.103110236220472));
#6165=CARTESIAN_POINT('Ctrl Pts',(0.475125203434356,-0.0315798150397549,
-0.103110236220472));
#6166=CARTESIAN_POINT('Ctrl Pts',(0.47707414987123,-0.0335287614766289,
-0.103110236220472));
#6167=CARTESIAN_POINT('Ctrl Pts',(0.478048623089667,-0.0362414842198455,
-0.103110236220472));
#6168=CARTESIAN_POINT('Ctrl Pts',(0.478048623089667,-0.0397179832694046,
-0.103110236220472));
#6169=CARTESIAN_POINT('Ctrl Pts',(0.46835656513332,-0.0505162000142472,
1.55260757358464));
#6170=CARTESIAN_POINT('Ctrl Pts',(0.46835656513332,-0.0505162000142472,
-1.78882804602559));
#6171=CARTESIAN_POINT('Ctrl Pts',(0.465143437223879,-0.0505162000142472,
1.55260757358464));
#6172=CARTESIAN_POINT('Ctrl Pts',(0.465143437223879,-0.0505162000142472,
-1.78882804602559));
#6173=CARTESIAN_POINT('Ctrl Pts',(0.460666127841871,-0.0474084205608535,
1.55260757358464));
#6174=CARTESIAN_POINT('Ctrl Pts',(0.460666127841871,-0.0474084205608535,
-1.78882804602559));
#6175=CARTESIAN_POINT('Ctrl Pts',(0.458875204089068,-0.0443006411074597,
1.55260757358464));
#6176=CARTESIAN_POINT('Ctrl Pts',(0.458875204089068,-0.0443006411074597,
-1.78882804602559));
#6177=CARTESIAN_POINT('',(0.46835656513332,-0.0505162000142472,-0.118110236220472));
#6178=CARTESIAN_POINT('',(0.458875204089068,-0.0443006411074597,-0.118110236220472));
#6179=CARTESIAN_POINT('Ctrl Pts',(0.46835656513332,-0.0505162000142472,
-0.118110236220472));
#6180=CARTESIAN_POINT('Ctrl Pts',(0.465143437223879,-0.0505162000142472,
-0.118110236220472));
#6181=CARTESIAN_POINT('Ctrl Pts',(0.460666127841871,-0.0474084205608535,
-0.118110236220472));
#6182=CARTESIAN_POINT('Ctrl Pts',(0.458875204089068,-0.0443006411074597,
-0.118110236220472));
#6183=CARTESIAN_POINT('',(0.46835656513332,-0.0505162000142472,1.55260757358464));
#6184=CARTESIAN_POINT('',(0.458875204089068,-0.0443006411074597,1.55260757358464));
#6185=CARTESIAN_POINT('Ctrl Pts',(0.458875204089068,-0.0443006411074597,
1.55260757358464));
#6186=CARTESIAN_POINT('Ctrl Pts',(0.458875204089068,-0.0443006411074597,
-1.78882804602559));
#6187=CARTESIAN_POINT('Ctrl Pts',(0.458137764896738,-0.0429837854068692,
1.55260757358464));
#6188=CARTESIAN_POINT('Ctrl Pts',(0.458137764896738,-0.0429837854068692,
-1.78882804602559));
#6189=CARTESIAN_POINT('Ctrl Pts',(0.45555672772358,-0.0374003172363652,
1.55260757358464));
#6190=CARTESIAN_POINT('Ctrl Pts',(0.45555672772358,-0.0374003172363652,
-1.78882804602559));
#6191=CARTESIAN_POINT('Ctrl Pts',(0.454819288531249,-0.0351353254313494,
1.55260757358464));
#6192=CARTESIAN_POINT('Ctrl Pts',(0.454819288531249,-0.0351353254313494,
-1.78882804602559));
#6193=CARTESIAN_POINT('',(0.454819288531249,-0.0351353254313494,-0.118110236220472));
#6194=CARTESIAN_POINT('Ctrl Pts',(0.458875204089068,-0.0443006411074597,
-0.118110236220472));
#6195=CARTESIAN_POINT('Ctrl Pts',(0.458137764896738,-0.0429837854068692,
-0.118110236220472));
#6196=CARTESIAN_POINT('Ctrl Pts',(0.45555672772358,-0.0374003172363652,
-0.118110236220472));
#6197=CARTESIAN_POINT('Ctrl Pts',(0.454819288531249,-0.0351353254313494,
-0.118110236220472));
#6198=CARTESIAN_POINT('',(0.454819288531249,-0.0351353254313494,1.55260757358464));
#6199=CARTESIAN_POINT('Ctrl Pts',(0.454819288531249,-0.0351353254313494,
1.55260757358464));
#6200=CARTESIAN_POINT('Ctrl Pts',(0.454819288531249,-0.0351353254313494,
-1.78882804602559));
#6201=CARTESIAN_POINT('Ctrl Pts',(0.457716371072549,-0.0313427810136486,
1.55260757358464));
#6202=CARTESIAN_POINT('Ctrl Pts',(0.457716371072549,-0.0313427810136486,
-1.78882804602559));
#6203=CARTESIAN_POINT('Ctrl Pts',(0.463879255751312,-0.0286563953844438,
1.55260757358464));
#6204=CARTESIAN_POINT('Ctrl Pts',(0.463879255751312,-0.0286563953844438,
-1.78882804602559));
#6205=CARTESIAN_POINT('Ctrl Pts',(0.467829822853084,-0.0286563953844438,
1.55260757358464));
#6206=CARTESIAN_POINT('Ctrl Pts',(0.467829822853084,-0.0286563953844438,
-1.78882804602559));
#6207=CARTESIAN_POINT('',(0.467829822853084,-0.0286563953844438,-0.118110236220472));
#6208=CARTESIAN_POINT('Ctrl Pts',(0.454819288531249,-0.0351353254313494,
-0.118110236220472));
#6209=CARTESIAN_POINT('Ctrl Pts',(0.457716371072549,-0.0313427810136486,
-0.118110236220472));
#6210=CARTESIAN_POINT('Ctrl Pts',(0.463879255751312,-0.0286563953844438,
-0.118110236220472));
#6211=CARTESIAN_POINT('Ctrl Pts',(0.467829822853084,-0.0286563953844438,
-0.118110236220472));
#6212=CARTESIAN_POINT('',(0.467829822853084,-0.0286563953844438,1.55260757358464));
#6213=CARTESIAN_POINT('Ctrl Pts',(0.450500001833312,-0.0446166864756015,
1.55260757358464));
#6214=CARTESIAN_POINT('Ctrl Pts',(0.450500001833312,-0.0446166864756015,
-1.78882804602559));
#6215=CARTESIAN_POINT('Ctrl Pts',(0.448129661572249,-0.0481985339812078,
1.55260757358464));
#6216=CARTESIAN_POINT('Ctrl Pts',(0.448129661572249,-0.0481985339812078,
-1.78882804602559));
#6217=CARTESIAN_POINT('Ctrl Pts',(0.441071315017084,-0.0520437526269322,
1.55260757358464));
#6218=CARTESIAN_POINT('Ctrl Pts',(0.441071315017084,-0.0520437526269322,
-1.78882804602559));
#6219=CARTESIAN_POINT('Ctrl Pts',(0.436594005635076,-0.0520437526269322,
1.55260757358464));
#6220=CARTESIAN_POINT('Ctrl Pts',(0.436594005635076,-0.0520437526269322,
-1.78882804602559));
#6221=CARTESIAN_POINT('',(0.450500001833312,-0.0446166864756015,-0.118110236220472));
#6222=CARTESIAN_POINT('',(0.436594005635076,-0.0520437526269322,-0.118110236220472));
#6223=CARTESIAN_POINT('Ctrl Pts',(0.450500001833312,-0.0446166864756015,
-0.118110236220473));
#6224=CARTESIAN_POINT('Ctrl Pts',(0.448129661572249,-0.0481985339812078,
-0.118110236220473));
#6225=CARTESIAN_POINT('Ctrl Pts',(0.441071315017084,-0.0520437526269322,
-0.118110236220473));
#6226=CARTESIAN_POINT('Ctrl Pts',(0.436594005635076,-0.0520437526269322,
-0.118110236220473));
#6227=CARTESIAN_POINT('',(0.450500001833312,-0.0446166864756015,1.55260757358464));
#6228=CARTESIAN_POINT('',(0.436594005635076,-0.0520437526269322,1.55260757358464));
#6229=CARTESIAN_POINT('Ctrl Pts',(0.436594005635076,-0.0520437526269322,
1.55260757358464));
#6230=CARTESIAN_POINT('Ctrl Pts',(0.436594005635076,-0.0520437526269322,
-1.78882804602559));
#6231=CARTESIAN_POINT('Ctrl Pts',(0.43069449209643,-0.0520437526269322,
1.55260757358464));
#6232=CARTESIAN_POINT('Ctrl Pts',(0.43069449209643,-0.0520437526269322,
-1.78882804602559));
#6233=CARTESIAN_POINT('Ctrl Pts',(0.423004054804981,-0.0449327318437431,
1.55260757358464));
#6234=CARTESIAN_POINT('Ctrl Pts',(0.423004054804981,-0.0449327318437431,
-1.78882804602559));
#6235=CARTESIAN_POINT('Ctrl Pts',(0.423004054804981,-0.0395599605853337,
1.55260757358464));
#6236=CARTESIAN_POINT('Ctrl Pts',(0.423004054804981,-0.0395599605853337,
-1.78882804602559));
#6237=CARTESIAN_POINT('',(0.423004054804981,-0.0395599605853337,-0.118110236220472));
#6238=CARTESIAN_POINT('Ctrl Pts',(0.436594005635076,-0.0520437526269322,
-0.118110236220472));
#6239=CARTESIAN_POINT('Ctrl Pts',(0.43069449209643,-0.0520437526269322,
-0.118110236220472));
#6240=CARTESIAN_POINT('Ctrl Pts',(0.423004054804981,-0.0449327318437431,
-0.118110236220472));
#6241=CARTESIAN_POINT('Ctrl Pts',(0.423004054804981,-0.0395599605853337,
-0.118110236220472));
#6242=CARTESIAN_POINT('',(0.423004054804981,-0.0395599605853337,1.55260757358464));
#6243=CARTESIAN_POINT('Ctrl Pts',(0.423004054804981,-0.0395599605853337,
1.55260757358464));
#6244=CARTESIAN_POINT('Ctrl Pts',(0.423004054804981,-0.0395599605853337,
-1.78882804602559));
#6245=CARTESIAN_POINT('Ctrl Pts',(0.423004054804981,-0.0340818408708769,
1.55260757358464));
#6246=CARTESIAN_POINT('Ctrl Pts',(0.423004054804981,-0.0340818408708769,
-1.78882804602559));
#6247=CARTESIAN_POINT('Ctrl Pts',(0.429588333307934,-0.0274448881399005,
1.55260757358464));
#6248=CARTESIAN_POINT('Ctrl Pts',(0.429588333307934,-0.0274448881399005,
-1.78882804602559));
#6249=CARTESIAN_POINT('Ctrl Pts',(0.435277149934485,-0.0274448881399005,
1.55260757358464));
#6250=CARTESIAN_POINT('Ctrl Pts',(0.435277149934485,-0.0274448881399005,
-1.78882804602559));
#6251=CARTESIAN_POINT('',(0.435277149934485,-0.0274448881399005,-0.118110236220472));
#6252=CARTESIAN_POINT('Ctrl Pts',(0.423004054804981,-0.0395599605853337,
-0.118110236220472));
#6253=CARTESIAN_POINT('Ctrl Pts',(0.423004054804981,-0.0340818408708769,
-0.118110236220472));
#6254=CARTESIAN_POINT('Ctrl Pts',(0.429588333307934,-0.0274448881399005,
-0.118110236220472));
#6255=CARTESIAN_POINT('Ctrl Pts',(0.435277149934485,-0.0274448881399005,
-0.118110236220472));
#6256=CARTESIAN_POINT('',(0.435277149934485,-0.0274448881399005,1.55260757358464));
#6257=CARTESIAN_POINT('Ctrl Pts',(0.452606970954257,-0.030025925313058,
1.55260757358464));
#6258=CARTESIAN_POINT('Ctrl Pts',(0.452606970954257,-0.030025925313058,
-1.78882804602559));
#6259=CARTESIAN_POINT('Ctrl Pts',(0.455029985443344,-0.0252325705629084,
1.55260757358464));
#6260=CARTESIAN_POINT('Ctrl Pts',(0.455029985443344,-0.0252325705629084,
-1.78882804602559));
#6261=CARTESIAN_POINT('Ctrl Pts',(0.463563210383171,-0.020123170444617,
1.55260757358464));
#6262=CARTESIAN_POINT('Ctrl Pts',(0.463563210383171,-0.020123170444617,
-1.78882804602559));
#6263=CARTESIAN_POINT('Ctrl Pts',(0.467935171309131,-0.020123170444617,
1.55260757358464));
#6264=CARTESIAN_POINT('Ctrl Pts',(0.467935171309131,-0.020123170444617,
-1.78882804602559));
#6265=CARTESIAN_POINT('',(0.467935171309131,-0.020123170444617,1.55260757358464));
#6266=CARTESIAN_POINT('',(0.452606970954257,-0.030025925313058,1.55260757358464));
#6267=CARTESIAN_POINT('Origin',(0.452606970954257,-0.030025925313058,1.55260757358464));
#6268=CARTESIAN_POINT('',(0.452343599814139,-0.030025925313058,1.55260757358464));
#6269=CARTESIAN_POINT('Ctrl Pts',(0.436119937582863,-0.0184902693758846,
1.55260757358464));
#6270=CARTESIAN_POINT('Ctrl Pts',(0.436119937582863,-0.0184902693758846,
-1.78882804602559));
#6271=CARTESIAN_POINT('Ctrl Pts',(0.442124799577556,-0.0184902693758847,
1.55260757358464));
#6272=CARTESIAN_POINT('Ctrl Pts',(0.442124799577556,-0.0184902693758847,
-1.78882804602559));
#6273=CARTESIAN_POINT('Ctrl Pts',(0.449709888412958,-0.0243371086865068,
1.55260757358464));
#6274=CARTESIAN_POINT('Ctrl Pts',(0.449709888412958,-0.0243371086865068,
-1.78882804602559));
#6275=CARTESIAN_POINT('Ctrl Pts',(0.452343599814139,-0.030025925313058,
1.55260757358464));
#6276=CARTESIAN_POINT('Ctrl Pts',(0.452343599814139,-0.030025925313058,
-1.78882804602559));
#6277=CARTESIAN_POINT('',(0.436119937582863,-0.0184902693758846,1.55260757358464));
#6278=CARTESIAN_POINT('Ctrl Pts',(0.416525124758076,-0.0396653090413809,
1.55260757358464));
#6279=CARTESIAN_POINT('Ctrl Pts',(0.416525124758076,-0.0396653090413809,
-1.78882804602559));
#6280=CARTESIAN_POINT('Ctrl Pts',(0.416525124758076,-0.0306053418213178,
1.55260757358464));
#6281=CARTESIAN_POINT('Ctrl Pts',(0.416525124758076,-0.0306053418213178,
-1.78882804602559));
#6282=CARTESIAN_POINT('Ctrl Pts',(0.427797409555131,-0.0184902693758846,
1.55260757358464));
#6283=CARTESIAN_POINT('Ctrl Pts',(0.427797409555131,-0.0184902693758846,
-1.78882804602559));
#6284=CARTESIAN_POINT('Ctrl Pts',(0.436119937582863,-0.0184902693758846,
1.55260757358464));
#6285=CARTESIAN_POINT('Ctrl Pts',(0.436119937582863,-0.0184902693758846,
-1.78882804602559));
#6286=CARTESIAN_POINT('',(0.416525124758076,-0.0396653090413809,1.55260757358464));
#6287=CARTESIAN_POINT('Ctrl Pts',(0.42210859292858,-0.0552568805363732,
1.55260757358464));
#6288=CARTESIAN_POINT('Ctrl Pts',(0.42210859292858,-0.0552568805363732,
-1.78882804602559));
#6289=CARTESIAN_POINT('Ctrl Pts',(0.419422207299375,-0.0524651464511212,
1.55260757358464));
#6290=CARTESIAN_POINT('Ctrl Pts',(0.419422207299375,-0.0524651464511212,
-1.78882804602559));
#6291=CARTESIAN_POINT('Ctrl Pts',(0.416525124758076,-0.0445113380195542,
1.55260757358464));
#6292=CARTESIAN_POINT('Ctrl Pts',(0.416525124758076,-0.0445113380195542,
-1.78882804602559));
#6293=CARTESIAN_POINT('Ctrl Pts',(0.416525124758076,-0.0396653090413809,
1.55260757358464));
#6294=CARTESIAN_POINT('Ctrl Pts',(0.416525124758076,-0.0396653090413809,
-1.78882804602559));
#6295=CARTESIAN_POINT('',(0.42210859292858,-0.0552568805363732,1.55260757358464));
#6296=CARTESIAN_POINT('Ctrl Pts',(0.435961914898792,-0.0608403487068772,
1.55260757358464));
#6297=CARTESIAN_POINT('Ctrl Pts',(0.435961914898792,-0.0608403487068772,
-1.78882804602559));
#6298=CARTESIAN_POINT('Ctrl Pts',(0.431905999340973,-0.0608403487068772,
1.55260757358464));
#6299=CARTESIAN_POINT('Ctrl Pts',(0.431905999340973,-0.0608403487068772,
-1.78882804602559));
#6300=CARTESIAN_POINT('Ctrl Pts',(0.424742304329761,-0.0579959403936016,
1.55260757358464));
#6301=CARTESIAN_POINT('Ctrl Pts',(0.424742304329761,-0.0579959403936016,
-1.78882804602559));
#6302=CARTESIAN_POINT('Ctrl Pts',(0.42210859292858,-0.0552568805363732,
1.55260757358464));
#6303=CARTESIAN_POINT('Ctrl Pts',(0.42210859292858,-0.0552568805363732,
-1.78882804602559));
#6304=CARTESIAN_POINT('',(0.435961914898792,-0.0608403487068772,1.55260757358464));
#6305=CARTESIAN_POINT('Ctrl Pts',(0.478048623089667,-0.0397179832694046,
1.55260757358464));
#6306=CARTESIAN_POINT('Ctrl Pts',(0.478048623089667,-0.0397179832694046,
-1.78882804602559));
#6307=CARTESIAN_POINT('Ctrl Pts',(0.478048623089667,-0.0444586637915306,
1.55260757358464));
#6308=CARTESIAN_POINT('Ctrl Pts',(0.478048623089667,-0.0444586637915306,
-1.78882804602559));
#6309=CARTESIAN_POINT('Ctrl Pts',(0.472833874515328,-0.0505162000142472,
1.55260757358464));
#6310=CARTESIAN_POINT('Ctrl Pts',(0.472833874515328,-0.0505162000142472,
-1.78882804602559));
#6311=CARTESIAN_POINT('Ctrl Pts',(0.46835656513332,-0.0505162000142472,
1.55260757358464));
#6312=CARTESIAN_POINT('Ctrl Pts',(0.46835656513332,-0.0505162000142472,
-1.78882804602559));
#6313=CARTESIAN_POINT('',(0.478048623089667,-0.0397179832694046,-0.118110236220472));
#6314=CARTESIAN_POINT('Ctrl Pts',(0.478048623089667,-0.0397179832694046,
-0.118110236220472));
#6315=CARTESIAN_POINT('Ctrl Pts',(0.478048623089667,-0.0444586637915306,
-0.118110236220472));
#6316=CARTESIAN_POINT('Ctrl Pts',(0.472833874515328,-0.0505162000142472,
-0.118110236220472));
#6317=CARTESIAN_POINT('Ctrl Pts',(0.46835656513332,-0.0505162000142472,
-0.118110236220472));
#6318=CARTESIAN_POINT('',(0.478048623089667,-0.0397179832694046,1.55260757358464));
#6319=CARTESIAN_POINT('Ctrl Pts',(0.467829822853084,-0.0286563953844438,
1.55260757358464));
#6320=CARTESIAN_POINT('Ctrl Pts',(0.467829822853084,-0.0286563953844438,
-1.78882804602559));
#6321=CARTESIAN_POINT('Ctrl Pts',(0.472201783779045,-0.0286563953844438,
1.55260757358464));
#6322=CARTESIAN_POINT('Ctrl Pts',(0.472201783779045,-0.0286563953844438,
-1.78882804602559));
#6323=CARTESIAN_POINT('Ctrl Pts',(0.478048623089667,-0.0345032346950659,
1.55260757358464));
#6324=CARTESIAN_POINT('Ctrl Pts',(0.478048623089667,-0.0345032346950659,
-1.78882804602559));
#6325=CARTESIAN_POINT('Ctrl Pts',(0.478048623089667,-0.0397179832694046,
1.55260757358464));
#6326=CARTESIAN_POINT('Ctrl Pts',(0.478048623089667,-0.0397179832694046,
-1.78882804602559));
#6327=CARTESIAN_POINT('Ctrl Pts',(0.467829822853084,-0.0286563953844438,
-0.118110236220472));
#6328=CARTESIAN_POINT('Ctrl Pts',(0.472201783779045,-0.0286563953844438,
-0.118110236220472));
#6329=CARTESIAN_POINT('Ctrl Pts',(0.478048623089667,-0.0345032346950659,
-0.118110236220472));
#6330=CARTESIAN_POINT('Ctrl Pts',(0.478048623089667,-0.0397179832694046,
-0.118110236220472));
#6331=CARTESIAN_POINT('Ctrl Pts',(0.446444086275493,-0.0350826512033258,
1.55260757358464));
#6332=CARTESIAN_POINT('Ctrl Pts',(0.446444086275493,-0.0350826512033258,
-1.78882804602559));
#6333=CARTESIAN_POINT('Ctrl Pts',(0.447286873923871,-0.0365575295879872,
1.55260757358464));
#6334=CARTESIAN_POINT('Ctrl Pts',(0.447286873923871,-0.0365575295879872,
-1.78882804602559));
#6335=CARTESIAN_POINT('Ctrl Pts',(0.449235820360745,-0.0415089070222077,
1.55260757358464));
#6336=CARTESIAN_POINT('Ctrl Pts',(0.449235820360745,-0.0415089070222077,
-1.78882804602559));
#6337=CARTESIAN_POINT('Ctrl Pts',(0.450500001833312,-0.0446166864756015,
1.55260757358464));
#6338=CARTESIAN_POINT('Ctrl Pts',(0.450500001833312,-0.0446166864756015,
-1.78882804602559));
#6339=CARTESIAN_POINT('',(0.446444086275493,-0.0350826512033258,-0.118110236220472));
#6340=CARTESIAN_POINT('Ctrl Pts',(0.446444086275493,-0.0350826512033258,
-0.118110236220472));
#6341=CARTESIAN_POINT('Ctrl Pts',(0.447286873923871,-0.0365575295879872,
-0.118110236220472));
#6342=CARTESIAN_POINT('Ctrl Pts',(0.449235820360745,-0.0415089070222077,
-0.118110236220472));
#6343=CARTESIAN_POINT('Ctrl Pts',(0.450500001833312,-0.0446166864756015,
-0.118110236220472));
#6344=CARTESIAN_POINT('',(0.446444086275493,-0.0350826512033258,1.55260757358464));
#6345=CARTESIAN_POINT('Ctrl Pts',(0.435277149934485,-0.0274448881399005,
1.55260757358464));
#6346=CARTESIAN_POINT('Ctrl Pts',(0.435277149934485,-0.0274448881399005,
-1.78882804602559));
#6347=CARTESIAN_POINT('Ctrl Pts',(0.439280391264281,-0.0274448881399005,
1.55260757358464));
#6348=CARTESIAN_POINT('Ctrl Pts',(0.439280391264281,-0.0274448881399005,
-1.78882804602559));
#6349=CARTESIAN_POINT('Ctrl Pts',(0.444021071786407,-0.0306053418213179,
1.55260757358464));
#6350=CARTESIAN_POINT('Ctrl Pts',(0.444021071786407,-0.0306053418213179,
-1.78882804602559));
#6351=CARTESIAN_POINT('Ctrl Pts',(0.446444086275493,-0.0350826512033258,
1.55260757358464));
#6352=CARTESIAN_POINT('Ctrl Pts',(0.446444086275493,-0.0350826512033258,
-1.78882804602559));
#6353=CARTESIAN_POINT('Ctrl Pts',(0.435277149934485,-0.0274448881399005,
-0.118110236220473));
#6354=CARTESIAN_POINT('Ctrl Pts',(0.439280391264281,-0.0274448881399005,
-0.118110236220473));
#6355=CARTESIAN_POINT('Ctrl Pts',(0.444021071786407,-0.0306053418213179,
-0.118110236220473));
#6356=CARTESIAN_POINT('Ctrl Pts',(0.446444086275493,-0.0350826512033258,
-0.118110236220473));
#6357=CARTESIAN_POINT('Ctrl Pts',(0.452712319410304,-0.0498314350499401,
1.55260757358464));
#6358=CARTESIAN_POINT('Ctrl Pts',(0.452712319410304,-0.0498314350499401,
-1.78882804602559));
#6359=CARTESIAN_POINT('Ctrl Pts',(0.450078608009123,-0.0552042063083496,
1.55260757358464));
#6360=CARTESIAN_POINT('Ctrl Pts',(0.450078608009123,-0.0552042063083496,
-1.78882804602559));
#6361=CARTESIAN_POINT('Ctrl Pts',(0.441229337701155,-0.0608403487068772,
1.55260757358464));
#6362=CARTESIAN_POINT('Ctrl Pts',(0.441229337701155,-0.0608403487068772,
-1.78882804602559));
#6363=CARTESIAN_POINT('Ctrl Pts',(0.435961914898792,-0.0608403487068772,
1.55260757358464));
#6364=CARTESIAN_POINT('Ctrl Pts',(0.435961914898792,-0.0608403487068772,
-1.78882804602559));
#6365=CARTESIAN_POINT('',(0.452712319410304,-0.0498314350499401,1.55260757358464));
#6366=CARTESIAN_POINT('Origin',(0.452712319410304,-0.0498314350499401,1.55260757358464));
#6367=CARTESIAN_POINT('',(0.452975690550422,-0.0498314350499401,1.55260757358464));
#6368=CARTESIAN_POINT('Ctrl Pts',(0.467355754800871,-0.0592601218661686,
1.55260757358464));
#6369=CARTESIAN_POINT('Ctrl Pts',(0.467355754800871,-0.0592601218661686,
-1.78882804602559));
#6370=CARTESIAN_POINT('Ctrl Pts',(0.462404377366651,-0.0592601218661686,
1.55260757358464));
#6371=CARTESIAN_POINT('Ctrl Pts',(0.462404377366651,-0.0592601218661686,
-1.78882804602559));
#6372=CARTESIAN_POINT('Ctrl Pts',(0.455767424635675,-0.0546247898000898,
1.55260757358464));
#6373=CARTESIAN_POINT('Ctrl Pts',(0.455767424635675,-0.0546247898000898,
-1.78882804602559));
#6374=CARTESIAN_POINT('Ctrl Pts',(0.452975690550422,-0.0498314350499401,
1.55260757358464));
#6375=CARTESIAN_POINT('Ctrl Pts',(0.452975690550422,-0.0498314350499401,
-1.78882804602559));
#6376=CARTESIAN_POINT('',(0.467355754800871,-0.0592601218661686,1.55260757358464));
#6377=CARTESIAN_POINT('Ctrl Pts',(0.484474878908549,-0.039665309041381,
1.55260757358464));
#6378=CARTESIAN_POINT('Ctrl Pts',(0.484474878908549,-0.039665309041381,
-1.78882804602559));
#6379=CARTESIAN_POINT('Ctrl Pts',(0.484474878908549,-0.0481985339812078,
1.55260757358464));
#6380=CARTESIAN_POINT('Ctrl Pts',(0.484474878908549,-0.0481985339812078,
-1.78882804602559));
#6381=CARTESIAN_POINT('Ctrl Pts',(0.474677472496155,-0.0592601218661686,
1.55260757358464));
#6382=CARTESIAN_POINT('Ctrl Pts',(0.474677472496155,-0.0592601218661686,
-1.78882804602559));
#6383=CARTESIAN_POINT('Ctrl Pts',(0.467355754800871,-0.0592601218661686,
1.55260757358464));
#6384=CARTESIAN_POINT('Ctrl Pts',(0.467355754800871,-0.0592601218661686,
-1.78882804602559));
#6385=CARTESIAN_POINT('',(0.484474878908549,-0.039665309041381,1.55260757358464));
#6386=CARTESIAN_POINT('Ctrl Pts',(0.467935171309131,-0.020123170444617,
1.55260757358464));
#6387=CARTESIAN_POINT('Ctrl Pts',(0.467935171309131,-0.020123170444617,
-1.78882804602559));
#6388=CARTESIAN_POINT('Ctrl Pts',(0.475204214776391,-0.020123170444617,
1.55260757358464));
#6389=CARTESIAN_POINT('Ctrl Pts',(0.475204214776391,-0.020123170444617,
-1.78882804602559));
#6390=CARTESIAN_POINT('Ctrl Pts',(0.484474878908549,-0.0308160387334124,
1.55260757358464));
#6391=CARTESIAN_POINT('Ctrl Pts',(0.484474878908549,-0.0308160387334124,
-1.78882804602559));
#6392=CARTESIAN_POINT('Ctrl Pts',(0.484474878908549,-0.039665309041381,
1.55260757358464));
#6393=CARTESIAN_POINT('Ctrl Pts',(0.484474878908549,-0.039665309041381,
-1.78882804602559));
#6394=CARTESIAN_POINT('Ctrl Pts',(0.483210697435982,-0.0895478029797515,
1.55260757358464));
#6395=CARTESIAN_POINT('Ctrl Pts',(0.483210697435982,-0.0895478029797515,
-1.78882804602559));
#6396=CARTESIAN_POINT('Ctrl Pts',(0.47794327463362,-0.0899691968039405,
1.55260757358464));
#6397=CARTESIAN_POINT('Ctrl Pts',(0.47794327463362,-0.0899691968039405,
-1.78882804602559));
#6398=CARTESIAN_POINT('Ctrl Pts',(0.474150730215919,-0.0962901041667752,
1.55260757358464));
#6399=CARTESIAN_POINT('Ctrl Pts',(0.474150730215919,-0.0962901041667752,
-1.78882804602559));
#6400=CARTESIAN_POINT('Ctrl Pts',(0.474150730215919,-0.102979731125775,
1.55260757358464));
#6401=CARTESIAN_POINT('Ctrl Pts',(0.474150730215919,-0.102979731125775,
-1.78882804602559));
#6402=CARTESIAN_POINT('',(0.474150730215919,-0.102979731125775,-0.103110236220472));
#6403=CARTESIAN_POINT('',(0.474150730215919,-0.102979731125775,1.55260757358464));
#6404=CARTESIAN_POINT('',(0.483210697435982,-0.0895478029797515,-0.103110236220472));
#6405=CARTESIAN_POINT('Ctrl Pts',(0.474150730215919,-0.102979731125775,
-0.103110236220472));
#6406=CARTESIAN_POINT('Ctrl Pts',(0.474150730215919,-0.0985199798197752,
-0.103110236220472));
#6407=CARTESIAN_POINT('Ctrl Pts',(0.474782820952202,-0.0952366196063028,
-0.103110236220472));
#6408=CARTESIAN_POINT('Ctrl Pts',(0.476047002424769,-0.0931296504853578,
-0.103110236220472));
#6409=CARTESIAN_POINT('Ctrl Pts',(0.477311183897336,-0.0910226813644129,
-0.103110236220472));
#6410=CARTESIAN_POINT('Ctrl Pts',(0.479699082234407,-0.0898287321958775,
-0.103110236220472));
#6411=CARTESIAN_POINT('Ctrl Pts',(0.483210697435982,-0.0895478029797515,
-0.103110236220472));
#6412=CARTESIAN_POINT('',(0.483210697435982,-0.0895478029797515,1.55260757358464));
#6413=CARTESIAN_POINT('Origin',(0.468198542449249,-0.102979731125775,1.55260757358464));
#6414=CARTESIAN_POINT('',(0.468198542449249,-0.102979731125775,-0.103110236220472));
#6415=CARTESIAN_POINT('',(0.468198542449249,-0.102979731125775,1.55260757358464));
#6416=CARTESIAN_POINT('',(0.723349271224625,-0.102979731125775,-0.103110236220472));
#6417=CARTESIAN_POINT('Origin',(0.468198542449249,-0.0911807040484838,1.55260757358464));
#6418=CARTESIAN_POINT('',(0.468198542449249,-0.0911807040484838,-0.103110236220472));
#6419=CARTESIAN_POINT('',(0.468198542449249,-0.0911807040484838,1.55260757358464));
#6420=CARTESIAN_POINT('',(0.468198542449249,-0.077090352024242,-0.103110236220472));
#6421=CARTESIAN_POINT('Origin',(0.424636955873713,-0.0911807040484838,1.55260757358464));
#6422=CARTESIAN_POINT('',(0.424636955873713,-0.0911807040484838,-0.103110236220472));
#6423=CARTESIAN_POINT('',(0.424636955873713,-0.0911807040484838,1.55260757358464));
#6424=CARTESIAN_POINT('',(0.701568477936857,-0.0911807040484841,-0.103110236220472));
#6425=CARTESIAN_POINT('Origin',(0.424636955873713,-0.102979731125775,1.55260757358464));
#6426=CARTESIAN_POINT('',(0.424636955873713,-0.102979731125775,-0.103110236220472));
#6427=CARTESIAN_POINT('',(0.424636955873713,-0.102979731125775,1.55260757358464));
#6428=CARTESIAN_POINT('',(0.424636955873713,-0.0829898655628877,-0.103110236220472));
#6429=CARTESIAN_POINT('Origin',(0.418000003142737,-0.102979731125775,1.55260757358464));
#6430=CARTESIAN_POINT('',(0.418000003142737,-0.102979731125775,-0.103110236220472));
#6431=CARTESIAN_POINT('',(0.418000003142737,-0.102979731125775,1.55260757358464));
#6432=CARTESIAN_POINT('',(0.698250001571369,-0.102979731125775,-0.103110236220472));
#6433=CARTESIAN_POINT('Origin',(0.418000003142737,-0.0712698458555545,1.55260757358464));
#6434=CARTESIAN_POINT('',(0.418000003142737,-0.0712698458555545,-0.103110236220472));
#6435=CARTESIAN_POINT('',(0.418000003142737,-0.0712698458555545,1.55260757358464));
#6436=CARTESIAN_POINT('',(0.418000003142737,-0.0671349229277773,-0.103110236220472));
#6437=CARTESIAN_POINT('Origin',(0.424636955873713,-0.0712698458555545,1.55260757358464));
#6438=CARTESIAN_POINT('',(0.424636955873713,-0.0712698458555545,-0.103110236220472));
#6439=CARTESIAN_POINT('',(0.424636955873713,-0.0712698458555545,1.55260757358464));
#6440=CARTESIAN_POINT('',(0.701568477936857,-0.0712698458555545,-0.103110236220472));
#6441=CARTESIAN_POINT('Origin',(0.424636955873713,-0.0828055017927278,1.55260757358464));
#6442=CARTESIAN_POINT('',(0.424636955873713,-0.0828055017927278,-0.103110236220472));
#6443=CARTESIAN_POINT('',(0.424636955873713,-0.0828055017927278,1.55260757358464));
#6444=CARTESIAN_POINT('',(0.424636955873713,-0.072902750896364,-0.103110236220472));
#6445=CARTESIAN_POINT('Origin',(0.483210697435982,-0.0828055017927278,1.55260757358464));
#6446=CARTESIAN_POINT('',(0.483210697435982,-0.0828055017927278,-0.103110236220472));
#6447=CARTESIAN_POINT('',(0.483210697435982,-0.0828055017927278,1.55260757358464));
#6448=CARTESIAN_POINT('',(0.730855348717991,-0.082805501792728,-0.103110236220472));
#6449=CARTESIAN_POINT('Origin',(0.483210697435982,-0.0895478029797515,1.55260757358464));
#6450=CARTESIAN_POINT('',(0.483210697435982,-0.0762739014898759,-0.103110236220472));
#6451=CARTESIAN_POINT('Origin',(0.9785,-0.0630000000000002,-0.103110236220472));
#6452=CARTESIAN_POINT('Origin',(0.9785,-0.0630000000000002,-0.103110236220472));
#6453=CARTESIAN_POINT('',(0.418000003142737,-0.134847639080067,-0.103110236220472));
#6454=CARTESIAN_POINT('',(0.418000003142737,-0.144170977440248,-0.103110236220472));
#6455=CARTESIAN_POINT('',(0.418000003142737,-0.0989238195400335,-0.103110236220472));
#6456=CARTESIAN_POINT('',(0.483000000523887,-0.112461092170027,-0.103110236220472));
#6457=CARTESIAN_POINT('',(0.712093041655266,-0.033559518036449,-0.103110236220472));
#6458=CARTESIAN_POINT('',(0.483000000523887,-0.121257688249972,-0.103110236220472));
#6459=CARTESIAN_POINT('',(0.483000000523887,-0.0921288441249862,-0.103110236220472));
#6460=CARTESIAN_POINT('',(0.429008916799674,-0.139272274234051,-0.103110236220472));
#6461=CARTESIAN_POINT('',(0.687681409868763,-0.052963988741731,-0.103110236220472));
#6462=CARTESIAN_POINT('',(0.483000000523887,-0.15728686021813,-0.103110236220472));
#6463=CARTESIAN_POINT('',(0.691777416249851,-0.22694722722133,-0.103110236220472));
#6464=CARTESIAN_POINT('',(0.483000000523887,-0.166557524350288,-0.103110236220472));
#6465=CARTESIAN_POINT('',(0.483000000523887,-0.114778762175144,-0.103110236220472));
#6466=CARTESIAN_POINT('',(0.656036770635107,-0.226152846309176,-0.103110236220472));
#6467=CARTESIAN_POINT('Origin',(0.429008916799674,-0.139272274234051,1.55260757358464));
#6468=CARTESIAN_POINT('',(0.429008916799674,-0.139272274234051,1.55260757358464));
#6469=CARTESIAN_POINT('',(0.483000000523887,-0.121257688249972,1.55260757358464));
#6470=CARTESIAN_POINT('Origin',(0.483000000523887,-0.121257688249972,1.55260757358464));
#6471=CARTESIAN_POINT('',(0.483000000523887,-0.112461092170027,1.55260757358464));
#6472=CARTESIAN_POINT('Origin',(0.483000000523887,-0.112461092170027,1.55260757358464));
#6473=CARTESIAN_POINT('',(0.418000003142737,-0.134847639080067,1.55260757358464));
#6474=CARTESIAN_POINT('Origin',(0.418000003142737,-0.134847639080067,1.55260757358464));
#6475=CARTESIAN_POINT('',(0.418000003142737,-0.144170977440248,1.55260757358464));
#6476=CARTESIAN_POINT('Origin',(0.418000003142737,-0.144170977440248,1.55260757358464));
#6477=CARTESIAN_POINT('',(0.483000000523887,-0.166557524350288,1.55260757358464));
#6478=CARTESIAN_POINT('Origin',(0.483000000523887,-0.166557524350288,1.55260757358464));
#6479=CARTESIAN_POINT('',(0.483000000523887,-0.15728686021813,1.55260757358464));
#6480=CARTESIAN_POINT('Origin',(0.483000000523887,-0.15728686021813,1.55260757358464));
#6481=CARTESIAN_POINT('Origin',(0.483000000523887,-0.00869286296349086,
1.55260757358464));
#6482=CARTESIAN_POINT('',(0.483000000523887,-0.00869286296349086,-0.103110236220472));
#6483=CARTESIAN_POINT('',(0.483000000523887,-0.00869286296349086,1.55260757358464));
#6484=CARTESIAN_POINT('',(0.483000000523887,0.00805754154802111,-0.103110236220472));
#6485=CARTESIAN_POINT('',(0.483000000523887,-0.0358464314817455,-0.103110236220472));
#6486=CARTESIAN_POINT('',(0.483000000523887,0.00805754154802111,1.55260757358464));
#6487=CARTESIAN_POINT('Origin',(0.418000003142737,-0.00869286296349082,
1.55260757358464));
#6488=CARTESIAN_POINT('',(0.418000003142737,-0.00869286296349082,-0.103110236220472));
#6489=CARTESIAN_POINT('',(0.418000003142737,-0.00869286296349082,1.55260757358464));
#6490=CARTESIAN_POINT('',(0.698250001571369,-0.008692862963491,-0.103110236220472));
#6491=CARTESIAN_POINT('Origin',(0.418000003142737,-5.42895676167231E-5,
1.55260757358464));
#6492=CARTESIAN_POINT('',(0.418000003142737,-5.42895676167231E-5,-0.103110236220472));
#6493=CARTESIAN_POINT('',(0.418000003142737,-5.42895676167231E-5,1.55260757358464));
#6494=CARTESIAN_POINT('',(0.418000003142737,-0.0315271447838085,-0.103110236220472));
#6495=CARTESIAN_POINT('Origin',(0.443863049102336,-5.42895676167668E-5,
1.55260757358464));
#6496=CARTESIAN_POINT('',(0.443863049102336,-5.42895676167668E-5,-0.103110236220472));
#6497=CARTESIAN_POINT('',(0.443863049102336,-5.42895676167668E-5,1.55260757358464));
#6498=CARTESIAN_POINT('',(0.711181524551168,-5.42895676172203E-5,-0.103110236220472));
#6499=CARTESIAN_POINT('Origin',(0.443863049102336,0.00984846530082426,1.55260757358464));
#6500=CARTESIAN_POINT('',(0.443863049102336,0.00984846530082426,-0.103110236220472));
#6501=CARTESIAN_POINT('',(0.443863049102336,0.00984846530082426,1.55260757358464));
#6502=CARTESIAN_POINT('',(0.443863049102336,-0.026575767349588,-0.103110236220472));
#6503=CARTESIAN_POINT('Ctrl Pts',(0.464669369171667,0.0229643480787063,
1.55260757358464));
#6504=CARTESIAN_POINT('Ctrl Pts',(0.464669369171667,0.0229643480787063,
-1.78882804602559));
#6505=CARTESIAN_POINT('Ctrl Pts',(0.467513777484942,0.0229643480787063,
1.55260757358464));
#6506=CARTESIAN_POINT('Ctrl Pts',(0.467513777484942,0.0229643480787063,
-1.78882804602559));
#6507=CARTESIAN_POINT('Ctrl Pts',(0.471885738410903,0.0209627274138086,
1.55260757358464));
#6508=CARTESIAN_POINT('Ctrl Pts',(0.471885738410903,0.0209627274138086,
-1.78882804602559));
#6509=CARTESIAN_POINT('Ctrl Pts',(0.473307942567541,0.0188557582928637,
1.55260757358464));
#6510=CARTESIAN_POINT('Ctrl Pts',(0.473307942567541,0.0188557582928637,
-1.78882804602559));
#6511=CARTESIAN_POINT('',(0.464669369171667,0.0229643480787063,-0.118110236220472));
#6512=CARTESIAN_POINT('',(0.473307942567541,0.0188557582928637,-0.118110236220472));
#6513=CARTESIAN_POINT('Ctrl Pts',(0.464669369171667,0.0229643480787063,
-0.118110236220472));
#6514=CARTESIAN_POINT('Ctrl Pts',(0.467513777484942,0.0229643480787063,
-0.118110236220472));
#6515=CARTESIAN_POINT('Ctrl Pts',(0.471885738410903,0.0209627274138086,
-0.118110236220472));
#6516=CARTESIAN_POINT('Ctrl Pts',(0.473307942567541,0.0188557582928637,
-0.118110236220472));
#6517=CARTESIAN_POINT('',(0.464669369171667,0.0229643480787063,-0.103110236220472));
#6518=CARTESIAN_POINT('',(0.464669369171667,0.0229643480787063,1.55260757358464));
#6519=CARTESIAN_POINT('',(0.473307942567541,0.0188557582928637,-0.103110236220472));
#6520=CARTESIAN_POINT('Ctrl Pts',(0.464669369171667,0.0229643480787063,
-0.103110236220472));
#6521=CARTESIAN_POINT('Ctrl Pts',(0.466565641380517,0.0229643480787063,
-0.103110236220472));
#6522=CARTESIAN_POINT('Ctrl Pts',(0.468242437639269,0.0226307446345567,
-0.103110236220472));
#6523=CARTESIAN_POINT('Ctrl Pts',(0.469699757947923,0.0219635377462574,
-0.103110236220472));
#6524=CARTESIAN_POINT('Ctrl Pts',(0.471157078256576,0.0212963308579582,
-0.103110236220472));
#6525=CARTESIAN_POINT('Ctrl Pts',(0.472359806463116,0.0202604043734937,
-0.103110236220472));
#6526=CARTESIAN_POINT('Ctrl Pts',(0.473307942567541,0.0188557582928637,
-0.103110236220472));
#6527=CARTESIAN_POINT('',(0.473307942567541,0.0188557582928637,1.55260757358464));
#6528=CARTESIAN_POINT('Ctrl Pts',(0.473307942567541,0.0188557582928637,
1.55260757358464));
#6529=CARTESIAN_POINT('Ctrl Pts',(0.473307942567541,0.0188557582928637,
-1.78882804602559));
#6530=CARTESIAN_POINT('Ctrl Pts',(0.474519449812084,0.0170121603120369,
1.55260757358464));
#6531=CARTESIAN_POINT('Ctrl Pts',(0.474519449812084,0.0170121603120369,
-1.78882804602559));
#6532=CARTESIAN_POINT('Ctrl Pts',(0.475520260144533,0.01211345710584,1.55260757358464));
#6533=CARTESIAN_POINT('Ctrl Pts',(0.475520260144533,0.01211345710584,-1.78882804602559));
#6534=CARTESIAN_POINT('Ctrl Pts',(0.475520260144533,0.00853160960023371,
1.55260757358464));
#6535=CARTESIAN_POINT('Ctrl Pts',(0.475520260144533,0.00853160960023371,
-1.78882804602559));
#6536=CARTESIAN_POINT('',(0.475520260144533,0.00853160960023371,-0.118110236220472));
#6537=CARTESIAN_POINT('Ctrl Pts',(0.473307942567541,0.0188557582928637,
-0.118110236220472));
#6538=CARTESIAN_POINT('Ctrl Pts',(0.474519449812084,0.0170121603120369,
-0.118110236220472));
#6539=CARTESIAN_POINT('Ctrl Pts',(0.475520260144533,0.01211345710584,-0.118110236220472));
#6540=CARTESIAN_POINT('Ctrl Pts',(0.475520260144533,0.00853160960023371,
-0.118110236220472));
#6541=CARTESIAN_POINT('',(0.475520260144533,0.00853160960023371,-0.103110236220472));
#6542=CARTESIAN_POINT('Ctrl Pts',(0.473307942567541,0.0188557582928637,
-0.103110236220472));
#6543=CARTESIAN_POINT('Ctrl Pts',(0.474115614063903,0.0176266929723125,
-0.103110236220472));
#6544=CARTESIAN_POINT('Ctrl Pts',(0.474686251534159,0.0161957097776708,
-0.103110236220472));
#6545=CARTESIAN_POINT('Ctrl Pts',(0.475019854978309,0.0145628087089385,
-0.103110236220472));
#6546=CARTESIAN_POINT('Ctrl Pts',(0.475353458422458,0.0129299076402062,
-0.103110236220472));
#6547=CARTESIAN_POINT('Ctrl Pts',(0.475520260144533,0.0109195079373046,
-0.103110236220472));
#6548=CARTESIAN_POINT('Ctrl Pts',(0.475520260144533,0.00853160960023371,
-0.103110236220472));
#6549=CARTESIAN_POINT('',(0.475520260144533,0.00853160960023371,1.55260757358464));
#6550=CARTESIAN_POINT('Origin',(0.475520260144533,-5.42895676167668E-5,
1.55260757358464));
#6551=CARTESIAN_POINT('',(0.475520260144533,-5.42895676167668E-5,-0.118110236220472));
#6552=CARTESIAN_POINT('',(0.475520260144533,-0.0315271447838085,-0.118110236220473));
#6553=CARTESIAN_POINT('',(0.475520260144533,-5.42895676167668E-5,-0.103110236220472));
#6554=CARTESIAN_POINT('',(0.475520260144533,-0.0315271447838085,-0.103110236220472));
#6555=CARTESIAN_POINT('',(0.475520260144533,-5.42895676167668E-5,1.55260757358464));
#6556=CARTESIAN_POINT('Origin',(0.418000003142737,0.0303914142300371,1.55260757358464));
#6557=CARTESIAN_POINT('',(0.418000003142737,0.0303914142300371,-0.103110236220472));
#6558=CARTESIAN_POINT('',(0.418000003142737,0.0303914142300371,1.55260757358464));
#6559=CARTESIAN_POINT('',(0.61257886332832,-0.124162059237127,-0.103110236220472));
#6560=CARTESIAN_POINT('Origin',(0.418000003142737,0.0416110247990687,1.55260757358464));
#6561=CARTESIAN_POINT('',(0.418000003142737,0.0416110247990687,-0.103110236220472));
#6562=CARTESIAN_POINT('',(0.418000003142737,0.0416110247990687,1.55260757358464));
#6563=CARTESIAN_POINT('',(0.418000003142737,-0.0106944876004657,-0.103110236220472));
#6564=CARTESIAN_POINT('Origin',(0.446286063591422,0.0184870386966983,1.55260757358464));
#6565=CARTESIAN_POINT('',(0.446286063591422,0.0184870386966983,-0.103110236220472));
#6566=CARTESIAN_POINT('',(0.446286063591422,0.0184870386966983,1.55260757358464));
#6567=CARTESIAN_POINT('',(0.625757679704499,-0.128231843004682,-0.103110236220472));
#6568=CARTESIAN_POINT('Ctrl Pts',(0.446286063591422,0.0184870386966984,
1.55260757358464));
#6569=CARTESIAN_POINT('Ctrl Pts',(0.446286063591422,0.0184870386966984,
-1.78882804602559));
#6570=CARTESIAN_POINT('Ctrl Pts',(0.448603729624462,0.0247025976034858,
1.55260757358464));
#6571=CARTESIAN_POINT('Ctrl Pts',(0.448603729624462,0.0247025976034858,
-1.78882804602559));
#6572=CARTESIAN_POINT('Ctrl Pts',(0.458243113352785,0.0319716410707458,
1.55260757358464));
#6573=CARTESIAN_POINT('Ctrl Pts',(0.458243113352785,0.0319716410707458,
-1.78882804602559));
#6574=CARTESIAN_POINT('Ctrl Pts',(0.465354134135974,0.0319716410707458,
1.55260757358464));
#6575=CARTESIAN_POINT('Ctrl Pts',(0.465354134135974,0.0319716410707458,
-1.78882804602559));
#6576=CARTESIAN_POINT('',(0.465354134135974,0.0319716410707458,-0.103110236220472));
#6577=CARTESIAN_POINT('',(0.465354134135974,0.0319716410707458,1.55260757358464));
#6578=CARTESIAN_POINT('Ctrl Pts',(0.465354134135974,0.0319716410707458,
-0.103110236220472));
#6579=CARTESIAN_POINT('Ctrl Pts',(0.460613453613848,0.0319716410707458,
-0.103110236220472));
#6580=CARTESIAN_POINT('Ctrl Pts',(0.456636549398064,0.0307601338262024,
-0.103110236220472));
#6581=CARTESIAN_POINT('Ctrl Pts',(0.453423421488623,0.0283371193371158,
-0.103110236220472));
#6582=CARTESIAN_POINT('Ctrl Pts',(0.450210293579182,0.0259141048480292,
-0.103110236220472));
#6583=CARTESIAN_POINT('Ctrl Pts',(0.447831174280115,0.0226307446345567,
-0.103110236220472));
#6584=CARTESIAN_POINT('Ctrl Pts',(0.446286063591422,0.0184870386966984,
-0.103110236220472));
#6585=CARTESIAN_POINT('Ctrl Pts',(0.465354134135974,0.0319716410707458,
1.55260757358464));
#6586=CARTESIAN_POINT('Ctrl Pts',(0.465354134135974,0.0319716410707458,
-1.78882804602559));
#6587=CARTESIAN_POINT('Ctrl Pts',(0.470463534254265,0.0319716410707458,
1.55260757358464));
#6588=CARTESIAN_POINT('Ctrl Pts',(0.470463534254265,0.0319716410707458,
-1.78882804602559));
#6589=CARTESIAN_POINT('Ctrl Pts',(0.47736385812536,0.0280210739689741,1.55260757358464));
#6590=CARTESIAN_POINT('Ctrl Pts',(0.47736385812536,0.0280210739689741,-1.78882804602559));
#6591=CARTESIAN_POINT('Ctrl Pts',(0.479576175702352,0.0245972491474386,
1.55260757358464));
#6592=CARTESIAN_POINT('Ctrl Pts',(0.479576175702352,0.0245972491474386,
-1.78882804602559));
#6593=CARTESIAN_POINT('',(0.479576175702352,0.0245972491474386,-0.103110236220472));
#6594=CARTESIAN_POINT('',(0.479576175702352,0.0245972491474386,1.55260757358464));
#6595=CARTESIAN_POINT('Ctrl Pts',(0.479576175702352,0.0245972491474386,
-0.103110236220472));
#6596=CARTESIAN_POINT('Ctrl Pts',(0.47810129731769,0.0268797990284622,-0.103110236220472));
#6597=CARTESIAN_POINT('Ctrl Pts',(0.476213804146844,0.0286795018192693,
-0.103110236220472));
#6598=CARTESIAN_POINT('Ctrl Pts',(0.473913696189812,0.0299963575198599,
-0.103110236220472));
#6599=CARTESIAN_POINT('Ctrl Pts',(0.471613588232781,0.0313132132204505,
-0.103110236220472));
#6600=CARTESIAN_POINT('Ctrl Pts',(0.468760400881501,0.0319716410707458,
-0.103110236220472));
#6601=CARTESIAN_POINT('Ctrl Pts',(0.465354134135974,0.0319716410707458,
-0.103110236220472));
#6602=CARTESIAN_POINT('Ctrl Pts',(0.479576175702352,0.0245972491474386,
1.55260757358464));
#6603=CARTESIAN_POINT('Ctrl Pts',(0.479576175702352,0.0245972491474386,
-1.78882804602559));
#6604=CARTESIAN_POINT('Ctrl Pts',(0.481788493279344,0.0211734243259031,
1.55260757358464));
#6605=CARTESIAN_POINT('Ctrl Pts',(0.481788493279344,0.0211734243259031,
-1.78882804602559));
#6606=CARTESIAN_POINT('Ctrl Pts',(0.483000000523887,0.0136410097185251,
1.55260757358464));
#6607=CARTESIAN_POINT('Ctrl Pts',(0.483000000523887,0.0136410097185251,
-1.78882804602559));
#6608=CARTESIAN_POINT('Ctrl Pts',(0.483000000523887,0.00805754154802111,
1.55260757358464));
#6609=CARTESIAN_POINT('Ctrl Pts',(0.483000000523887,0.00805754154802111,
-1.78882804602559));
#6610=CARTESIAN_POINT('Ctrl Pts',(0.483000000523887,0.00805754154802111,
-0.103110236220472));
#6611=CARTESIAN_POINT('Ctrl Pts',(0.483000000523887,0.0117798536616904,
-0.103110236220472));
#6612=CARTESIAN_POINT('Ctrl Pts',(0.482798082649797,0.0148964121530881,
-0.103110236220472));
#6613=CARTESIAN_POINT('Ctrl Pts',(0.482394246901616,0.0174072170222141,
-0.103110236220472));
#6614=CARTESIAN_POINT('Ctrl Pts',(0.481990411153435,0.0199180218913401,
-0.103110236220472));
#6615=CARTESIAN_POINT('Ctrl Pts',(0.481051054087013,0.0223146992664149,
-0.103110236220472));
#6616=CARTESIAN_POINT('Ctrl Pts',(0.479576175702352,0.0245972491474386,
-0.103110236220472));
#6617=CARTESIAN_POINT('Ctrl Pts',(0.454450568935084,0.0192771521170527,
1.55260757358464));
#6618=CARTESIAN_POINT('Ctrl Pts',(0.454450568935084,0.0192771521170527,
-1.78882804602559));
#6619=CARTESIAN_POINT('Ctrl Pts',(0.456241492687887,0.0211734243259031,
1.55260757358464));
#6620=CARTESIAN_POINT('Ctrl Pts',(0.456241492687887,0.0211734243259031,
-1.78882804602559));
#6621=CARTESIAN_POINT('Ctrl Pts',(0.461298218578155,0.0229643480787063,
1.55260757358464));
#6622=CARTESIAN_POINT('Ctrl Pts',(0.461298218578155,0.0229643480787063,
-1.78882804602559));
#6623=CARTESIAN_POINT('Ctrl Pts',(0.464669369171667,0.0229643480787063,
1.55260757358464));
#6624=CARTESIAN_POINT('Ctrl Pts',(0.464669369171667,0.0229643480787063,
-1.78882804602559));
#6625=CARTESIAN_POINT('',(0.454450568935084,0.0192771521170527,-0.118110236220472));
#6626=CARTESIAN_POINT('Ctrl Pts',(0.454450568935084,0.0192771521170527,
-0.118110236220472));
#6627=CARTESIAN_POINT('Ctrl Pts',(0.456241492687887,0.0211734243259031,
-0.118110236220472));
#6628=CARTESIAN_POINT('Ctrl Pts',(0.461298218578155,0.0229643480787063,
-0.118110236220472));
#6629=CARTESIAN_POINT('Ctrl Pts',(0.464669369171667,0.0229643480787063,
-0.118110236220472));
#6630=CARTESIAN_POINT('',(0.454450568935084,0.0192771521170527,-0.103110236220472));
#6631=CARTESIAN_POINT('',(0.454450568935084,0.0192771521170527,1.55260757358464));
#6632=CARTESIAN_POINT('Ctrl Pts',(0.454450568935084,0.0192771521170527,
-0.103110236220472));
#6633=CARTESIAN_POINT('Ctrl Pts',(0.455644518103619,0.0205413335896197,
-0.103110236220472));
#6634=CARTESIAN_POINT('Ctrl Pts',(0.457084280336265,0.021471911618037,-0.103110236220472));
#6635=CARTESIAN_POINT('Ctrl Pts',(0.458769855633021,0.0220688862023047,
-0.103110236220472));
#6636=CARTESIAN_POINT('Ctrl Pts',(0.460455430929777,0.0226658607865724,
-0.103110236220472));
#6637=CARTESIAN_POINT('Ctrl Pts',(0.462421935442659,0.0229643480787063,
-0.103110236220472));
#6638=CARTESIAN_POINT('Ctrl Pts',(0.464669369171667,0.0229643480787063,
-0.103110236220472));
#6639=CARTESIAN_POINT('Ctrl Pts',(0.451079418341572,0.00753079926778489,
1.55260757358464));
#6640=CARTESIAN_POINT('Ctrl Pts',(0.451079418341572,0.00753079926778489,
-1.78882804602559));
#6641=CARTESIAN_POINT('Ctrl Pts',(0.451079418341572,0.0112706694574621,
1.55260757358464));
#6642=CARTESIAN_POINT('Ctrl Pts',(0.451079418341572,0.0112706694574621,
-1.78882804602559));
#6643=CARTESIAN_POINT('Ctrl Pts',(0.452396274042163,0.0172228572241314,
1.55260757358464));
#6644=CARTESIAN_POINT('Ctrl Pts',(0.452396274042163,0.0172228572241314,
-1.78882804602559));
#6645=CARTESIAN_POINT('Ctrl Pts',(0.454450568935084,0.0192771521170527,
1.55260757358464));
#6646=CARTESIAN_POINT('Ctrl Pts',(0.454450568935084,0.0192771521170527,
-1.78882804602559));
#6647=CARTESIAN_POINT('',(0.451079418341572,0.00753079926778489,-0.118110236220472));
#6648=CARTESIAN_POINT('Ctrl Pts',(0.451079418341572,0.00753079926778489,
-0.118110236220472));
#6649=CARTESIAN_POINT('Ctrl Pts',(0.451079418341572,0.0112706694574621,
-0.118110236220472));
#6650=CARTESIAN_POINT('Ctrl Pts',(0.452396274042163,0.0172228572241314,
-0.118110236220472));
#6651=CARTESIAN_POINT('Ctrl Pts',(0.454450568935084,0.0192771521170527,
-0.118110236220472));
#6652=CARTESIAN_POINT('',(0.451079418341572,0.00753079926778489,-0.103110236220472));
#6653=CARTESIAN_POINT('',(0.451079418341572,0.00753079926778489,1.55260757358464));
#6654=CARTESIAN_POINT('Ctrl Pts',(0.451079418341572,0.00753079926778489,
-0.103110236220472));
#6655=CARTESIAN_POINT('Ctrl Pts',(0.451079418341572,0.010024046060903,-0.103110236220472));
#6656=CARTESIAN_POINT('Ctrl Pts',(0.45129889429167,0.012262700751907,-0.103110236220472));
#6657=CARTESIAN_POINT('Ctrl Pts',(0.451737846191867,0.0142467633407968,
-0.103110236220472));
#6658=CARTESIAN_POINT('Ctrl Pts',(0.452176798092064,0.0162308259296865,
-0.103110236220472));
#6659=CARTESIAN_POINT('Ctrl Pts',(0.45308103900647,0.0179076221884385,-0.103110236220472));
#6660=CARTESIAN_POINT('Ctrl Pts',(0.454450568935084,0.0192771521170527,
-0.103110236220472));
#6661=CARTESIAN_POINT('Origin',(0.451079418341572,0.00753079926778489,1.55260757358464));
#6662=CARTESIAN_POINT('',(0.451079418341572,-5.42895676167668E-5,-0.118110236220472));
#6663=CARTESIAN_POINT('',(0.451079418341572,-0.0277346003661077,-0.118110236220473));
#6664=CARTESIAN_POINT('',(0.451079418341572,-5.42895676167668E-5,-0.103110236220472));
#6665=CARTESIAN_POINT('',(0.451079418341572,-5.42895676167668E-5,1.55260757358464));
#6666=CARTESIAN_POINT('',(0.451079418341572,-0.0277346003661077,-0.103110236220472));
#6667=CARTESIAN_POINT('Origin',(0.451079418341572,-5.42895676167668E-5,
1.55260757358464));
#6668=CARTESIAN_POINT('',(0.714789709170786,-5.42895676167668E-5,-0.118110236220473));
#6669=CARTESIAN_POINT('',(0.714789709170786,-5.42895676167668E-5,-0.103110236220472));
#6670=CARTESIAN_POINT('Origin',(0.9785,-0.0630000000000002,-0.103110236220472));
#6671=CARTESIAN_POINT('Origin',(0.9785,-0.0630000000000002,-0.118110236220472));
#6672=CARTESIAN_POINT('Origin',(0.9785,-0.0630000000000002,-0.118110236220472));
#6673=CARTESIAN_POINT('Origin',(0.321837251111332,-0.083,0.0885));
#6674=CARTESIAN_POINT('',(0.314621286349333,0.0948672670987049,0.0593807649043869));
#6675=CARTESIAN_POINT('Origin',(0.321837251111332,0.0948672670987049,0.0885));
#6676=CARTESIAN_POINT('',(0.314621286349333,-0.083,0.059380764904387));
#6677=CARTESIAN_POINT('Origin',(0.305,-0.083,0.0205551181102362));
#6678=CARTESIAN_POINT('',(0.295378713650667,0.0948672670987049,0.0593807649043869));
#6679=CARTESIAN_POINT('Origin',(0.305,0.0948672670987049,0.0205551181102362));
#6680=CARTESIAN_POINT('',(0.295378713650667,-0.083,0.059380764904387));
#6681=CARTESIAN_POINT('Origin',(0.288162748888668,-0.083,0.0885));
#6682=CARTESIAN_POINT('',(0.288162748888668,0.0948672670987049,0.0585));
#6683=CARTESIAN_POINT('Origin',(0.288162748888668,0.0948672670987049,0.0885));
#6684=CARTESIAN_POINT('',(0.288162748888668,-0.083,0.0585));
#6685=CARTESIAN_POINT('Origin',(0.155,0.0948672670987049,0.0585));
#6686=CARTESIAN_POINT('',(0.281837251111332,0.0948672670987049,0.0585));
#6687=CARTESIAN_POINT('',(0.155,0.0948672670987049,0.0585));
#6688=CARTESIAN_POINT('',(0.281837251111332,-0.083,0.0585));
#6689=CARTESIAN_POINT('Origin',(0.281837251111332,-0.083,0.0885));
#6690=CARTESIAN_POINT('',(0.274621286349333,0.0948672670987049,0.0593807649043869));
#6691=CARTESIAN_POINT('Origin',(0.281837251111332,0.0948672670987049,0.0885));
#6692=CARTESIAN_POINT('',(0.274621286349333,-0.083,0.059380764904387));
#6693=CARTESIAN_POINT('Origin',(0.265,-0.083,0.0205551181102362));
#6694=CARTESIAN_POINT('',(0.255378713650667,0.0948672670987049,0.0593807649043869));
#6695=CARTESIAN_POINT('Origin',(0.265,0.0948672670987049,0.0205551181102362));
#6696=CARTESIAN_POINT('',(0.255378713650667,-0.083,0.059380764904387));
#6697=CARTESIAN_POINT('Origin',(0.248162748888668,-0.083,0.0885));
#6698=CARTESIAN_POINT('',(0.248162748888668,0.0948672670987049,0.0585));
#6699=CARTESIAN_POINT('Origin',(0.248162748888668,0.0948672670987049,0.0885));
#6700=CARTESIAN_POINT('',(0.248162748888668,-0.083,0.0585));
#6701=CARTESIAN_POINT('Origin',(0.155,0.0948672670987049,0.0585));
#6702=CARTESIAN_POINT('',(0.241837251111332,0.0948672670987049,0.0585));
#6703=CARTESIAN_POINT('',(0.155,0.0948672670987049,0.0585));
#6704=CARTESIAN_POINT('',(0.241837251111332,-0.083,0.0585));
#6705=CARTESIAN_POINT('Origin',(0.241837251111332,-0.083,0.0885));
#6706=CARTESIAN_POINT('',(0.234621286349333,0.0948672670987049,0.0593807649043869));
#6707=CARTESIAN_POINT('Origin',(0.241837251111332,0.0948672670987049,0.0885));
#6708=CARTESIAN_POINT('',(0.234621286349333,-0.083,0.059380764904387));
#6709=CARTESIAN_POINT('Origin',(0.225,-0.083,0.0205551181102362));
#6710=CARTESIAN_POINT('',(0.215378713650667,0.0948672670987049,0.0593807649043869));
#6711=CARTESIAN_POINT('Origin',(0.225,0.0948672670987049,0.0205551181102362));
#6712=CARTESIAN_POINT('',(0.215378713650667,-0.083,0.059380764904387));
#6713=CARTESIAN_POINT('Origin',(0.208162748888668,-0.083,0.0885));
#6714=CARTESIAN_POINT('',(0.208162748888668,0.0948672670987049,0.0585));
#6715=CARTESIAN_POINT('Origin',(0.208162748888668,0.0948672670987049,0.0885));
#6716=CARTESIAN_POINT('',(0.208162748888668,-0.083,0.0585));
#6717=CARTESIAN_POINT('Origin',(0.155,0.0948672670987049,0.0585));
#6718=CARTESIAN_POINT('',(0.201837251111332,0.0948672670987049,0.0585));
#6719=CARTESIAN_POINT('',(0.155,0.0948672670987049,0.0585));
#6720=CARTESIAN_POINT('',(0.201837251111332,-0.083,0.0585));
#6721=CARTESIAN_POINT('Origin',(0.201837251111332,-0.083,0.0885));
#6722=CARTESIAN_POINT('',(0.194621286349333,0.0948672670987049,0.059380764904387));
#6723=CARTESIAN_POINT('Origin',(0.201837251111332,0.0948672670987049,0.0885));
#6724=CARTESIAN_POINT('',(0.194621286349333,-0.083,0.059380764904387));
#6725=CARTESIAN_POINT('Origin',(0.155,0.0948672670987049,0.0643445450777351));
#6726=CARTESIAN_POINT('',(0.155,0.0948672670987049,0.0585));
#6727=CARTESIAN_POINT('',(0.155,0.0948672670987049,0.0321722725388675));
#6728=CARTESIAN_POINT('',(0.168162748888668,0.0948672670987049,0.0585));
#6729=CARTESIAN_POINT('',(0.155,0.0948672670987049,0.0585));
#6730=CARTESIAN_POINT('',(0.175378713650667,0.0948672670987049,0.059380764904387));
#6731=CARTESIAN_POINT('Origin',(0.168162748888668,0.0948672670987049,0.0885));
#6732=CARTESIAN_POINT('Origin',(0.185,0.0948672670987049,0.0205551181102362));
#6733=CARTESIAN_POINT('Origin',(0.168162748888668,-0.083,0.0885));
#6734=CARTESIAN_POINT('',(0.175378713650667,-0.083,0.059380764904387));
#6735=CARTESIAN_POINT('',(0.168162748888668,-0.083,0.0585));
#6736=CARTESIAN_POINT('Origin',(0.155,0.0948672670987049,0.0585));
#6737=CARTESIAN_POINT('',(0.155,0.0651836335493524,0.0585));
#6738=CARTESIAN_POINT('Origin',(0.155,0.0948672670987049,-0.0585));
#6739=CARTESIAN_POINT('',(0.155,0.0948672670987049,-0.02925));
#6740=CARTESIAN_POINT('Origin',(0.167,0.0354330708661417,0.));
#6741=CARTESIAN_POINT('',(0.167,0.0354330708661417,0.));
#6742=CARTESIAN_POINT('',(0.167,-0.0354330708661416,4.33929968201817E-18));
#6743=CARTESIAN_POINT('Origin',(0.167,9.20322069559236E-17,0.));
#6744=CARTESIAN_POINT('Origin',(0.167,9.20322069559236E-17,0.));
#6745=CARTESIAN_POINT('Origin',(0.131566929133858,7.25053583868417E-17,
0.));
#6746=CARTESIAN_POINT('',(0.131566929133858,-0.0472440944881889,5.78573290935757E-18));
#6747=CARTESIAN_POINT('Origin',(0.185,-0.083,0.0205551181102362));
#6748=CARTESIAN_POINT('Origin',(0.9785,-0.0630000000000002,-0.118110236220472));
#6749=CARTESIAN_POINT('Origin',(1.605,-0.138,0.));
#6750=CARTESIAN_POINT('Origin',(0.155,0.0355,0.));
#6751=CARTESIAN_POINT('Origin',(0.155,0.0355,0.));
#6752=UNCERTAINTY_MEASURE_WITH_UNIT(LENGTH_MEASURE(0.000393700787401575),
#6757,'DISTANCE_ACCURACY_VALUE',
'Maximum model space distance between geometric entities at asserted c
onnectivities');
#6753=UNCERTAINTY_MEASURE_WITH_UNIT(LENGTH_MEASURE(0.000393700787401575),
#6757,'DISTANCE_ACCURACY_VALUE',
'Maximum model space distance between geometric entities at asserted c
onnectivities');
#6754=(
GEOMETRIC_REPRESENTATION_CONTEXT(3)
GLOBAL_UNCERTAINTY_ASSIGNED_CONTEXT((#6752))
GLOBAL_UNIT_ASSIGNED_CONTEXT((#6757,#6761,#6762))
REPRESENTATION_CONTEXT('','3D')
);
#6755=(
GEOMETRIC_REPRESENTATION_CONTEXT(3)
GLOBAL_UNCERTAINTY_ASSIGNED_CONTEXT((#6753))
GLOBAL_UNIT_ASSIGNED_CONTEXT((#6757,#6761,#6762))
REPRESENTATION_CONTEXT('','3D')
);
#6756=DIMENSIONAL_EXPONENTS(1.,0.,0.,0.,0.,0.,0.);
#6757=(
CONVERSION_BASED_UNIT('inch',#6760)
LENGTH_UNIT()
NAMED_UNIT(#6756)
);
#6758=(
LENGTH_UNIT()
NAMED_UNIT(*)
SI_UNIT(.MILLI.,.METRE.)
);
#6759=(
LENGTH_UNIT()
NAMED_UNIT(*)
SI_UNIT(.CENTI.,.METRE.)
);
#6760=LENGTH_MEASURE_WITH_UNIT(LENGTH_MEASURE(25.4),#6758);
#6761=(
NAMED_UNIT(*)
PLANE_ANGLE_UNIT()
SI_UNIT($,.RADIAN.)
);
#6762=(
NAMED_UNIT(*)
SI_UNIT($,.STERADIAN.)
SOLID_ANGLE_UNIT()
);
#6763=SHAPE_DEFINITION_REPRESENTATION(#6764,#6765);
#6764=PRODUCT_DEFINITION_SHAPE('',$,#6767);
#6765=SHAPE_REPRESENTATION('',(#3643),#6754);
#6766=PRODUCT_DEFINITION_CONTEXT('part definition',#6771,'design');
#6767=PRODUCT_DEFINITION('LIGHTSHEETHOLDER V18R',
'LIGHTSHEETHOLDER V18R',#6768,#6766);
#6768=PRODUCT_DEFINITION_FORMATION('0',$,#6773);
#6769=PRODUCT_RELATED_PRODUCT_CATEGORY('LIGHTSHEETHOLDER V18R',
'LIGHTSHEETHOLDER V18R',(#6773));
#6770=APPLICATION_PROTOCOL_DEFINITION('international standard',
'automotive_design',2009,#6771);
#6771=APPLICATION_CONTEXT(
'Core Data for Automotive Mechanical Design Process');
#6772=PRODUCT_CONTEXT('part definition',#6771,'mechanical');
#6773=PRODUCT('LIGHTSHEETHOLDER V18R','LIGHTSHEETHOLDER V18R',$,(#6772));
#6774=PRESENTATION_STYLE_ASSIGNMENT((#6775));
#6775=SURFACE_STYLE_USAGE(.BOTH.,#6778);
#6776=SURFACE_STYLE_RENDERING_WITH_PROPERTIES($,#6782,(#6777));
#6777=SURFACE_STYLE_TRANSPARENT(0.);
#6778=SURFACE_SIDE_STYLE('',(#6779,#6776));
#6779=SURFACE_STYLE_FILL_AREA(#6780);
#6780=FILL_AREA_STYLE('',(#6781));
#6781=FILL_AREA_STYLE_COLOUR('',#6782);
#6782=COLOUR_RGB('',0.968627450980392,0.968627450980392,0.898039215686275);
ENDSEC;
END-ISO-10303-21;
